gene	U1	U2	U3	U4	F1	F2	F3	F4
ICG89_mgt01	10	12	8	11	13	17	7	29
ICG89_mgt02	0	0	0	0	0	0	0	0
ICG89_mgt03	0	0	0	0	0	0	0	0
ICG89_mgp13	33038	28967	31335	34438	58745	47938	37920	51533
ICG89_mgt04	0	0	0	0	0	0	0	0
ICG89_mgt05	0	0	0	0	0	0	0	0
ICG89_mgt06	0	0	0	0	0	0	0	0
ICG89_mgp12	210929	198281	225181	212840	284400	261135	233106	255241
ICG89_mgt07	0	0	0	0	0	0	0	0
ICG89_mgp11	71254	85739	74727	74184	110008	102337	79472	81909
ICG89_mgt08	0	0	0	0	0	0	0	0
ICG89_mgt09	0	0	0	0	0	0	0	0
ICG89_mgp10	20	19	8	13	21	9	16	15
ICG89_mgp09	18490	18439	15332	15692	23801	19929	19162	22791
ICG89_mgp08	88090	99909	97474	94680	123806	113035	88538	101128
ICG89_mgt10	0	0	0	0	0	0	0	0
ICG89_mgp07	3870	1058	2448	2369	2397	1982	3316	4459
ICG89_mgt11	0	0	0	0	0	0	0	0
ICG89_mgt12	0	0	0	0	0	0	0	0
ICG89_mgt13	0	0	0	0	0	0	0	0
ICG89_mgt14	1	0	0	0	0	0	0	0
ICG89_mgt15	0	0	0	0	0	0	0	0
ICG89_mgt16	0	0	0	0	0	0	0	0
ICG89_mgp06	329	951	452	491	757	601	348	301
ICG89_mgt17	0	0	0	0	0	0	0	0
ICG89_mgp05	412	492	337	296	502	437	364	335
ICG89_mgp04	325	289	281	268	314	288	231	268
ICG89_mgt18	0	0	0	0	0	0	0	0
ICG89_mgt19	0	0	0	0	0	0	0	0
ICG89_mgp03	12667	10675	12052	11747	13488	11446	10479	13946
ICG89_mgp02	37859	47691	40571	39501	54741	48749	38686	37660
ICG89_mgt20	1	2	1	3	3	1	1	1
ICG89_mgp01	30411	26766	34403	35617	39889	36514	23117	27100
ICG89_mgt21	0	0	0	0	0	0	0	0
ICG89_mgr02	1691650	1802775	1789410	1584731	1861881	1718623	1267111	1466276
ICG89_mgt22	0	0	0	0	0	0	0	0
ICG89_mgr01	6329	10938	10532	6624	9134	6400	4374	8386
LOC141451628	8	4	9	1	11	2	10	5
LOC141451617	16	23	17	12	37	24	28	35
woc	2192	2180	2592	2466	3490	2577	2490	2486
LOC141451658	0	0	0	0	1	0	0	2
LOC141451654	1	3	3	2	8	1	3	1
LOC141451659	0	0	0	0	0	0	0	0
Sap47	6817	5140	7990	8184	11004	6407	7021	8340
LOC141451676	55	22	52	46	50	27	32	52
LOC141451699	667	899	709	751	867	870	642	531
LOC141451682	1422	1405	1576	1418	1769	1415	1237	1325
LOC141451700	888	960	971	1023	1349	995	840	670
LOC141451707	2552	2212	2794	2636	4421	2668	2714	3254
tsu	483	492	463	518	866	911	723	669
shd	222	284	283	292	261	168	161	146
LOC141451752	11	10	14	12	16	3	12	3
RpLP2	5198	6218	5410	4072	4979	7960	7454	4745
LOC141451839	2149	2126	2760	2315	3190	4206	4172	2911
Bin1	318	345	271	325	569	574	471	483
Tbce	838	871	921	882	1099	1052	902	862
Gk1	834	820	817	601	192	419	422	201
Ogg1	279	288	293	291	432	439	328	300
KFase	1200	1555	1701	1309	1687	1822	1497	1273
LOC141451887	1	0	0	1	3	2	1	0
LOC141451831	245	231	255	206	301	209	165	252
LOC141451758	272	258	324	377	499	328	262	325
LOC141451773	707	624	895	809	1137	967	907	920
LOC141451960	1840	1608	2150	1925	2737	2125	1855	2039
LOC141451890	1680	1523	2154	1948	2649	1870	2130	2016
LOC141452029	1660	1609	1748	1735	2722	2655	2371	2068
LOC141452065	152	218	193	184	253	250	175	144
LOC141451949	1	0	1	2	6	3	0	2
LOC141452025	528	432	582	501	693	637	596	517
MED18	546	503	588	567	1325	959	901	990
Pcl	458	318	605	453	615	363	364	481
LOC141452078	80	104	98	73	116	96	77	52
CCDC151	8	13	13	12	19	19	5	2
N	1634	1413	2149	2093	2827	1775	2058	2261
IleRS-m	463	473	517	505	868	970	881	793
C3G	2165	1601	2647	2426	2445	1397	1661	2012
LOC141452045	255	229	266	265	563	393	348	382
LOC141452020	385	352	347	341	784	756	728	568
LOC141452015	414	476	494	461	970	1177	1121	862
LOC141452090	185	131	87	65	29	37	126	21
LOC141452085	284	20	118	463	34	73	792	143
LOC141452107	497	477	563	478	628	491	406	459
LOC141452116	84	75	114	71	178	87	48	84
LOC141452125	459	539	530	517	837	766	685	639
shakB	35	48	15	21	16	19	7	13
LOC141452150	1	0	4	1	4	0	1	1
LOC141452160	1	0	0	0	1	0	0	0
pot	543	410	843	957	494	431	466	884
LOC141452237	3503	3177	4394	4314	5477	3738	4140	3898
LOC141452575	45	26	61	49	69	36	38	41
LOC141452435	124	178	142	142	226	186	118	95
LOC141452522	47	32	48	40	20	23	20	15
Vps16B	473	418	415	331	655	584	534	613
Cipc	590	480	722	921	1509	792	872	1123
LOC141452375	547	531	627	597	1041	794	689	750
LOC141452384	311	273	490	420	374	322	388	393
LOC141452560	33	33	24	27	25	29	7	22
LOC141452431	22	34	70	39	21	114	99	48
LOC141452395	52	12	91	51	118	76	154	220
LOC141452410	63	77	54	68	88	70	43	33
LOC141461956	272	280	314	310	411	346	280	332
LOC141452258	2311	1884	2842	2441	3619	1952	2053	2695
LOC141452583	0	0	1	2	0	1	2	1
LOC141452581	3	6	5	6	2	3	2	4
LOC141452253	8	4	4	6	12	6	5	8
gogo	1102	859	1341	1192	1877	987	1149	1384
LOC141452496	25	107	151	61	28	85	33	31
LOC141452171	165	276	133	110	6	489	486	7
LOC141452166	91	265	270	173	35	180	89	62
LOC141452180	5	21	48	4	12	36	18	9
LOC141452191	165	505	349	202	105	435	308	61
LOC141452489	186	400	467	272	59	238	433	134
LOC141452479	244	456	265	224	24	206	235	41
LOC141452462	270	415	235	184	32	197	342	48
LOC141462174	0	0	0	0	0	0	0	0
LOC141452514	0	0	0	7	0	0	0	0
LOC141452451	24	27	64	19	6	45	19	7
LOC141452508	128	159	272	150	19	60	93	36
LOC141446336	0	0	0	0	0	0	0	0
LOC141446337	0	0	0	0	0	0	0	0
LOC141452503	0	2	1	0	1	0	1	2
LOC141452216	2	3	5	3	6	5	3	3
LOC141445975	0	1	0	1	0	0	1	1
LOC141452224	0	0	1	0	0	0	0	1
LOC141452230	0	1	2	0	0	1	1	2
LOC141452526	1	1	3	0	0	1	0	1
LOC141446025	2	0	0	2	1	0	0	0
LOC141452597	2632	4241	1498	2300	1225	940	692	434
LOC141452589	1208	1518	817	1003	574	898	1488	436
LOC141450397	8	1	6	13	2	12	5	5
LOC141450536	620	774	753	715	1612	1893	1471	1258
LOC141451251	18	16	39	47	29	23	6	26
Pdhb	875	869	1046	1079	1502	1455	1471	1177
LOC141449989	1	2	4	10	2	4	3	5
LOC141449886	419	529	441	461	581	710	535	421
Sce	171	233	239	224	356	299	276	240
LOC141446089	5	1	1	14	4	0	4	5
LOC141446178	617	1185	1510	676	73	1014	1273	198
LOC141451109	1	10	2	3	0	1	2	0
LOC141448688	53	121	86	62	14	146	73	18
LOC141448788	116	206	165	83	25	164	104	17
LOC141448588	19	21	30	19	11	21	30	28
FRG1	1509	2000	1583	1641	601	643	339	298
LOC141448501	1239	1871	1639	920	187	2734	3105	98
LOC141449264	112	137	144	73	15	72	8	7
LOC141448368	3	0	0	0	0	26	76	0
LOC141448120	198	288	218	195	0	1125	1153	22
form3	412	502	506	382	124	544	469	99
LOC141447762	682	669	800	801	1182	971	912	939
LOC141448994	325	349	325	345	658	400	353	452
Isha	677	484	861	739	1023	754	977	827
LOC141447196	1322	1106	1483	1278	1476	1189	1135	1105
LOC141448894	118	93	115	101	160	212	161	116
LOC141451174	2	1	0	1	1	0	0	0
Prim1	28	26	35	39	93	143	83	69
LOC141451004	46	48	36	45	37	49	57	40
Urod	0	0	0	0	0	0	0	0
abs	573	581	642	613	915	791	766	750
LOC141447403	1997	1542	2388	2429	3237	2067	2330	2538
Tasp1	1237	1515	1672	1248	2498	1737	1562	1738
Rop	961	611	1279	1250	1436	1199	1433	1704
LOC141447970	329	246	381	285	545	398	441	424
LOC141450338	14	12	18	22	27	29	20	33
LOC141449573	8	7	9	4	13	1	7	2
LOC141450083	513	518	591	565	955	701	683	632
poe	4103	3172	4773	4502	5746	4117	4883	5022
LOC141451141	0	0	0	0	0	0	0	0
LOC141451296	13	13	33	22	33	21	24	15
LOC141449740	3626	3423	4228	3349	2925	2855	2699	2259
LOC141450239	0	0	1	0	1	0	0	0
LOC141450191	0	4	0	0	5	1	2	0
LOC141450490	0	1	0	1	1	0	0	0
raskol	3870	2927	4667	4479	7457	4310	4955	5293
LOC141452614	2	2	0	0	1	0	1	1
TRNAL-UAA	0	0	0	1	0	0	0	0
LOC141450753	8843	9224	10322	10450	14078	7934	7267	9909
LOC141451216	11	20	22	20	22	13	8	8
LOC141447566	221	113	211	291	52	58	46	48
LOC141452619	19	17	10	30	45	31	23	19
LOC141452636	7	8	2	18	22	18	14	11
LOC141452647	0	1	1	3	0	1	1	0
LOC141452679	1	0	2	0	1	2	0	1
LOC141452673	0	0	0	0	0	0	0	0
LOC141446289	0	0	0	0	0	0	0	0
jeb	841	854	719	658	1373	1004	742	966
sev	1880	1778	2474	2561	2944	1934	1853	2038
LOC141452704	655	770	794	680	913	777	643	667
LOC141452758	476	426	514	383	661	415	439	611
LOC141452816	5	4	1	1	2	0	5	2
LOC141446331	0	1	1	1	0	1	2	0
LOC141446392	0	0	2	0	0	0	0	0
Mvb12	984	1033	1260	1121	1391	1075	1019	1050
LOC141452747	3474	2959	3878	3776	5321	3272	3375	3637
LOC141452837	84	63	101	117	113	53	65	90
LOC141452765	176	131	128	126	202	115	128	143
NC2beta	406	451	460	370	842	730	666	570
LOC141452780	2	3	5	2	2	2	3	4
LOC141452718	286	600	818	382	20	174	145	47
LOC141452754	380	351	393	367	578	434	340	434
Dcr-1	641	546	700	708	863	726	643	681
LOC141452834	0	0	0	0	1	0	0	0
LOC141452844	0	2	3	1	2	1	1	2
LOC141446314	0	0	0	0	0	0	0	0
LOC141446396	0	0	0	0	0	0	0	0
LOC141446376	0	0	0	0	0	0	0	0
LOC141446403	0	0	0	0	0	0	0	0
LOC141446397	0	0	0	0	0	0	0	0
LOC141446387	0	0	0	0	0	0	0	0
LOC141452864	0	0	3	0	2	0	0	0
LOC141452859	10	25	20	32	2	17	2	0
LOC141452853	0	0	0	0	2	0	0	0
LOC141446342	0	0	0	0	0	0	0	0
LOC141446404	0	0	0	0	0	0	0	0
LOC141446354	0	0	1	0	0	0	0	0
LOC141446398	0	0	0	0	0	0	0	0
LOC141446400	0	0	0	0	0	0	0	0
LOC141446365	0	0	0	0	0	0	0	0
LOC141446401	0	0	0	0	0	0	0	0
LOC141446388	0	0	0	0	1	0	0	0
LOC141451194	1	0	0	0	0	0	0	0
LOC141446389	0	0	0	0	0	0	0	0
LOC141446390	0	0	0	0	0	0	0	0
LOC141446391	0	0	0	0	0	0	0	0
LOC141446393	0	0	0	0	0	0	0	0
LOC141446411	0	0	0	0	0	0	0	0
LOC141446394	0	0	0	0	0	0	0	1
Cph	419	266	472	467	801	450	428	642
LOC141452871	9	5	5	4	15	10	4	19
LOC141446402	0	0	0	0	0	0	0	0
LOC141446399	0	0	0	0	0	0	0	0
LOC141446325	0	0	0	0	0	0	0	0
LOC141446395	0	0	0	0	0	0	0	0
LOC141453012	1129	1029	1215	1212	1645	1220	1220	1180
LOC141453784	244	287	223	281	523	595	573	452
LOC141452882	2	0	1	2	2	3	1	3
LOC141452878	0	0	0	3	2	0	0	2
LOC141452895	38	27	28	27	38	27	28	41
LOC141452885	0	0	2	1	2	0	0	0
LOC141452887	0	0	1	1	0	0	0	0
Atf3	177	145	215	231	192	160	212	185
LOC141454996	229	254	229	242	433	709	597	344
LOC141453665	210	294	297	212	194	230	202	167
LOC141454885	1005	1239	1288	1164	1919	1578	1427	1588
LOC141455059	1202	1106	1310	1207	1361	822	809	788
LOC141454248	159	165	184	162	244	197	193	196
LOC141451718	238	216	292	228	389	309	321	371
nocte	6881	4992	8870	7942	10564	7837	10515	9927
LOC141455097	2	1	2	3	1	1	1	2
LOC141454828	104	100	114	118	181	120	91	109
Sardh	3454	3544	4289	4051	4003	2808	2113	2380
LOC141455145	29	27	45	35	46	38	43	40
mtm	509	422	493	554	950	805	890	704
tyn	68	66	88	95	169	130	97	127
Rrp4	360	391	357	278	316	373	290	276
Surf4	2147	2158	3187	2134	1923	2290	2525	1614
Smyd4-3	99	67	115	120	116	120	79	91
Nup54	616	589	698	628	1071	1016	862	938
LOC141454303	451	1012	603	517	104	874	899	182
Mys45A	610	1178	1939	682	789	1277	1185	800
LOC141451431	2248	2140	2579	2532	3359	2775	3017	2588
LOC141454494	6	3	21	11	5	3	22	6
LOC141455210	161	174	111	165	137	144	90	81
LOC141451645	2769	2109	2984	3152	4665	2559	2944	3683
iav	249	200	235	204	299	238	191	272
Ercc1	267	352	311	333	545	460	371	362
Uck	1978	2035	2268	2319	4385	3368	3504	3425
Hsc70-3	5966	8111	7646	9482	18314	20773	24063	15567
LOC141452910	189	248	157	211	405	446	472	338
LOC141452933	63	36	39	104	33	17	37	58
Eaf6	210	195	255	176	289	342	304	198
Pex2	234	174	222	185	272	308	253	196
LOC141453074	0	0	0	0	0	0	0	0
LOC141452976	160	72	72	76	99	109	149	78
LOC141453073	40	37	57	61	70	26	43	48
LOC141453004	172	205	219	214	318	222	181	233
Atf6	745	684	837	710	1318	1109	967	908
LOC141453047	91	120	104	112	167	150	106	118
LOC141453193	106	103	146	165	203	159	136	222
LOC141453238	843	254	865	1314	113	120	211	330
LOC141453347	0	0	2	0	0	0	1	0
LOC141453246	1	1	3	4	9	22	4	9
LOC141453248	1828	1555	1910	1732	2657	1588	1467	2090
LOC141453340	4	0	2	2	3	0	2	1
LOC141453334	4	2	3	1	8	0	5	2
LOC141453197	322	324	541	567	394	364	407	624
LOC141453103	0	0	0	0	1	1	3	2
Gasp	136	79	180	245	255	211	266	619
LOC141453325	18	17	21	15	39	35	14	24
LOC141453321	39	43	39	40	56	70	45	51
LOC141453125	737	611	862	814	1254	780	794	920
LOC141453327	83	43	57	54	112	65	67	84
LOC141453274	0	0	3	0	0	0	0	0
LOC141453271	0	0	0	1	1	0	1	0
LOC141453259	0	0	0	0	0	0	0	0
LOC141453079	0	0	0	0	0	0	2	0
LOC141453138	0	0	0	0	0	1	0	0
mus81	243	206	283	262	474	366	352	313
atms	205	159	190	185	357	293	326	300
Mcm2	31	39	54	41	214	391	176	136
LOC141453278	82	59	111	129	60	47	38	56
didum	896	903	1030	1094	1459	1075	1033	1077
LOC141453417	6	2	3	0	1	3	1	0
LOC141453354	753	413	535	810	824	500	668	776
LOC141453371	356	323	303	326	423	415	302	320
LOC141453423	0	0	0	1	0	0	0	0
NT1	15	5	14	16	11	10	19	34
LOC141453392	0	0	0	0	0	0	0	0
LOC141453436	355	438	286	490	667	409	248	325
LOC141460549	150	188	155	293	332	196	137	166
LOC141453428	1	0	0	0	1	0	0	2
LOC141453438	20	6	155	16	10	23	25	56
LOC141453444	28	0	17	31	1	0	1	34
LOC141451203	1	0	0	0	0	0	0	0
LOC141451211	0	0	0	0	0	0	0	0
LOC141451213	0	0	0	0	0	0	0	0
LOC141451217	0	0	0	0	0	0	0	0
LOC141453449	30	0	55	79	7	2	4	89
LOC141451220	0	0	0	0	0	0	0	0
LOC141451223	0	0	0	0	0	0	0	0
LOC141453453	0	0	0	0	0	0	0	0
LOC141451242	0	0	0	0	0	0	0	1
LOC141451248	0	2	0	0	0	2	0	0
LOC141446315	0	2	1	0	0	0	0	0
LOC141451401	0	0	0	0	0	0	0	0
LOC141451260	0	0	0	0	0	0	0	0
LOC141453466	0	0	0	0	0	0	0	1
LOC141453477	2	0	1	0	0	0	0	0
LOC141453487	1	1	2	0	0	1	3	26
LOC141451270	17	0	6	20	0	2	3	18
LOC141453473	0	0	0	0	3	0	0	0
LOC141453469	0	0	0	0	1	0	1	0
LOC141446316	0	0	0	0	0	0	0	0
LOC141453649	1	1	4	5	5	3	1	1
LOC141453662	1	1	3	3	2	10	2	2
LOC141453629	0	0	0	0	0	0	0	0
LOC141453634	61	47	42	32	64	41	60	55
LOC141453500	0	0	0	0	0	0	0	0
LOC141453640	1	0	0	1	2	2	2	2
LOC141453644	0	0	0	0	0	1	0	0
LOC141453624	0	0	0	1	0	0	3	0
LOC141453504	0	1	2	0	0	0	0	2
LOC141453511	0	0	0	0	0	0	0	0
LOC141451281	0	0	0	0	0	0	0	0
LOC141453534	1	0	0	1	1	0	0	1
LOC141453540	0	2	2	1	2	0	3	1
LOC141453605	5	3	6	4	2	4	1	2
LOC141453559	1	1	0	2	2	5	0	1
LOC141453568	1	1	0	0	1	0	0	1
LOC141453573	452	336	436	422	764	475	444	513
Cad74A	397	312	457	435	310	261	407	374
LOC141453687	186	235	256	273	451	448	397	400
app	1201	950	1517	1310	1596	1314	1413	1180
LOC141453692	187	215	228	244	329	346	351	266
Sms	660	722	640	710	1236	997	836	846
LOC141453710	1291	1540	1483	1542	3017	3857	4514	2864
LOC141453743	16	10	33	17	40	53	47	50
LOC141453762	1830	1609	2151	2136	3165	2195	2233	2310
LOC141453774	487	584	543	534	742	824	836	538
LOC141453786	18	14	28	24	17	14	14	20
LOC141453802	24	10	10	20	7	7	10	14
LOC141453872	193	135	207	148	192	174	167	154
LOC141453905	57	55	74	54	92	61	35	45
LOC141453811	966	851	1143	1091	1701	1434	1614	1362
LOC141453827	258	175	262	266	338	140	200	273
LOC141453836	174	124	151	169	303	192	123	190
Obp59a	14	16	19	14	20	11	11	30
Dera	234	283	256	252	401	590	575	304
LOC141460049	87	65	95	75	150	121	96	92
smash	2599	2658	2749	2590	2028	2342	2574	1490
LOC141456494	113	108	161	163	219	143	124	155
KaiR1D	1434	1193	1507	1995	2657	1537	1689	2227
LOC141456309	750	1017	896	1518	1161	1169	642	749
Notum	187	165	285	352	307	235	191	227
LOC141458052	1683	1531	1793	1882	2818	1891	1344	1778
LOC141458518	744	713	910	946	1246	814	739	938
LOC141460473	1335	1433	1363	1411	2083	2039	1573	1648
Cul5	709	641	845	781	1421	974	1053	949
sra	557	432	650	616	1009	673	700	759
LOC141456809	1420	1296	1610	1414	1772	1171	1227	1167
Non3	388	390	362	392	612	796	746	569
LOC141458889	613	632	734	733	1274	974	947	1131
unc79	5978	4791	6480	6185	8452	4311	4200	5901
LOC141460569	11	5	17	10	15	7	3	14
PolE2	58	40	58	57	107	116	94	82
LOC141457636	1213	2312	1094	390	143	411	554	124
Cortactin	1741	1944	1965	1879	2485	2421	2347	1846
LOC141459506	1354	1285	1256	1258	1592	2740	2733	1322
LOC141457060	168	154	233	260	225	225	219	239
CysRS-m	142	141	149	140	231	221	202	169
LOC141456107	630	551	724	676	1024	778	597	647
LOC141460306	205	258	259	221	446	342	274	325
LOC141458247	113	101	137	144	174	134	102	125
LOC141460539	20	22	31	20	28	18	18	28
LOC141459790	1421	1139	1388	1363	2316	1324	1217	1706
LOC141458562	155	164	195	173	233	167	159	178
LOC141457742	1429	1273	1651	1345	1228	1368	1992	963
Cln7	556	576	677	574	899	749	700	555
LOC141460509	0	0	0	0	1	2	0	1
LOC141458657	24	24	26	22	29	28	15	17
Tsp96F	1207	1255	1580	1477	1958	1337	1136	1225
Cap-H2	132	135	126	121	212	147	196	129
Ubc6	670	694	740	720	1342	1145	1077	945
LOC141456760	660	626	682	573	350	453	503	255
LOC141458964	188	234	225	237	246	254	267	249
LOC141459072	1049	1090	1223	1143	1833	1422	1232	1352
LOC141458176	164	134	184	145	211	147	126	139
LOC141458343	554	515	620	596	880	846	820	622
disp	461	416	488	544	774	567	452	533
LOC141456204	2090	1953	2425	2257	3659	2304	2335	2597
Hen1	542	525	602	604	1067	817	725	769
LOC141460614	579	518	629	539	901	497	543	620
LOC141460915	39	108	29	9	15	309	1583	13
TRNAL-CAA	0	0	0	0	0	0	0	0
LOC141462237	0	0	5	5	2	3	1	4
LOC141446318	0	0	0	0	0	0	0	0
LOC141453929	12	8	24	10	8	13	4	15
LOC141453933	34	17	49	45	47	25	32	193
LOC141453994	285	296	294	361	505	307	244	325
LOC141453940	0	0	0	1	0	0	0	0
LOC141453944	0	0	0	0	0	0	0	0
TRNAL-UAA_1	0	0	0	0	0	0	0	0
LOC141453977	312	287	356	369	430	350	305	282
Trs20	165	178	177	162	248	230	183	194
Naam	654	392	549	396	350	382	317	319
LOC141453947	33	6	29	9	41	7	18	40
LSm-4	544	599	557	603	1093	778	602	794
EMC7	722	761	749	849	1302	1173	1034	920
Surf6	275	272	250	254	538	695	797	446
LOC141454035	837	931	917	871	1597	1521	1372	1143
LOC141454075	154	89	184	165	170	115	139	196
LOC141454108	0	0	3	2	0	0	1	0
LOC141454105	1	0	0	0	0	0	1	2
sick	4524	4035	5622	5650	8155	4770	5167	5743
LOC141454029	401	431	501	441	998	961	1071	845
LOC141454057	0	1	0	6	3	3	0	3
LOC141454101	3	7	8	8	12	4	13	12
LOC141454093	1	3	4	0	3	0	0	4
LOC141454048	0	1	0	3	2	1	2	0
LOC141446169	166	100	178	180	233	145	149	225
LOC141462364	24	17	26	30	68	20	33	36
LOC141446107	1337	1145	1671	1540	2406	1582	1706	1479
LOC141446312	34	22	47	25	62	21	26	27
LOC141446137	1077	981	1247	842	665	690	561	482
LOC141462277	1270	1091	1350	1193	1653	1395	1209	1312
Ktl	1952	1635	2295	1926	3545	2023	1930	2633
LOC141446246	190	194	178	160	280	218	181	210
LOC141446001	1609	1399	1812	1669	2313	1548	1654	1640
LOC141446099	323	317	342	394	648	475	389	531
LOC141446227	302	283	318	330	455	392	403	437
LOC141445980	64	22	109	32	96	101	69	46
Ccs	376	331	364	415	620	610	626	513
mRpS10	276	292	337	276	494	442	404	372
RSG7	1343	1109	1459	1445	2082	1381	1330	1513
LOC141446304	11	4	7	4	20	6	8	22
Unc50	128	122	130	102	229	201	181	178
LOC141446065	93	121	93	97	134	131	100	86
LOC141446020	670	572	624	657	905	671	725	561
LOC141446278	217	301	290	355	335	293	208	198
LOC141446177	5561	6308	5796	5484	6291	4399	4061	3725
Drip	443	197	279	422	124	139	507	164
LOC141454112	1	1	0	0	0	0	1	0
LOC141446173	330	356	379	359	349	415	343	286
LOC141446144	156	163	164	147	255	225	209	167
LOC141446259	1467	1443	1653	1775	2455	1889	1675	1912
LOC141446052	370	343	431	333	517	293	271	295
LOC141446297	13	13	11	13	7	4	8	7
LOC141446006	679	620	735	703	986	677	537	597
LOC141446077	826	799	1007	1005	1765	1650	1685	1518
Sclp	202	213	224	222	216	181	125	165
LOC141446307	7	2	10	8	1	0	5	7
wds	850	882	1116	826	989	950	767	792
LOC141446317	2180	1850	2772	2370	2800	1873	2083	2252
LOC141446561	2	1	0	1	4	0	3	2
LOC141446552	193	162	260	179	281	181	192	187
LOC141446487	154	54	205	72	198	117	122	117
Fibp	290	250	308	287	358	357	311	307
Pdzd8	1333	1083	1544	1477	1756	1058	1110	1341
LOC141446512	6	6	5	7	6	1	2	0
Ufl1	1267	1159	1337	1068	1234	1764	1976	1149
LOC141446539	661	676	637	633	808	733	647	636
LOC141446458	4	1	3	1	1	2	6	2
LOC141454190	9	11	8	13	6	15	10	3
AP-1-2beta	2340	2235	2535	2531	4262	3416	3138	3336
PSMG1	406	430	460	471	758	737	730	645
RpS23	1589	1832	1675	1475	2169	3389	2917	2099
LOC141446372	0	0	1	4	3	2	1	0
LOC141446373	3	4	2	5	1	1	12	1
LOC141446374	0	0	1	3	6	4	2	0
LOC141454168	469	116	84	349	79	3070	3064	237
LOC141454297	5	0	1	1	1	8	8	9
LOC141454340	1	1	1	0	2	0	3	1
LOC141454118	1314	1107	1632	1445	1974	1388	1683	1432
LOC141454246	1	0	0	0	3	0	2	1
LOC141454337	0	0	0	1	5	0	2	7
Cdc7	361	303	375	443	461	496	476	434
LOC141454238	0	0	0	0	1	0	0	3
LOC141454265	334	362	370	320	470	388	346	317
msl-3	1799	1801	1964	1928	3210	2537	2270	2319
LOC141454251	238	231	258	184	275	215	190	206
LOC141454224	343	372	377	380	305	210	159	254
fzy	12	11	20	22	66	126	82	52
LOC141454228	244	275	307	284	450	455	445	347
LOC141454207	255	198	251	322	194	193	186	191
Smyd3	522	485	489	521	826	688	607	543
COX8	1628	1747	1749	1591	2250	2084	1611	1949
sws	1493	1381	1688	1587	2561	1863	1756	1939
LOC141454146	1748	2029	2469	2312	3407	2086	2584	2336
LOC141454329	0	0	0	0	0	0	2	0
LOC141454333	1	0	0	0	1	0	0	0
LOC141454314	1	0	2	0	1	1	1	2
LOC141454304	18	6	14	10	9	6	6	3
LOC141454320	1	2	1	2	2	0	0	0
Rrp45	290	312	353	286	642	554	588	519
Mtap	759	837	845	720	1098	1506	1358	739
LOC141454366	579	569	586	594	823	966	899	644
LOC141454444	363	348	370	358	526	392	283	361
LOC141454448	406	451	433	379	620	639	509	495
LOC141454387	367	336	365	337	414	336	264	231
LOC141454412	997	825	1038	974	1867	1322	1263	1240
BBS5	139	129	127	130	185	165	118	139
LOC141454349	1978	1659	2117	2384	2454	1694	1352	1688
LOC141454376	411	440	470	425	464	585	629	370
LOC141454483	1040	1038	1272	1328	1843	1140	1098	1269
jagn	219	222	250	283	372	352	508	294
osa	2979	2277	3577	3543	5151	3222	3901	3937
LOC141454517	3	2	5	1	4	8	1	5
LOC141454510	85	99	77	83	194	192	174	140
LOC141454503	328	307	347	342	434	417	402	382
LOC141454495	141	145	133	136	208	197	171	131
LOC141454521	1530	1715	1691	1951	2484	1932	1957	1857
LOC141454612	0	0	0	0	0	0	0	0
LOC141454532	13	14	9	16	16	13	7	8
LOC141454591	2021	1332	2226	2059	2266	1143	1164	1641
LOC141454565	386	512	408	399	459	451	344	331
koko	172	173	176	167	568	569	467	429
LOC141454547	0	0	0	0	1	2	0	0
Lsm10	54	41	54	41	64	78	73	49
LOC141454541	334	306	323	331	716	532	518	547
Rrp46	330	339	359	268	592	598	509	428
LOC141454618	3	2	0	0	7	1	3	1
LOC141454655	501	440	503	543	757	360	349	565
trh	357	294	369	422	449	310	463	376
LOC141454673	1	1	0	0	0	0	0	1
LOC141451287	0	0	0	0	3	0	0	0
klar	2891	2450	3639	3233	3234	2203	2457	2391
LOC141454676	1	1	5	2	2	0	0	0
Srp54k	1081	1059	1210	1217	1830	2108	2196	1371
LOC141454672	999	933	1109	1173	2036	1243	1192	1597
LOC141454665	23	0	3	22	17	13	13	20
LOC141454682	2	1	0	0	2	2	0	0
LOC141454694	101	9	12	24	75	38	33	43
LOC141454687	5	3	0	0	4	2	1	0
LOC141451292	2	0	0	0	0	0	0	0
LOC141454701	2	3	1	0	0	0	2	0
LOC141454714	0	1	0	0	0	1	1	1
LOC141454720	0	1	0	0	0	0	0	0
LOC141454710	0	0	0	1	0	0	0	0
LOC141454709	0	0	1	0	1	1	0	0
LOC141454724	0	1	2	0	1	0	0	1
LOC141454728	0	0	0	0	0	0	0	0
LOC141454734	690	585	815	818	1055	603	575	738
LOC141454744	4438	3918	5372	5220	7707	4803	5765	5752
LOC141454941	0	0	1	0	0	0	0	2
Acat2	286	287	294	290	444	380	381	299
LOC141454922	74	84	84	86	95	49	48	54
LOC141454989	1	3	1	2	0	4	0	0
LOC141454945	120	147	144	153	224	127	137	126
LOC141454960	2105	1932	2240	1777	996	915	800	804
LOC141454967	285	355	391	313	301	280	218	218
kri	264	229	289	236	461	379	373	363
LOC141446319	1252	939	1359	1420	1925	1337	1411	1419
LOC141454991	72	53	58	89	80	49	47	39
LOC141455000	0	0	0	0	2	0	1	0
LOC141455007	4	8	3	0	4	6	4	6
LOC141451301	3	6	5	2	0	5	8	2
LOC141455010	1	0	4	2	5	3	3	5
LOC141451307	0	0	0	0	0	0	0	0
LOC141451312	0	0	0	0	1	0	0	0
Pdss2	1013	884	1172	1241	1269	1264	1472	1069
LOC141455178	288	340	324	337	517	439	445	346
LOC141455069	326	342	342	361	609	643	732	516
LOC141455070	953	979	1078	1060	1372	1045	1022	909
Rpn12	790	842	838	732	1228	1477	1324	1012
LOC141455249	1330	1314	1402	1293	2327	2033	1798	1632
Grp170	2844	2775	3252	3440	5843	5833	6176	4913
LOC141455133	444	376	401	383	639	552	426	455
LOC141455020	3693	2830	4003	4073	5795	3635	4121	4103
LOC141455228	32	22	33	40	44	20	16	17
LOC141455195	35	33	40	43	27	21	18	17
LOC141455217	1	1	1	3	1	2	0	0
LOC141455239	11	9	10	7	14	1	2	3
LOC141455237	15	18	25	16	6	8	8	7
LOC141455185	193	223	198	165	207	489	463	170
LOC141455207	13	11	20	20	21	8	10	17
LOC141455115	198	266	302	260	108	1096	871	95
LOC141455223	8995	9760	11055	9820	12144	9127	6998	9875
MICU3	714	652	794	677	1161	789	618	826
bnl	168	172	220	251	475	347	346	334
LOC141455017	0	0	0	0	0	0	0	0
pasi1	263	256	352	264	313	217	159	198
Svip	775	731	859	870	1057	889	848	746
LOC141455275	1214	949	1452	1358	2113	1145	1255	1570
LOC141455355	271	254	317	277	495	390	316	425
RpS13	2373	2752	2179	1932	2197	3113	2678	2105
LOC141455359	473	523	535	529	676	697	681	563
LOC141455437	278	272	265	276	405	342	320	297
Scm	1040	1034	1225	1194	1513	1090	1203	1230
LOC141455445	336	328	378	286	441	280	281	333
IscU	3178	3259	3645	3118	4203	3119	2649	3308
spel1	683	671	856	679	792	646	517	557
LOC141455316	2026	3245	5223	2185	166	983	1373	509
LOC141446423	0	0	0	1	0	0	0	0
LOC141455379	351	319	356	459	703	548	551	507
LOC141455300	805	649	812	793	1165	881	843	840
pix	828	955	1026	906	1545	1914	1949	1302
Rab39	1948	1846	2101	2085	2787	2205	2096	2072
LOC141455327	967	994	1109	1017	1184	980	1054	768
LOC141455461	300	281	306	290	433	245	232	280
LOC141455517	116	107	115	110	143	88	65	89
Nmdar1	7421	6215	8269	8225	11128	6275	6104	8364
LOC141455424	464	546	550	500	808	750	618	652
LOC141455403	37	36	38	32	43	24	29	27
LOC141455529	30	38	26	35	64	41	37	33
LOC141455478	164	99	166	149	232	170	168	176
LOC141451317	2	0	3	0	4	0	0	0
LOC141446634	11164	11168	12544	13016	19200	13918	13269	15022
LOC141446627	1	1	0	0	0	1	0	0
LOC141446587	158	254	230	300	294	841	1425	540
LOC141446567	2722	2126	3145	2959	4264	2429	2435	3018
LOC141446616	2	8	1	6	1	9	4	6
mAChR-A	1849	1367	2039	1784	2903	1482	1556	2286
LOC141447126	1	2	3	1	1	0	2	0
LOC141447194	0	0	0	0	0	0	0	0
bs	320	243	504	407	568	510	405	485
LOC141447168	70	65	115	137	87	47	57	34
sotv	1595	1453	1764	1673	2681	2061	1884	2034
Cdk8	187	214	203	199	501	535	458	374
Fuca	5889	5285	5123	4716	7461	4992	4298	5260
Mfap1	301	306	275	297	534	489	477	400
kst	3410	3462	3679	3381	1667	2383	2533	1356
LOC141447087	1	0	0	0	0	0	1	0
AlaRS-m	767	639	771	740	721	554	559	578
Acat1	756	842	848	858	1393	1817	2031	1036
LOC141447200	161	154	171	155	95	63	67	76
LOC141446861	518	426	587	581	854	515	577	654
LOC141455535	0	0	0	0	0	0	0	0
LOC141451326	2	0	0	0	0	0	0	0
LOC141447211	0	0	0	1	0	0	0	0
LOC141447215	2	2	0	0	2	0	2	1
Klp64D	1135	1065	1209	1147	2134	1588	1416	1616
LOC141446994	778	820	864	794	861	749	636	539
CCT8	1986	2030	2109	2090	4421	4967	4597	4114
LOC141446768	2393	2175	2886	2754	3768	2941	3230	3059
borr	24	21	35	25	45	54	50	56
LOC141447204	0	0	0	0	0	0	0	0
LOC141447015	310	315	302	405	608	593	584	549
BckdhA	2273	2259	2388	2207	3102	2460	2301	2078
LOC141447141	755	744	801	763	1220	815	668	730
LOC141446934	419	515	441	353	602	522	474	428
B52	5375	5302	6097	5363	8962	7808	7635	6309
Ino80	1397	1248	1685	1664	2686	1779	2006	2167
LOC141447030	398	434	482	412	568	510	429	475
Cog2	769	775	759	744	1016	918	911	820
alphaSnap	2591	2748	2718	2877	4648	3152	3022	3310
Phm	2989	2933	3108	2894	5142	4056	3275	3733
Arfip	1165	1037	1412	1254	2232	1514	1668	1845
Mst85C	458	514	459	448	766	588	457	530
LOC141447165	191	190	226	202	246	245	198	255
Pstk	0	0	0	0	0	0	0	0
LOC141447220	3	9	6	9	15	18	3	9
LOC141447103	9	9	6	5	19	5	0	7
LOC141446736	31812	31748	36706	33847	52024	43879	40467	41940
sw	2230	2125	2502	2176	3984	3079	3046	2788
LOC141447097	8	11	11	10	12	3	3	9
ix	342	317	316	365	527	447	433	389
LOC141447035	205	214	244	231	304	234	174	213
UGP	1991	2437	2494	2010	1346	1886	1774	1130
RASSF8	2970	2755	3482	3549	4773	3064	3005	3575
LOC141447225	43	69	70	49	86	53	45	42
AIMP1	544	650	610	522	491	478	430	432
cac	6048	4347	6791	6105	8385	4321	4677	5995
LOC141455687	0	1	2	2	1	2	0	5
LOC141455649	0	3	0	1	2	1	3	0
LOC141455638	0	5	1	1	1	1	1	1
LOC141455692	3226	3228	2837	3432	7506	4269	3719	3898
G9a	882	793	933	947	1384	880	965	1029
Rrp1	549	500	530	527	801	861	808	619
Neb-cGP	321	432	357	362	621	514	541	424
LOC141455702	1456	1461	2043	2158	2723	1568	1384	1576
TRNAP-AGG	0	1	0	0	1	0	0	0
LOC141455833	275	231	275	235	412	229	204	328
AP-1mu	693	827	721	693	1239	1166	1045	848
LOC141455810	386	350	379	347	422	408	376	331
Caf1-105	836	748	866	761	794	923	726	650
LOC141455838	8	5	12	17	12	8	16	10
LOC141455750	279	297	346	292	325	322	273	185
Rga	1203	1265	1384	1359	2192	1919	1761	1716
Vha26	3692	3912	4006	4103	6383	5468	4872	4622
LOC141455797	2389	2218	2609	2832	5487	4102	3832	4157
LOC141455850	1007	980	1099	828	1674	1068	763	1010
LOC141455841	4878	3703	5448	5284	7733	4695	4486	6230
TRPA5B	297	401	344	395	254	347	411	211
LOC141446333	2	3	4	4	3	1	0	1
TRPA5A	69	99	109	107	27	83	69	29
LOC141455873	499	617	610	607	893	856	806	687
LOC141455877	69	43	68	56	100	43	40	88
LOC141455898	1	0	1	2	4	0	1	1
LOC141455903	31	87	65	52	105	114	88	78
RpL13A	3279	4497	3666	2917	3562	5512	4644	3331
LOC141446377	6	5	9	4	9	9	4	1
LOC141446378	2	5	2	2	2	12	5	4
LOC141446375	2	0	0	2	2	4	5	4
LOC141455918	630	571	622	545	483	490	474	457
LOC141455933	266	319	320	337	348	398	556	257
LOC141455944	0	1	0	1	0	0	3	2
LOC141455948	0	0	0	0	0	0	1	0
LOC141455955	351	309	389	271	341	313	261	282
LOC141456010	1	4	3	3	2	2	0	1
LOC141456018	2	6	6	1	0	0	2	0
LOC141456029	0	0	0	0	0	1	0	0
Kyat	1073	1113	1123	1012	1587	1304	1313	1266
GABA-B-R1	1394	1109	1535	1507	2182	1412	1236	1500
HERC2	3030	2698	3673	3497	5879	3652	3887	4415
Sec3	815	812	913	900	1231	1157	1188	963
COX7B	2693	3334	2829	2675	3119	3120	2688	2472
LOC141456058	1786	1382	1706	1603	2648	1364	1370	1861
LOC141456114	275	272	317	304	441	344	357	342
LOC141456146	2	0	6	1	2	4	3	3
LOC141456097	1113	930	1175	1127	1678	1418	1286	1327
LOC141456125	114	115	120	115	151	157	123	132
LOC141456120	1504	1585	1605	1465	1503	1508	1331	1255
LOC141456180	469	546	545	506	699	662	604	494
LOC141456159	1069	884	1200	1278	1856	1453	1720	1477
LOC141456173	2574	2832	3081	2784	3869	4161	4507	3272
PsGEF	1468	1184	1770	1651	2262	1144	1311	1561
LOC141456152	0	0	0	0	0	0	0	1
LOC141456193	3	2	4	1	2	1	1	0
LOC141456195	4	8	1	6	0	3	1	1
LOC141456220	424	363	556	518	684	378	377	451
LOC141456205	169	154	234	180	313	154	119	175
LOC141456225	730	676	708	684	976	938	872	803
LOC141456211	64	123	99	69	112	76	84	88
Chd64	2935	3095	2885	2913	3501	3348	3099	2674
LOC141456237	4	7	3	0	0	0	1	0
LOC141456243	0	4	0	2	5	1	1	0
RpL12	1613	1779	1696	1553	1947	3221	2819	1837
LOC141456263	1186	956	1394	1336	1602	1054	1013	1174
LOC141456271	31	16	17	31	56	24	18	16
LOC141456290	675	699	661	609	832	576	510	531
LOC141456260	769	673	831	904	959	719	723	637
LOC141456266	1309	1107	1480	1328	1560	1137	1067	1108
LOC141456328	1	2	0	0	1	0	0	1
LOC141456345	3	3	0	2	0	0	0	0
LOC141456320	0	3	3	1	0	0	0	0
LOC141456287	0	5	3	2	0	0	0	0
LOC141456301	6	6	13	2	1	2	5	0
LOC141456352	8	10	6	3	0	0	0	0
LOC141456281	8	4	13	9	0	4	0	0
LOC141456368	0	0	0	1	0	0	0	0
LOC141456360	0	0	1	0	0	1	0	0
LOC141456373	0	0	0	0	0	0	0	0
LOC141456382	0	0	0	0	0	0	0	0
LOC141456389	0	0	0	0	0	0	0	0
LOC141456443	1	0	0	0	2	0	0	0
LOC141456458	0	0	0	0	0	0	0	0
LOC141456395	25	24	24	18	9	6	1	11
LOC141456437	0	0	0	1	0	0	0	0
LOC141456410	27	17	37	12	23	11	16	18
LOC141456404	7	5	4	3	1	1	2	2
LOC141456430	292	262	343	423	441	345	293	403
LOC141456463	35	24	47	64	32	14	25	25
LOC141456468	1	2	4	1	0	0	1	0
LOC141451328	0	0	0	0	0	0	0	0
LOC141456471	0	0	0	0	0	0	0	0
Delta	214	129	230	216	419	218	200	272
LOC141456481	3	7	0	3	6	2	2	2
LOC141456719	1	5	1	0	1	1	1	0
LOC141456677	481	474	473	487	686	504	438	489
Dis3	548	624	677	662	1107	1290	1305	931
LOC141456769	1	2	3	0	1	1	0	2
LOC141456802	743	834	775	913	1402	914	742	897
Past1	2841	3174	3443	3676	5939	4751	4063	4327
Tsr1	814	870	944	769	1255	1184	1208	1044
Dhod	330	442	398	407	621	592	508	409
Rab4	789	760	995	982	1456	943	1078	1066
Srp54	3019	3085	3335	3117	4944	3797	3757	3587
LOC141456795	315	378	326	362	613	577	523	482
LOC141456804	173	215	168	182	307	293	293	234
LOC141456668	116	101	117	95	174	95	132	100
LOC141456696	2113	2244	2644	2447	3382	2627	2400	2733
LOC141456690	856	787	891	1000	1170	668	582	734
LOC141456762	6	7	8	10	24	19	15	11
ubl	250	242	202	169	384	354	339	280
LOC141456820	6	2	10	4	13	3	5	7
LOC141456829	226	188	232	259	425	266	281	319
LOC141456842	0	0	0	0	0	0	1	0
LOC141451341	1	0	0	0	0	2	0	0
LOC141451345	0	0	1	0	3	0	0	0
LOC141451347	0	0	0	0	0	0	0	0
LOC141456907	0	1	1	2	1	2	1	0
LOC141456848	112	194	237	189	319	171	323	566
LOC141456891	638	607	622	625	1028	657	538	749
LOC141456895	378	361	483	430	693	398	384	446
LOC141456947	22	11	12	25	26	16	17	17
LOC141456940	308	306	295	308	555	335	315	373
spz5	14	3	2	13	1	2	129	45
LOC141456957	0	1	0	1	0	1	0	0
Tet	2793	2025	3201	3063	4461	2463	2727	3414
LOC141456969	12	14	18	18	7	2	4	3
LOC141456976	0	0	0	1	1	1	0	0
ko	547	653	803	757	927	587	640	560
LOC141446321	0	0	0	0	0	1	0	0
LOC141457127	0	0	0	0	0	1	0	0
cnk	1624	1231	1880	1847	2387	1272	1588	1655
LOC141457022	147	134	125	140	206	119	115	88
LOC141457120	0	0	0	0	0	0	0	0
LOC141457056	258	247	274	276	224	288	484	153
LOC141457084	640	589	662	639	988	598	620	681
rad50	719	646	844	752	857	726	653	610
Bet3	185	187	220	232	367	434	360	330
barc	574	558	606	608	947	831	722	689
LOC141457106	102	91	110	108	87	57	60	97
CysRS	236	262	313	269	572	853	857	537
LOC141457013	654	582	648	625	1033	730	677	818
LOC141457129	324	472	366	377	667	919	905	546
Chmp1	1184	1189	1220	1232	2077	1941	1749	1687
LOC141446322	0	0	0	0	0	0	0	0
LOC141451359	0	0	0	0	0	0	0	0
LOC141447237	235	206	265	255	363	286	233	287
Zasp66	381	180	390	914	126	80	119	324
LOC141447282	16	1	1	0	0	0	0	0
LOC141447281	3	0	0	1	0	0	1	0
LOC141447231	3	0	0	0	0	2	0	0
MICU1	1289	1202	1336	1309	1892	1303	1133	1367
LOC141447385	495	394	504	496	821	485	411	664
LOC141447436	0	0	0	0	0	0	0	2
LOC141447286	6723	5945	8058	8423	10549	6413	6183	7521
LOC141447438	3	3	10	8	3	6	2	6
LOC141446369	0	0	0	1	0	0	0	1
LOC141447431	2	0	7	6	3	4	5	5
Papss	1078	1030	1169	1303	2019	1873	2462	1621
LOC141447421	24	18	29	22	22	26	18	20
LOC141447415	115	84	98	117	117	87	114	102
vg	90	83	64	83	127	97	78	86
LOC141447375	644	720	663	583	731	875	808	639
RpS4	9858	11331	9800	9154	9759	11335	9511	9350
LOC141446379	0	0	0	0	0	0	0	0
LOC141446380	0	0	0	0	0	0	0	0
LOC141446382	0	0	0	0	1	1	1	0
LOC141446381	0	1	1	0	0	0	1	0
LOC141447398	6	3	13	5	9	7	3	12
LOC141447335	43	28	36	36	56	27	26	34
LOC141447428	4	1	2	4	5	6	6	9
LOC141447485	4162	3820	4775	4062	3889	2316	2504	2720
cno	3126	2466	3549	3743	5758	4374	5122	4295
LOC141447495	0	1	1	0	0	0	0	0
LOC141447500	0	0	0	1	0	0	0	3
Srrm234	368	349	426	366	541	414	448	423
cbc	317	367	362	421	673	571	535	493
LOC141457230	243	205	289	287	510	272	268	368
Vta1	689	697	717	724	938	758	695	685
vimar	488	312	678	677	936	467	739	819
Sec24AB	1710	1585	1981	2008	2760	2561	3214	2104
Cds	1922	1654	2510	2723	3211	1834	2145	2811
LOC141457194	311	201	367	371	355	211	233	251
LOC141457175	442	481	514	507	1103	1093	1360	987
LOC141457176	71	52	66	64	39	43	16	49
LOC141457267	752	851	938	838	990	1030	766	746
LOC141457289	142	122	157	150	196	168	144	180
Arpc3A	470	601	542	521	913	1041	926	733
LOC141457237	203	180	253	234	340	306	225	257
dib	375	423	503	340	436	641	399	252
LOC141457251	4	2	2	6	6	7	3	5
LOC141457276	133	190	205	199	349	226	222	146
LOC141457418	2	2	0	2	1	1	2	4
galla-1	217	251	209	212	232	229	219	161
LOC141457341	8	1	1	1	0	11	0	2
LOC141457357	1	0	2	1	2	0	0	0
LOC141457392	119	269	298	190	20	131	66	46
LOC141457331	49	83	93	50	47	54	62	40
LOC141457294	41	99	139	73	13	114	32	16
LOC141457425	3	7	2	1	1	0	6	1
LOC141457360	45	67	72	55	12	55	30	26
LOC141451363	0	0	0	0	0	0	0	0
LOC141446323	2	0	0	1	0	0	0	0
cv-c	1581	1300	1884	1511	2084	1242	1474	1672
LOC141446324	0	4	3	0	0	1	1	2
TRNAF-GAA	0	0	0	0	0	0	0	0
LOC141457461	11	4	10	6	5	8	8	10
Sobp	73	113	113	106	86	69	72	78
bdg	186	100	116	162	193	134	209	147
beag	375	395	409	401	632	531	489	460
LOC141457492	146	128	191	173	302	230	177	187
LOC141457479	722	559	792	738	973	615	654	626
LOC141457501	1	3	12	3	5	2	1	2
LOC141457517	157	235	252	182	38	256	182	35
LOC141457527	1074	1162	1113	1062	2022	1561	1190	1368
LOC141457509	287	260	362	375	403	274	287	315
LOC141457499	147	104	218	189	190	129	186	176
ATPsynO	4699	5372	4737	4068	3531	3811	3395	2630
LOC141457674	6	5	7	5	10	5	2	4
LOC141457690	55	34	31	12	8	4	3	1
cib	1468	1916	1487	1062	1288	2758	1899	866
LOC141457695	34	32	40	34	23	23	19	18
otu	86	90	83	60	27	177	80	21
LOC141457582	7	15	4	8	5	23	6	3
LOC141457596	7	2	9	2	10	2	2	1
LOC141457538	661	571	680	655	862	651	637	477
Trs31	480	527	492	522	947	956	912	786
Rad9	263	235	295	255	509	371	325	392
Ero1L	851	1203	1204	1301	1077	1629	1633	870
LOC141457680	12	13	10	7	7	4	2	4
trx	549	516	722	626	774	557	603	613
LOC141457682	5	12	8	7	6	11	6	9
Polr2G	83	95	101	93	164	142	144	149
LOC141457644	14	15	15	13	16	13	10	16
thoc7	256	297	273	235	470	582	549	429
LOC141457587	417	512	432	378	353	357	256	281
hay	559	605	656	632	1174	1027	985	998
LOC141457707	606	496	622	547	832	793	877	637
LOC141457698	345	335	331	345	549	487	470	496
LOC141457714	2	2	1	5	8	6	6	2
LOC141457720	85	94	110	113	130	105	94	104
LOC141457732	28	58	56	52	103	53	87	39
LOC141457753	907	539	948	1023	587	450	515	841
LOC141457760	1	0	3	1	1	8	4	7
LOC141457763	2	1	1	1	4	0	1	4
LOC141457766	17	12	34	24	148	144	112	117
Sym	770	670	817	801	1588	1333	1330	1289
LOC141457882	1003	1183	1138	863	859	1421	1380	832
crn	377	377	472	479	558	442	373	418
LOC141457925	164	161	190	141	330	317	265	279
Upf2	1217	1148	1241	1180	1644	1181	1115	1151
LOC141457919	742	802	708	586	617	841	690	438
LOC141457885	48	49	73	95	58	45	28	43
LOC141457793	1052	965	1212	1061	1714	1164	1071	1167
LOC141457825	1612	1662	1989	1713	2794	2484	2329	2117
Sec63	1447	1554	1531	1461	2214	2399	2606	1909
LOC141457806	195	168	212	229	309	245	200	196
APC10	214	241	224	244	415	393	339	339
Ist1	839	820	926	872	1215	1213	1231	1029
LOC141457833	23	47	13	34	103	41	69	26
LOC141457842	376	445	419	403	379	407	307	282
LOC141457939	0	0	0	5	2	0	1	0
LOC141457948	0	2	0	2	1	0	0	0
LOC141451372	0	0	1	0	1	0	0	1
LOC141451378	0	0	0	0	1	2	0	2
LOC141451382	0	0	0	0	0	0	0	0
LOC141451383	0	0	0	0	0	0	0	0
LOC141447503	2328	2055	2773	2684	3757	2369	2454	2950
LOC141446353	0	0	0	0	0	0	0	0
LOC141457960	0	0	0	0	0	0	0	1
LOC141447629	4	5	7	2	7	6	10	3
LOC141447631	28	27	16	16	13	15	9	12
LOC141457153	3	3	0	0	2	1	3	0
LOC141447612	4	0	0	0	2	2	0	1
LOC141447542	1925	1659	1920	1750	1335	951	907	1015
LOC141447533	11	8	5	7	13	6	2	4
LOC141447619	42	42	40	34	17	31	21	22
LOC141447516	96	94	110	84	172	183	173	151
Prosalpha7	883	807	831	722	1180	1274	1170	955
LOC141447583	405	472	476	506	624	746	738	495
LOC141447590	649	532	828	798	889	598	535	688
LOC141447624	30	18	18	27	45	20	33	29
LOC141447524	1	5	4	15	10	2	4	1
LOC141447635	6093	7270	7764	7361	6585	7624	7399	5781
LOC141447687	859	886	855	834	1054	1048	980	843
LOC141447650	13	1	6	18	5	7	15	9
LOC141447671	2	4	3	0	2	0	0	0
LOC141447890	1124	1322	1225	1003	561	543	709	277
LOC141447922	4	3	1	2	4	0	3	3
LOC141447788	23	21	6	35	23	37	24	49
LOC141447910	1	1	0	0	0	3	0	3
LOC141447854	68	56	39	59	49	59	34	58
LOC141447896	0	0	0	0	4	0	0	3
LOC141447700	81	49	75	65	106	66	55	49
LOC141447905	6	2	3	2	8	8	2	2
LOC141447826	453	437	393	457	603	463	366	447
LOC141447917	0	0	0	0	2	0	1	0
LOC141447920	3	4	4	1	3	1	0	6
LOC141447867	294	391	320	287	413	329	193	210
LOC141447903	2	5	1	1	3	0	0	1
LOC141447774	467	529	463	420	516	390	364	321
LOC141447853	263	314	308	299	395	287	230	230
LOC141447796	328	354	276	280	289	238	223	194
LOC141447813	798	777	779	872	1247	949	592	877
LOC141447878	21	32	14	24	17	45	28	20
LOC141447899	98	90	85	145	82	116	86	75
LOC141447873	107	136	102	98	120	108	90	94
LOC141451388	5	1	2	1	2	4	1	0
LOC141451395	0	2	2	1	1	0	0	5
LOC141458042	584	531	596	633	738	670	607	599
hd	137	126	144	124	246	276	180	209
LOC141457972	57	31	69	42	140	161	85	56
LOC141458085	2374	2925	2631	2735	3267	2774	1841	2669
Psf3	118	126	148	128	130	234	162	120
LOC141458068	913	1028	997	708	462	524	471	414
LOC141458107	7	13	23	11	7	12	8	4
Prdm13	0	0	1	0	0	0	0	0
Rsph3	91	76	79	99	184	133	92	134
LOC141458118	0	0	0	0	0	0	0	0
LOC141458122	0	0	0	0	0	0	0	0
vvl	760	878	911	647	864	719	644	611
LOC141458115	1	0	5	1	0	2	0	0
LOC141451402	0	0	0	0	0	2	0	0
LOC141458128	31	65	51	32	17	21	13	22
LOC141458158	5	4	11	5	17	10	4	2
LOC141458134	2578	2172	2683	2539	3427	2391	2300	2397
LOC141458163	8	3	10	3	3	3	2	2
LOC141458151	52	80	79	61	74	102	61	50
LOC141458187	0	0	0	3	0	0	0	1
LOC141458168	0	0	0	0	0	0	0	0
LOC141458212	899	1152	1087	915	1024	1169	1234	958
FucT6	1618	1416	1863	1973	2710	2048	1914	1976
LOC141458217	1	3	0	1	3	3	0	1
LOC141458191	30	34	18	20	50	34	28	38
LOC141446332	0	0	0	0	0	0	0	0
LOC141451407	0	2	0	0	0	0	0	0
LOC141458222	4177	3623	5062	5189	7584	4537	4636	5525
LOC141451411	2	0	1	1	0	0	0	3
LOC141458224	3	0	9	3	3	3	1	5
LOC141458238	247	313	224	189	162	136	133	110
LOC141458226	9	17	15	8	7	11	4	3
LOC141458254	0	0	0	0	0	0	0	0
LOC141448252	0	0	0	0	0	0	0	0
LOC141451416	0	0	0	0	0	0	0	0
LOC141458267	2	0	0	0	0	1	0	0
GC	550	521	653	607	1186	822	768	944
vn	734	725	915	960	2591	1771	1524	1407
LOC141448072	1	0	2	0	1	3	2	2
LOC141448075	2	0	4	2	3	1	1	2
LOC141448819	1	1	1	0	4	1	3	6
LOC141458290	4	6	4	2	5	1	5	3
LOC141448066	10	44	16	36	25	16	20	12
LOC141450464	0	1	3	1	0	2	1	1
LOC141448081	1	6	1	7	8	5	5	5
LOC141451022	0	0	0	2	0	0	0	5
LOC141448086	13	12	29	13	22	24	14	11
LOC141448012	2	2	0	2	1	3	4	0
LOC141448031	18	9	18	7	5	3	4	6
LOC141447940	32	31	25	53	21	11	17	26
LOC141448023	80	78	62	83	52	45	31	49
LOC141453247	2	8	1	4	6	1	2	5
LOC141447932	35	49	42	43	31	18	23	17
LOC141447926	10	5	8	15	20	11	2	11
LOC141448004	12	23	8	20	10	2	7	8
LOC141453783	3	0	0	3	5	1	2	0
LOC141448008	9	10	14	10	12	13	9	5
LOC141447946	12	11	15	7	16	6	7	14
LOC141456552	5	1	8	8	4	7	2	4
LOC141447963	1	6	7	2	4	8	2	4
LOC141448014	65	49	67	55	69	77	55	61
LOC141457154	0	0	0	0	0	0	0	0
LOC141457659	4	2	10	0	6	1	0	2
LOC141448063	41	44	49	52	67	65	48	48
LOC141447968	15	6	9	11	14	12	9	22
LOC141458296	149	136	102	173	143	121	76	142
LOC141458304	0	0	0	0	0	0	0	1
LOC141458307	0	0	0	0	0	0	0	0
LOC141451420	78	56	71	87	180	87	105	96
Dlish	210	147	178	162	195	210	210	155
LOC141458330	150	195	171	140	317	347	309	284
Cpr66D	106	10	98	190	20	34	519	694
LOC141458342	462	538	755	694	514	463	403	523
LOC141458346	7	5	9	4	5	3	4	4
Arr2	251	204	180	202	1280	175	127	161
Pex7	549	615	673	581	897	781	702	669
LOC141458351	11	9	21	22	11	7	15	19
LOC141458376	81	200	178	109	49	62	66	57
LOC141458388	18	8	13	4	35	3	2	6
Sec61alpha	2364	2379	2542	2714	4712	8589	9349	4393
bonsai	254	294	294	252	450	436	382	315
LOC141458391	110	101	104	104	154	149	110	104
LOC141458202	1	4	2	1	2	2	3	2
LOC141458420	1	2	0	0	4	3	4	7
LOC141458493	7	2	1	2	0	0	0	0
LOC141458433	24	24	42	24	5	9	9	11
LOC141458472	93	53	136	130	136	76	73	109
LOC141458488	0	0	1	0	0	0	0	0
LOC141458427	90	1	17	93	4	6	33	38
LOC141458452	140	143	158	136	288	115	75	139
LOC141458484	715	591	848	716	1234	686	655	983
LOC141461092	0	1	9	0	1	1	0	0
LOC141459271	0	0	0	0	0	0	0	1
LOC141458500	0	0	0	0	0	1	0	0
LOC141459827	0	0	0	0	0	0	0	0
LOC141458523	0	0	0	0	0	0	0	0
LOC141460383	0	0	0	0	0	0	0	0
LOC141458512	0	0	0	0	0	0	0	0
LOC141458502	0	1	0	2	2	12	0	0
LOC141451432	0	0	0	0	6	1	1	0
LOC141458528	0	0	1	0	0	0	0	0
LOC141458537	1	1	1	0	5	2	4	1
LOC141458525	0	1	4	2	1	2	0	0
LOC141458526	85	155	59	119	319	114	113	168
LOC141451438	0	0	0	0	0	0	0	0
LOC141451440	0	0	0	0	0	0	0	0
unc-5	981	861	1177	1136	2728	1402	1551	1683
LOC141458570	0	2	1	1	2	4	0	2
Cdc2rk	857	951	905	968	1920	1542	1240	1321
LOC141458627	0	0	0	0	0	0	0	0
LOC141458585	40	6	23	33	15	6	12	51
LOC141458610	10	9	5	8	14	9	5	8
LOC141458579	43	15	39	52	26	21	10	23
LOC141458594	1512	1340	1764	1675	2278	1571	1241	1586
LOC141458576	3	1	1	2	4	8	4	5
LOC141458577	3	0	4	0	1	0	1	2
LOC141458623	0	1	0	1	3	0	0	3
LOC141451443	0	0	0	0	0	0	0	0
LOC141451446	0	0	0	0	0	0	0	0
LOC141458615	3	1	5	2	1	0	3	0
LOC141458646	9	9	11	10	13	4	4	9
LOC141458633	0	0	0	0	0	0	0	0
LOC141458638	0	0	2	1	0	0	0	1
LOC141458688	27	13	15	10	32	32	22	35
LOC141458676	140	145	175	154	256	212	135	176
LOC141458696	1198	1072	1282	1528	2613	1645	1506	1910
LOC141458682	513	474	534	429	834	513	424	606
LOC141458699	0	1	0	3	2	3	0	0
LOC141458788	631	604	662	641	896	638	516	613
LOC141458802	772	912	515	688	817	775	639	465
Cdc37	410	497	464	438	739	677	684	598
LOC141458861	136	101	134	104	179	157	148	148
mRpL45	490	526	515	474	600	552	514	441
LOC141458711	518	445	510	467	604	417	375	402
LOC141458885	296	294	372	327	503	433	386	400
AnxB9	3178	3732	3411	3499	3435	3611	3384	2533
LOC141458812	1157	1124	1317	1275	1713	1751	1741	1306
LOC141458755	489	458	509	456	773	690	719	639
Pbgs	522	534	566	433	565	786	951	465
mRpS6	233	298	247	250	425	505	370	348
LOC141458898	353	382	358	286	325	401	355	333
LOC141458854	976	856	955	905	1528	1032	959	1127
LOC141458773	592	490	619	558	718	831	846	574
CkIIbeta	2304	2557	2561	2214	2081	2404	2175	1752
LOC141458740	907	874	979	951	1337	1002	960	1009
LOC141458717	194	224	242	271	353	302	327	304
LOC141458720	1000	803	1150	964	1162	727	670	762
rig	534	471	637	603	988	909	747	771
LOC141458759	338	332	367	273	406	363	312	322
LOC141458762	381	658	619	540	261	1439	1898	533
Paics	4603	9825	10060	5710	1044	6176	7017	2562
LOC141458913	251	295	309	279	353	490	383	289
Atg5	483	477	492	446	733	610	517	600
brk	111	135	150	153	247	163	119	163
LOC141446370	0	0	0	0	0	0	0	0
LOC141458945	2970	4002	4205	3292	3842	3408	2425	2665
LOC141458929	236	284	267	283	383	517	582	387
LOC141458952	148	52	109	225	85	63	218	209
LOC141458957	0	0	0	1	0	0	0	0
LOC141458966	2	0	0	0	0	0	0	0
Tbh	1482	1523	1537	1760	2242	1806	1447	1912
LOC141459178	181	192	172	157	359	278	229	188
LOC141459160	934	847	1033	1139	1732	1169	1227	1467
shi	6848	6016	8212	7819	10936	6764	6881	7935
RpL5	6754	7565	7863	5959	5395	8240	7236	5195
LOC141459132	965	980	1170	978	1207	1374	1338	994
Sply	615	712	779	707	944	955	1013	691
LOC141459122	626	661	637	603	1060	940	897	825
LOC141459152	225	288	255	257	422	420	401	362
Gapvd1	1585	1475	1925	1822	2496	1865	1837	1819
Hr4	2102	1820	2505	2375	3503	1924	1939	2338
LOC141458972	163	335	353	245	8	153	161	19
PpV	478	528	585	568	978	901	984	760
abo	46	40	37	44	46	93	97	62
LOC141459194	4	2	6	3	2	4	2	8
LOC141459200	325	267	322	326	371	203	212	258
LOC141448325	15	3	6	13	12	14	4	8
Eip74EF	597	531	668	559	797	676	658	668
Lsm11	92	140	121	88	165	121	95	92
LOC141446364	0	0	0	0	0	0	0	0
LOC141459287	0	0	0	0	0	0	1	0
LOC141459347	362	435	389	358	621	514	473	466
Nubpl	159	166	184	202	267	196	197	208
LOC141459305	223	250	237	264	401	364	353	352
TRNAH-GUG	0	0	0	0	0	0	0	0
Sin1	241	268	260	285	377	276	263	273
LOC141459326	358	300	343	317	591	569	443	482
LOC141459336	116	121	88	119	172	175	138	118
LOC141459328	1979	2122	2275	2107	2354	2133	1767	1772
LOC141459355	245	9	1	7	1	3	24	1
ss	2	2	1	1	9	1	3	3
LOC141451452	0	0	0	0	0	0	0	0
LOC141459382	0	0	0	0	0	0	0	0
LOC141459411	0	0	0	0	0	0	0	0
Raf	437	418	510	502	829	527	566	671
LOC141459422	237	204	333	273	425	371	421	303
exd	1511	1132	1680	1502	2459	1437	1518	2043
TRNAE-CUC	0	0	0	0	0	0	0	0
ogre	160	125	169	202	264	244	294	277
LOC141448348	0	0	0	0	0	0	0	0
LOC141446359	0	0	0	0	0	0	0	0
LOC141459460	0	0	0	0	0	0	1	0
Inx7	269	544	385	396	0	538	559	30
Inx2	1329	1696	1647	1831	3011	2922	3184	2662
LOC141459502	6	7	7	13	3	2	7	2
LOC141459529	4	2	0	1	1	1	1	0
LOC141459486	115	131	125	144	151	109	86	100
LOC141459523	381	467	423	457	502	471	354	356
LOC141448104	444	328	537	501	541	359	529	465
Msh6	1340	1127	1341	1189	1536	1384	1130	1198
LOC141448111	2	1	6	2	0	1	2	0
LOC141448121	3	0	0	0	1	0	0	0
LOC141448278	0	0	0	0	1	0	0	0
LOC141448241	0	1	3	1	0	2	0	0
LOC141448125	112	76	54	59	58	83	51	69
LOC141448312	1	1	0	1	0	1	0	0
LOC141448236	0	5	0	0	1	1	4	0
Ctl2	922	1395	1174	1022	348	1924	2026	239
LOC141448318	1	0	0	0	0	0	0	0
MED22	118	113	118	123	169	147	133	146
SIDL	1028	1021	1218	1257	1948	1431	1559	1484
LOC141448166	4706	3741	5120	4763	5607	3533	3796	4080
LOC141448314	6	2	2	2	6	8	8	7
LOC141448249	1596	2811	2664	1418	184	228	190	133
LOC141448263	46	35	52	52	30	30	10	29
LOC141459534	8	1	5	0	1	11	3	3
LOC141448310	0	1	1	0	3	0	1	3
LOC141448311	5	1	0	9	2	2	0	1
LOC141448209	27	51	54	54	102	108	95	78
LOC141448304	4	5	11	7	2	1	6	4
defl	323	381	397	408	713	640	641	517
Mocs1	646	683	665	677	923	734	577	658
Vang	409	254	483	459	707	365	433	607
SCCRO4	2618	2547	2693	2338	1733	1435	1218	1416
LOC141459673	322	308	369	278	495	328	238	346
Pex3	574	561	716	635	869	766	884	666
LOC141459630	389	424	396	408	892	1468	1310	773
LOC141459633	824	855	954	895	1605	1217	1115	1267
LOC141459638	370	364	403	413	639	622	455	542
LOC141459608	3515	3518	3889	4157	5424	3519	3441	4431
LOC141448369	43	36	57	48	82	43	35	58
Coq3	134	142	154	170	209	157	106	179
DNaseII	196	484	240	316	191	3083	3845	162
LOC141459590	1	1	1	6	1	5	1	1
LOC141459683	2	0	3	1	0	1	2	0
LOC141459680	0	1	0	0	1	0	0	0
Toll-6	1059	955	1213	1259	1941	1178	1110	1563
LOC141446355	0	0	0	0	0	0	0	0
LOC141459688	1	7	9	8	14	8	6	6
LOC141459731	1	0	0	0	0	1	0	1
LOC141448392	0	1	1	0	0	0	0	0
LOC141459738	402	440	485	349	352	354	252	254
LOC141451455	0	0	1	0	0	0	0	2
Tollo	112	67	102	135	171	160	183	132
LOC141448406	0	0	0	0	0	0	0	0
LOC141459754	398	356	450	400	357	264	246	269
LOC141459793	123	103	321	76	4	47	47	16
LOC141459808	1	1	1	0	1	2	1	0
LOC141448410	0	0	0	0	0	0	0	0
LOC141459739	889	779	1079	1154	1380	765	849	984
Su(var)3-7	0	1	3	3	0	4	1	1
LOC141459828	0	0	0	1	0	0	0	0
LOC141459842	0	0	0	0	0	0	0	0
LOC141459836	0	0	0	0	0	0	0	0
LOC141451457	0	0	0	0	0	0	0	0
LOC141448429	0	0	0	0	0	0	0	0
LOC141459848	0	0	0	0	0	0	0	0
LOC141459856	0	0	0	0	0	0	0	0
LOC141459860	220	370	325	207	7	304	391	15
LOC141459921	255	283	240	243	179	303	193	123
LOC141459867	287	275	303	309	471	354	278	331
LOC141459938	259	177	224	278	164	366	300	281
LOC141459927	211	217	217	203	409	461	358	358
LOC141448453	98	176	159	134	177	120	120	108
LOC141446326	0	1	0	0	0	0	0	0
LOC141459948	241	377	312	257	0	2003	1564	76
LOC141459949	0	0	0	0	0	0	0	0
LOC141446415	0	0	0	0	0	0	0	0
LOC141446416	0	0	0	0	0	0	0	0
LOC141448482	15	5	9	20	18	10	13	14
LOC141448493	0	0	0	0	0	1	0	0
LOC141451462	0	0	0	0	0	0	0	0
TRNAP-AGG_1	0	0	0	0	0	0	0	0
LOC141451459	0	0	0	1	0	1	0	0
LOC141459959	14542	25000	15341	14787	1	11446	9342	787
LOC141459970	1496	1133	1819	1932	2826	1320	1808	2281
LOC141459969	1	0	1	3	2	0	0	0
LOC141448511	0	0	0	0	0	1	1	0
LOC141448521	0	0	0	0	0	0	0	0
LOC141448525	0	0	0	0	0	0	0	0
LOC141459997	15	5	2	1	1	0	1	0
LOC141459992	1	0	0	0	0	0	0	0
LOC141460009	1	3	0	1	2	0	0	0
LOC141460053	3054	3155	3460	3292	4593	4135	3897	3171
LOC141460048	126	76	157	149	193	96	152	162
LOC141460040	14	11	16	28	26	31	24	8
LOC141460026	1431	1823	2060	1701	1866	2956	1806	1553
LOC141460002	0	0	0	0	0	1	1	0
LOC141460045	8	7	2	3	1	1	0	0
LOC141460055	2	2	0	0	0	0	0	0
LOC141460063	0	0	0	0	0	0	0	0
LOC141460068	0	2	0	5	0	3	2	1
LOC141460089	0	0	0	0	1	0	0	0
LOC141460076	22	35	41	27	38	33	22	36
ND-B15	647	700	680	621	1133	986	881	839
mmy	276	348	305	303	412	348	383	349
LOC141460101	2207	2340	2359	2024	2198	2362	2138	1811
Fdx2	3552	4149	4400	3478	1740	3078	3218	2049
LOC141460114	242	214	229	298	541	327	275	357
LOC141460150	38	71	88	96	1506	1035	776	1580
LOC141460175	4	27	20	24	986	1121	580	802
LOC141460183	0	0	0	1	1	0	0	0
LOC141460134	1	1	4	2	2	2	1	5
LOC141460142	1	0	2	2	2	2	0	0
LOC141460188	1	0	0	0	0	0	0	0
LOC141460126	5	3	6	3	2	2	0	3
LOC141460181	31	66	69	35	5	6	17	20
LOC141446361	0	0	0	0	0	0	0	0
LOC141460202	0	0	0	0	0	0	0	1
LOC141451466	0	0	0	0	1	0	0	0
LOC141448532	0	0	0	0	0	0	0	0
LOC141448540	0	1	0	0	2	1	0	0
LOC141451471	22	54	86	38	24	96	68	54
LOC141460193	0	0	0	0	0	1	0	0
LOC141451483	0	0	0	0	0	0	0	0
TRNAA-UGC	0	0	0	0	0	0	0	0
TRNAS-AGA	0	0	0	0	0	0	0	0
LOC141460209	112	104	146	129	251	358	178	212
LOC141460210	3	0	1	1	3	2	2	1
LOC141460211	18	53	57	30	21	44	38	36
geko	6242	4204	8492	8364	698	695	1214	1465
LOC141448549	0	0	0	0	0	0	0	0
TRNAS-AGA_1	0	0	0	0	0	0	0	0
TRNAS-AGA_2	0	0	0	0	0	0	0	0
TRNAS-AGA_3	0	0	0	0	0	0	0	0
LOC141451486	0	0	0	0	0	1	0	0
LOC141460229	0	1	0	0	0	0	0	0
LOC141460234	0	0	0	0	0	0	0	0
LOC141451493	4	1	2	1	0	0	0	0
TRNAA-UGC_1	0	0	0	0	0	0	0	0
LOC141460250	7	10	11	2	8	10	0	5
LOC141460246	16	21	29	18	34	19	16	21
Sys1	131	126	116	147	169	171	169	148
Pfdn2	516	577	587	584	1056	1135	1023	903
LOC141460255	478	732	749	568	28	804	781	64
Optix	83	62	102	87	164	56	79	95
LOC141460278	0	0	0	0	0	0	0	0
LOC141446417	0	0	0	0	0	0	0	0
LOC141460429	160	189	196	188	222	378	346	205
Adck1	954	957	912	903	1462	1105	953	903
PolZ1	483	535	599	655	862	704	703	607
LOC141460465	616	709	658	622	627	596	371	444
Ttc7	994	927	1067	1100	1389	1039	991	1014
LOC141448566	847	841	1150	1062	1425	1178	1195	1136
LOC141460415	254	333	285	355	412	351	326	375
LOC141460373	1539	1310	1577	1726	2218	1470	1526	1349
in	637	597	718	625	687	546	577	504
LOC141460448	12	4	5	9	14	3	12	3
LOC141448571	7	5	5	5	3	4	5	9
LOC141460390	1416	1295	1369	1260	2115	1966	1759	1515
LOC141460487	0	1	2	3	0	0	1	2
LOC141460479	0	1	0	0	0	0	0	0
LOC141460289	2	0	1	0	1	3	1	1
LOC141460485	0	0	0	0	0	0	0	0
Hcs	1198	1180	1426	1405	2048	1735	1591	1542
Tango4	458	546	510	422	478	570	519	413
LOC141460457	264	297	260	229	477	465	462	375
LOC141460491	51	37	74	72	66	47	64	42
AGBE	724	672	785	711	670	701	788	596
LOC141460417	450	479	543	493	911	842	808	728
LOC141460435	261	208	236	268	400	341	271	262
Ras64B	1041	1067	1250	1051	1590	1641	1560	1191
obe	983	1028	1162	1225	1761	1852	1978	1337
Alg2	255	275	312	273	498	628	604	452
LOC141460497	179	182	154	159	235	234	228	187
LOC141460502	634	621	874	939	1264	726	863	988
LOC141460505	0	0	4	0	0	3	1	1
Dlc90F	562	595	604	567	880	658	564	673
Sod1	4687	5350	4798	4183	4263	4458	3630	3254
EMC6	346	343	406	384	636	552	594	478
LOC141460506	241	344	371	387	314	1049	520	283
LOC141460526	11	3	3	5	4	13	11	6
LOC141460537	0	0	0	0	0	0	0	0
LOC141460540	0	2	0	0	3	2	0	1
LOC141460543	606	465	628	648	1041	631	730	857
LOC141460566	94	74	142	107	152	88	81	188
LOC141460594	19	25	21	10	38	29	19	20
LOC141460597	0	0	0	0	0	0	0	0
LOC141460598	0	0	1	0	4	1	1	1
LOC141451498	0	1	2	1	2	3	0	10
TRNAG-UCC	0	0	0	0	0	0	0	0
LOC141460564	415	389	426	403	509	459	466	398
LOC141460576	135	145	159	132	274	223	217	214
LOC141460554	713	674	792	818	1096	1012	940	772
Arl4	1906	1707	2129	2087	2517	1676	1649	1746
LOC141460599	15	5	16	18	21	10	10	8
LOC141460627	79	70	113	92	118	58	59	58
LOC141460676	9	2	3	5	1	6	1	3
LOC141460620	2	0	7	2	2	0	0	0
RIOK1	502	535	603	565	724	672	796	562
LOC141460608	276	269	252	238	338	342	302	239
LOC141460679	8	3	10	5	0	0	2	1
LOC141460692	38	33	45	36	53	39	44	42
LOC141460757	1173	982	1252	1270	1512	903	881	1067
LOC141460805	163	145	157	163	228	170	131	153
vnc	1070	1280	1173	940	1040	1402	1146	942
l(2)k01209	813	714	851	892	1187	888	707	688
LOC141460811	6	5	4	7	14	2	10	5
LOC141446386	0	0	0	0	0	0	0	0
LOC141460700	548	496	744	638	713	577	597	512
LOC141460784	213	255	298	270	366	323	284	272
LOC141460684	515	458	534	537	819	629	717	596
LOC141460745	511	418	501	437	661	424	438	423
Dhrs4	461	482	532	603	903	883	879	679
Polr3C	314	346	382	301	283	296	251	231
LOC141460814	401	475	506	552	398	392	341	281
LOC141460825	0	0	1	0	0	0	0	0
LOC141460859	118	123	166	114	227	179	175	184
nonC	1972	1491	2224	2072	2744	1757	2000	1935
mAChR-C	47	83	65	63	95	77	99	69
LOC141460876	1908	1839	1953	1585	2176	1526	1360	1834
Prp16	613	614	710	701	988	743	728	725
LOC141460913	1	0	0	0	1	0	0	0
LRR	819	896	1048	910	1460	1196	1298	1071
LOC141460949	366	398	401	318	550	463	361	404
LOC141460960	18	15	22	19	33	19	18	22
LOC141460942	1212	1123	1487	1234	2076	1300	1272	1343
LOC141460955	26	25	20	19	37	18	30	29
LOC141460927	15	4	12	15	12	13	10	8
LOC141460925	2282	1700	2604	2596	3505	1899	2026	2917
hoip	348	379	369	344	838	1178	1083	861
LOC141460991	584	538	754	629	717	489	370	536
LOC141460964	2814	2429	2941	3028	5598	3895	3550	4050
Rgk3	908	724	1096	915	1642	974	934	1250
LOC141461045	8	2	3	2	1	0	1	3
Fife	3665	2559	4198	3949	5444	2740	2916	4204
LOC141461071	6	1	1	5	3	2	2	1
LOC141461062	11	1	12	9	6	9	6	13
LOC141461066	0	0	0	0	0	0	0	0
LOC141461053	1	0	2	0	0	0	0	1
LOC141461044	0	0	0	0	0	0	1	1
LOC141461141	0	1	2	1	0	0	0	0
LOC141461146	530	453	624	606	852	570	448	582
LOC141461084	0	0	1	0	0	0	0	2
LOC141461170	288	273	383	331	512	488	499	388
LOC141461121	47	37	35	47	50	33	36	26
LOC141461154	491	518	567	543	859	577	555	706
LOC141461197	36	39	64	55	93	42	43	65
LOC141461189	195	168	225	211	277	166	124	166
LOC141461086	11	14	15	10	13	9	2	7
Nmdar2	2563	2047	2870	2829	3710	2121	2125	2751
LOC141461258	43	34	24	28	18	5	5	19
LOC141448601	0	0	0	1	0	2	0	0
LOC141461103	9	4	9	6	6	10	3	13
LOC141461267	0	0	0	0	0	1	0	0
LOC141461107	0	0	0	0	1	0	0	2
LOC141461256	1334	1387	1502	1666	2567	3304	2918	1813
LOC141461240	553	511	641	547	642	605	598	566
LOC141461231	677	652	744	750	1217	1036	900	869
RpL18	3578	4384	3916	3113	4046	6080	4926	3751
LOC141461270	0	3	1	3	0	0	0	1
LOC141461289	2	2	1	1	2	2	5	3
emc	1015	1084	1078	1068	1888	1403	1211	1431
LOC141461294	0	2	7	1	2	2	6	5
caly	632	568	640	645	855	590	581	542
LOC141449015	314	311	315	288	487	397	317	335
LOC141448867	27195	26241	28613	24299	17141	13852	13508	12319
LOC141448853	549	551	529	542	886	974	954	690
LOC141449023	5148	5635	5041	4420	2310	3170	2791	2000
LOC141449010	857	1052	969	905	741	698	578	618
Papst2	684	721	814	845	1387	1059	1095	1069
Mat1	145	135	135	158	269	241	269	180
LOC141448895	2086	2110	2401	2392	2980	2464	2135	2191
LOC141449031	258	203	309	313	299	195	184	229
LOC141448830	9107	8871	11252	10841	13300	9851	10284	10916
LOC141449036	2	0	1	1	2	0	0	2
UQCR-C2	2352	2534	2499	2648	4242	4009	3120	3216
CSN1b	904	880	947	835	1399	1372	1142	1050
tho2	959	829	981	967	1568	1267	1251	1150
LOC141448876	625	614	651	598	1102	1139	1011	821
LOC141448982	179	163	166	165	184	165	115	159
Uba2	1233	1267	1417	1340	1516	1285	1191	1203
LOC141448999	2105	2117	2285	2140	4239	3357	2885	3110
LOC141449005	823	950	847	791	898	869	740	707
LOC141448859	1009	1083	1280	1156	776	769	847	630
LOC141448965	58	47	50	70	96	78	81	61
LOC141448884	552	589	583	468	679	714	600	497
mRpS5	794	786	821	616	695	759	559	517
fab1	1123	1032	1390	1297	1629	1115	1131	1117
LOC141448932	1135	1158	1310	1145	1310	1183	1097	879
dup	272	236	297	256	427	383	291	306
aln	484	498	540	500	794	628	497	582
LOC141448960	233	244	288	227	169	307	197	117
LOC141449027	39	32	40	37	18	32	19	17
LOC141449130	115	190	76	117	261	197	108	92
LOC141449167	28	22	14	16	25	22	12	6
LOC141449112	2	0	0	3	7	2	2	5
LOC141449104	25	31	26	18	22	22	20	27
nito	1425	1409	1552	1438	2218	1654	1507	1472
LOC141449098	399	398	395	410	850	893	904	700
LOC141449084	778	738	941	855	1579	1172	1032	1082
ATPsynD	5545	5926	5679	4887	3955	4001	3584	3123
LOC141449065	3873	3237	4167	4017	6805	4307	4448	4771
LOC141449039	3775	3382	4283	3572	4616	3666	3506	3385
LOC141449127	477	466	474	353	395	446	335	314
LOC141449122	355	342	406	470	483	436	519	362
Aptx	66	64	99	64	88	76	74	59
LOC141461303	318	338	307	324	583	752	783	495
LOC141461341	3	0	2	3	0	1	2	0
LOC141461315	117	133	150	147	227	186	216	202
LOC141461323	1309	1467	1439	1273	2279	1971	1711	1656
LOC141461349	105	78	142	108	178	95	88	144
Ent3	2163	1637	2365	2456	3751	2019	2176	2996
Wbp2	872	896	986	1038	1390	1136	1049	1062
LOC141461304	34	36	47	23	28	109	86	35
LOC141461346	3	3	0	0	1	0	0	0
LOC141446358	0	0	0	0	0	0	1	0
LOC141461350	371	394	456	487	575	619	625	465
LOC141461438	684	598	791	784	1245	649	756	829
LOC141461356	0	2	2	0	1	2	1	0
LOC141461359	1	0	1	0	1	2	0	0
LOC141461363	0	0	0	1	1	1	0	0
LOC141461376	0	0	0	0	0	0	0	0
LOC141461371	0	2	1	0	5	2	2	3
LOC141451502	3	1	2	3	2	5	3	3
LOC141461393	1494	1097	1542	1597	2200	1324	1551	1785
LOC141461439	2	1	0	1	1	0	0	2
LOC141461448	3	4	1	2	0	0	0	4
LOC141446384	0	0	0	0	0	0	0	0
LOC141461380	0	2	2	0	3	0	0	2
LOC141461480	4	2	2	1	0	1	2	0
RhoGEF64C	172	6	30	125	26	24	191	90
LOC141461455	11	6	8	18	6	5	1	3
LOC141451504	0	0	0	0	0	1	0	0
LOC141446362	0	0	0	0	0	0	0	0
LOC141461523	12	0	0	0	0	0	1	0
LOC141461510	72	71	76	72	107	128	99	80
mIF2	334	400	444	397	652	783	715	580
Sf3b3	1647	1857	2035	1911	3002	3519	3679	2603
LOC141461519	435	0	2	270	2	11	101	50
LOC141461545	2	1	0	2	4	0	3	2
LOC141461529	0	1	0	0	0	0	0	1
LOC141451512	0	0	0	0	2	1	0	0
LOC141461556	65	0	0	42	3	72	91	16
LOC141448619	62	247	451	517	195	56	343	120
LOC141461572	4	4	1	6	7	4	7	6
LOC141448631	0	0	2	1	8	0	4	2
LOC141461587	0	1	3	0	3	1	1	1
LOC141461592	0	4	1	6	18	6	9	3
LOC141461599	3	22	4	29	80	18	67	42
LOC141461607	1	5	1	14	19	3	13	5
LOC141451519	0	0	0	0	0	0	0	0
LOC141451524	17	14	30	38	11	10	10	8
LOC141461608	0	0	0	0	0	0	0	0
LOC141451527	0	0	0	0	0	1	0	0
LOC141461646	1	0	0	1	0	1	0	0
LOC141461613	1	8	1	3	7	2	4	5
LOC141461685	149	163	121	120	223	233	184	172
LOC141461650	157	140	163	151	210	141	138	134
LOC141461676	144	208	201	210	305	152	136	148
LOC141461669	1775	1551	2036	1913	3144	2032	2017	2255
Ppt1	691	756	873	830	1187	895	766	842
LOC141461698	114	89	148	127	300	128	93	192
LOC141461707	0	0	0	1	0	0	0	0
Hexo2	1854	1875	2417	2291	3153	2708	2440	2494
LOC141449277	17	14	18	22	20	18	26	21
LOC141449269	443	528	543	481	643	754	734	448
LOC141449230	604	688	680	601	1058	653	557	697
park	274	313	347	303	535	453	413	350
LOC141449296	73836	55254	84498	84629	62234	36359	43011	47352
LOC141449317	48402	41639	51812	45322	46080	25897	22788	27241
LOC141449283	1404	1495	1987	1995	2357	2802	2141	1624
LOC141461724	2	0	6	0	4	0	0	0
Pdk1	926	756	1019	928	1778	1675	1313	1282
LOC141449451	54	84	55	43	1	290	266	13
Syx8	562	590	536	476	599	454	342	417
Lfg	5892	5492	6946	6586	9033	6588	6349	6110
Rab10	632	590	767	798	1232	1046	1035	982
LOC141449418	692	836	836	730	1356	1182	896	1076
LOC141449426	298	291	299	285	504	329	316	302
LOC141461748	544	499	610	574	881	753	733	668
Lar	3859	3053	4623	4373	6380	3861	3968	4568
LOC141449492	0	0	0	0	0	0	0	0
LOC141449489	0	0	0	1	0	0	0	1
LOC141449468	140	118	192	128	248	119	86	140
LOC141449487	3	3	1	0	9	0	5	8
LOC141449502	0	4	4	2	5	2	0	2
LOC141449499	37	18	47	41	43	21	26	41
LOC141449411	37	51	27	32	15	37	38	9
LOC141449390	629	534	463	601	24	822	1361	47
LOC141449438	343	333	420	370	587	467	458	521
LOC141449379	1487	1177	1880	1599	2576	1416	1390	2056
LOC141449481	1	0	0	2	0	0	0	1
LOC141449497	0	0	0	0	1	0	0	0
Dph1	250	266	268	268	451	516	586	436
LOC141461766	163	178	172	156	274	248	226	202
LOC141461759	244	286	302	277	539	512	462	424
LOC141461784	1	6	4	3	4	3	0	5
TRNAT-CGU	0	0	0	0	0	0	0	0
LOC141461918	0	0	0	0	0	0	0	0
LOC141461832	228	266	249	230	339	371	303	249
LOC141461795	2075	1661	2077	2564	858	1140	1144	737
mtTFB1	974	1100	1057	929	1477	1470	1150	1144
Ccdc56	21	14	11	16	16	16	22	28
NdufA3	374	421	409	380	563	492	448	412
MED21	204	200	220	181	264	378	340	281
LOC141461856	202	273	260	248	443	470	452	382
Set1	673	586	735	713	962	800	799	706
PGS1	303	272	351	316	490	422	349	330
LOC141461888	0	4	4	2	2	0	6	1
LOC141448652	587	576	613	623	684	458	364	412
LOC141461860	23	25	25	29	21	23	22	12
SPoCk	5545	4938	6766	6854	10214	9842	10996	8387
LOC141449829	27	37	26	17	5	27	44	0
ecd	1511	1389	1844	1670	2446	1711	1719	2066
MCTS1	296	351	299	354	598	741	722	559
LOC141449815	155	190	143	164	347	380	319	298
RnrS	612	599	655	607	1200	1315	886	1056
Sgf29	10971	9957	11560	10440	14083	10691	9057	9382
LOC141449776	355	436	144	106	55	66	34	43
pip	37202	40330	41020	38757	61081	39619	31012	41983
LOC141449686	91	95	117	100	148	114	114	117
LOC141449748	315	320	387	339	499	367	322	378
Aps	1881	2247	2121	1968	3173	3122	2469	2343
LOC141449727	756	710	860	787	1412	955	1028	1095
LOC141449760	422	545	511	398	506	602	545	469
Cc2d2a	68	56	64	36	63	53	39	48
LOC141449787	1	1	0	0	2	0	0	0
LOC141449596	708	659	819	789	1559	1444	1330	1070
Exo70	388	329	390	374	639	469	448	487
Spn	2525	2044	3053	2583	3286	1882	1881	2351
LOC141449821	8	5	8	10	5	5	3	5
LOC141461923	854	1193	1073	1014	310	927	1410	325
LOC141449775	109	86	134	147	113	61	91	83
LOC141449833	0	0	0	0	0	0	0	0
LOC141449737	283	256	319	214	0	60	40	10
LOC141449824	3	1	1	4	0	2	3	0
Shab	4712	3397	5149	4832	7046	3449	3814	4951
LOC141446341	0	0	0	0	0	0	0	0
LOC141446346	0	0	0	0	0	0	0	0
LOC141446347	0	0	0	0	0	0	0	1
LOC141446345	0	0	0	0	2	0	0	1
LOC141446344	0	0	0	1	2	0	0	1
LOC141446343	0	0	0	0	0	0	0	0
LOC141449668	32	13	26	19	36	17	16	14
LOC141449641	663	564	629	691	923	447	436	607
LOC141449729	28	20	24	29	20	13	41	15
LOC141449659	29	29	24	33	31	28	34	17
Echs1	1839	2149	2064	2260	3799	3553	2790	2476
LOC141449674	307	460	344	408	16	206	629	32
LOC141461927	666	791	775	817	1121	1178	1107	904
LOC141461949	918	711	1069	897	1728	923	872	1280
LOC141461933	0	0	0	0	2	0	0	0
LOC141461936	0	2	3	0	0	3	4	0
LOC141462017	0	0	0	0	0	0	0	0
LOC141462025	0	0	0	0	0	0	0	0
LOC141461968	166	220	204	190	261	211	221	125
LOC141461961	3047	75	2	2	0	1	900	0
LOC141461971	287	8	0	0	0	0	123	0
Snrk	2067	1617	2499	2415	3354	2044	2109	2432
PICK1	2785	2632	3186	3293	4708	3182	2698	3331
Chrac-16	370	339	344	348	597	433	365	430
Polr3G	388	395	353	337	597	664	624	504
LOC141462037	255	351	473	353	393	400	242	294
LOC141462044	2	0	5	0	9	4	1	2
Balat	347	288	480	344	782	337	340	520
LOC141462148	1	0	1	1	0	0	0	0
LOC141462141	0	0	0	0	0	0	0	0
LOC141462120	6	1	5	3	4	3	3	6
IntS14	789	774	863	796	1373	1191	1068	961
Mybbp1A	369	398	385	405	760	813	935	704
LOC141448658	554	603	698	675	751	601	637	514
LOC141462152	1820	1737	1968	2117	2242	1307	1328	1554
LOC141462202	9	8	7	23	14	15	9	14
LOC141462310	2	1	0	0	1	0	1	0
LOC141462229	13	18	15	10	19	16	8	13
Vps25	383	381	331	331	411	497	369	316
tud	3682	3056	4264	4485	6512	4623	5121	5450
l(3)72Dn	165	196	218	214	494	558	556	393
LOC141462280	7	12	7	10	8	12	8	8
Dim1	187	182	207	203	381	373	264	307
LOC141462179	1	5	2	4	9	3	2	1
LOC141462246	2270	2070	2673	2935	3627	2261	2338	2800
LOC141462348	1569	1266	1687	1758	1730	1092	1221	1307
LOC141462325	811	643	1033	1076	1090	957	1494	1091
LOC141462360	5	12	7	2	8	12	11	8
ldbr	1017	977	1228	971	589	523	443	439
mRpL36	163	160	153	147	266	224	203	234
LOC141462358	702	692	726	681	539	587	459	442
LOC141462356	322	255	391	461	528	296	418	471
Cdc27	1424	1178	1600	1413	2332	1522	1576	1656
LOC141446348	0	0	0	0	0	0	0	0
LOC141462372	7353	8497	9229	7617	11656	9393	7414	8560
LOC141462367	6979	6644	9937	9110	11218	8196	9148	9416
LOC141462316	2266	2524	2547	2375	3568	2437	2489	2538
LOC141446349	0	0	0	0	0	0	0	0
LOC141462363	1664	1485	1778	1713	2443	1696	1633	1819
LOC141446351	0	1	0	0	0	0	0	0
LOC141446352	0	0	0	0	0	0	0	0
LOC141462365	3	3	3	1	5	3	14	9
eIF3l	2333	2310	2508	2235	2408	2413	2052	1944
Alg1	362	408	356	338	478	546	571	375
Tcs5	96	88	101	89	147	123	108	119
LOC141462370	108	101	109	123	158	117	89	93
LOC141462368	79	58	90	76	72	47	35	51
LOC141462362	2	1	7	1	3	3	0	0
LOC141448664	3	2	4	3	0	1	1	2
LOC141462371	0	0	0	0	0	0	0	0
LOC141448672	1	0	1	0	0	0	0	0
LOC141448679	1	0	1	2	0	3	0	0
LOC141462374	0	1	0	0	0	0	0	0
LOC141448685	4	6	4	4	8	4	3	10
LOC141462373	2	3	1	2	21	19	6	6
LOC141448692	2	3	1	7	3	2	3	3
LOC141462376	15	21	25	9	11	8	9	4
LOC141462377	0	0	0	0	2	0	1	0
LOC141462375	71	104	13	61	129	61	91	59
LOC141448698	66	61	21	89	114	62	75	54
LOC141448707	100	102	25	91	154	61	97	84
LOC141448716	0	0	0	0	0	0	0	0
LOC141448718	8	0	16	1	0	0	0	0
LOC141462380	6	1	3	6	4	5	5	8
LOC141462381	0	0	0	0	0	0	0	0
LOC141462378	0	2	1	2	0	0	0	0
LOC141462379	0	8	3	7	4	2	1	3
LOC141462383	2	2	0	5	1	0	5	0
LOC141448725	8	2	3	3	8	6	12	7
LOC141462382	12	13	17	23	34	12	17	20
LOC141462385	758	681	691	753	1430	822	764	921
LOC141462384	61	42	125	68	89	53	57	134
LOC141445992	17	6	17	19	22	12	5	17
PolD2	307	299	328	301	615	437	362	409
Arpc1	1147	1374	1325	1276	1908	2155	2041	1323
LOC141445979	1959	1558	2099	2045	2812	1846	1632	1988
LOC141445996	2	3	2	1	3	0	0	2
LOC141445981	196	228	220	215	309	250	282	230
Arl2	232	269	259	284	450	420	344	398
LOC141445982	454	303	656	530	717	368	475	671
LOC141445998	3	0	0	0	0	0	2	2
LOC141445984	259	357	366	301	427	419	390	344
SmE	374	390	402	331	318	443	362	300
LOC141445986	790	743	949	855	1267	994	933	870
LOC141445990	382	167	145	141	172	159	286	126
Pdi	12741	13366	12593	12078	18731	36688	37283	14952
LOC141445995	85	76	92	87	74	46	43	68
Cox11	204	270	257	254	470	387	326	320
LOC141445988	4	12	26	21	33	32	16	8
LOC141445997	1	1	5	2	4	3	6	2
LOC141445999	1	3	0	4	2	6	1	1
LOC141445977	0	0	0	0	0	0	0	0
LOC141445976	0	0	1	0	0	0	0	0
LOC141445978	0	0	0	2	0	2	2	0
LOC141445989	14	30	27	34	23	19	25	31
TRNAL-UAG	0	0	0	0	0	0	0	0
TRNAP-CGG	0	0	0	0	0	0	0	0
TRNAP-UGG	0	0	0	0	0	0	0	0
LOC141446000	28	137	113	91	152	212	158	138
LOC141451543	0	3	2	0	0	4	2	0
dachs	158	129	224	193	219	129	177	272
LOC141446004	0	0	0	1	0	0	0	0
LOC141446002	0	0	0	0	1	0	0	0
Zip102B	1258	1337	1651	1531	2561	2063	1829	1990
LOC141446008	49	70	68	69	84	67	66	84
Su(z)12	398	297	456	416	722	466	504	524
MESR6	85	54	65	53	52	71	50	46
LOC141449981	3	4	10	6	4	2	2	4
LOC141449974	0	1	5	0	1	0	0	1
LOC141449988	0	0	0	0	1	0	0	1
LOC141449967	0	1	2	0	0	0	2	0
LOC141449977	0	0	0	0	0	0	2	0
LOC141449991	0	1	0	0	0	0	0	0
TRNAR-CCU	0	0	0	0	0	0	0	0
LOC141449961	1	0	0	1	6	0	0	1
LOC141449935	2653	1763	3010	2615	3953	1533	1293	1866
Pus10	1139	1213	1346	1023	582	610	576	431
LOC141446009	1061	2030	1408	1191	36	148	103	24
LOC141451548	0	0	0	0	0	0	0	0
LOC141446010	865	741	911	842	650	440	250	528
LOC141449900	179	144	243	314	349	219	350	343
LOC141449908	356	374	386	400	851	919	929	652
LOC141449913	55	42	57	60	91	126	171	114
HDAC1	977	1144	1121	1166	2029	1730	1564	1738
LOC141449939	32	35	46	44	45	34	31	33
LOC141449841	2	0	1	5	3	2	1	3
LOC141449837	6	2	10	6	14	11	2	12
LOC141461367	8	0	8	1	2	4	4	7
LOC141461387	3	1	0	5	4	4	2	9
LOC141449880	0	2	3	1	10	5	7	4
LOC141449985	0	0	0	0	0	0	1	0
LOC141449895	529	491	537	502	1031	902	833	732
LOC141449862	1045	678	885	1214	795	579	592	684
LOC141449951	6	0	1	2	8	1	0	5
LOC141449955	2	0	3	3	3	1	1	0
Pfdn4	440	426	438	448	770	719	643	665
Helz	1301	940	1494	1480	1926	1291	1461	1720
LOC141450009	10	11	3	11	11	15	1	2
mgl	6770	4130	6445	6349	9324	5268	6467	7181
LOC141446385	0	0	0	0	0	0	0	0
LOC141446011	0	0	0	0	1	0	0	1
LOC141446012	0	0	0	0	0	0	0	0
LOC141450107	1	0	1	0	1	0	0	1
LOC141450101	0	2	1	3	0	0	0	0
eIF3e	1210	1370	1227	1145	1562	2120	2022	1408
LOC141450046	4	2	3	1	10	11	9	2
LOC141450078	89	101	132	112	186	199	152	139
LOC141450086	3	4	5	3	5	8	5	3
LOC141450096	4	6	5	3	7	0	1	4
Polr3H	685	815	699	719	998	862	701	795
rept	407	383	377	362	639	700	633	536
LOC141450177	106	100	82	96	136	75	87	76
Nhe2	4783	3382	4297	4809	3994	2661	3923	3255
LOC141446013	2	0	0	3	1	1	3	1
LOC141450276	6808	5973	6727	6771	9333	6841	6319	6579
LOC141450188	2544	2495	2877	2587	3286	2608	2540	2323
LOC141450275	41	15	26	28	31	24	19	25
LOC141450509	0	0	0	1	0	1	1	0
LOC141450205	393	463	544	570	759	493	470	526
LOC141450532	2	1	3	4	1	5	2	4
LOC141461466	375	321	392	420	449	275	291	300
LOC141450233	551	468	672	540	610	528	528	463
Tgs1	918	849	969	1069	1499	1173	1089	1222
SmF	170	123	231	192	591	600	509	475
ND-24	636	658	621	723	1004	923	780	759
LOC141450353	1984	2219	2356	1791	804	698	608	682
LOC141450452	12	12	14	8	24	16	9	16
LOC141450384	493	351	491	461	595	401	396	360
mdlc	237	231	229	211	364	364	272	335
LOC141450290	470	476	525	510	726	528	501	549
LOC141450335	0	2	0	0	0	0	0	0
LOC141450325	21	7	12	7	9	9	3	2
LOC141450522	0	2	1	2	3	3	0	0
LOC141450474	2	0	0	0	0	1	0	0
LOC141450348	1139	990	1274	1108	2408	1484	1322	1800
LOC141450343	119	130	175	119	165	136	131	142
LOC141450217	494	456	510	448	615	509	434	400
Taf13	207	206	200	188	259	288	223	272
LOC141450201	1057	994	1128	1127	1501	1027	962	957
LOC141450465	28	24	44	17	41	26	26	24
LOC141450515	20	19	19	17	38	16	15	12
LOC141450521	85	40	58	75	85	44	54	34
LOC141450520	72	70	79	60	92	49	55	63
LOC141450503	232	175	196	223	274	190	171	148
LOC141450518	26	20	26	19	31	21	26	19
LOC141450364	50	55	62	50	59	65	41	36
LOC141448735	183	157	194	123	191	136	104	130
LOC141450448	96	78	107	73	127	73	60	54
LOC141448741	0	0	0	0	0	0	0	0
LOC141448752	81	53	60	55	101	80	56	47
LOC141450534	14	14	17	19	19	16	11	14
LOC141450484	51	45	58	49	74	45	39	54
LOC141450601	20	14	27	24	23	15	23	19
LOC141450575	36	17	41	28	34	34	23	20
LOC141450659	4	6	4	6	9	3	9	7
LOC141450649	55	30	29	39	43	29	30	30
LOC141450656	43	24	43	33	49	36	41	20
LOC141450636	19	18	19	22	22	15	14	12
LOC141450646	41	42	53	43	62	54	42	50
LOC141450627	51	56	54	51	65	45	41	45
LOC141450557	107	76	114	93	126	97	79	98
LOC141450632	10	11	12	7	20	8	8	15
LOC141450535	663	619	667	561	914	568	547	550
LOC141450617	149	189	149	210	228	157	155	151
LOC141450540	392	339	386	380	421	268	267	255
LOC141450653	90	116	93	98	102	86	63	79
LOC141450640	29	43	34	29	45	27	29	22
LOC141450966	99	77	98	98	126	97	74	71
LOC141448758	0	0	0	0	0	0	0	0
LOC141451007	839	690	811	806	1108	714	580	661
LOC141451143	122	122	140	118	131	97	76	97
LOC141451113	35	37	42	41	43	30	40	27
LOC141451099	105	89	102	82	96	70	58	72
LOC141451165	15	10	20	8	17	4	12	11
LOC141451078	283	220	307	246	348	244	168	270
LOC141451073	22	22	28	23	29	17	22	31
LOC141451018	148	115	140	109	148	117	71	78
LOC141451162	40	34	55	54	69	68	49	58
LOC141451181	23	44	15	26	41	30	35	18
Pka-R1	7611	7132	8427	7948	9404	6891	5840	7391
LOC141450867	1324	1150	1385	1410	435	393	403	290
LOC141450844	1205	1095	1337	1236	1776	1327	1219	1253
LOC141450661	4099	3975	4989	4479	4932	4179	4107	3605
LOC141451166	23	22	31	24	29	18	15	14
TRNAR-UCG	0	0	0	0	0	0	0	0
cue	1433	1157	1432	1332	1734	2471	2899	1238
LOC141451167	1	0	3	2	1	2	4	2
Vsp37A	19	18	11	25	31	14	27	20
Strump	890	847	1042	920	1472	1135	1087	1000
LOC141450704	20	22	37	31	33	30	22	24
LOC141450718	585	1040	927	364	201	414	249	88
Yeti	468	536	528	487	1086	774	793	752
LOC141451000	443	447	550	529	827	639	676	654
LOC141450853	275	300	339	336	437	447	469	344
LOC141450920	505	444	544	652	969	585	662	719
Ttc30	30	25	21	29	56	15	33	32
LOC141451185	249	314	276	243	502	294	260	299
LOC141450714	387	318	426	419	586	387	378	425
LOC141450900	2013	2575	2267	1849	897	1157	960	743
LOC141450892	181	230	243	200	323	538	484	269
LOC141450811	860	773	1054	1103	1076	795	1017	869
LOC141446356	0	0	0	0	1	0	0	0
Uev1A	1211	1352	1350	1223	1909	2051	1722	1461
mRpL30	432	501	478	462	664	612	548	570
LOC141450739	168	164	150	116	228	209	171	154
Cyt-c1	2713	3222	3365	3021	2847	2875	2708	2272
tral	918	928	1128	1004	1523	1226	1289	1103
LOC141451177	38	29	55	37	52	30	28	47
LOC141451042	841	744	859	791	965	672	559	618
LOC141450940	605	526	621	605	761	531	484	500
LOC141450987	322	241	336	310	464	242	272	343
LOC141451171	15	23	36	16	23	23	19	19
LOC141451093	197	189	214	229	400	224	199	256
LOC141450766	228	200	338	345	421	231	248	297
LOC141451190	4	0	0	2	6	3	6	3
LOC141451154	17	4	11	8	5	4	6	7
LOC141451168	1	2	6	3	5	1	5	2
LOC141446014	2	0	1	1	0	0	1	0
LOC141446015	5	2	1	1	5	7	4	0
LOC141446029	212	164	277	207	348	191	209	246
LOC141446034	3000	2592	3250	3315	4003	2572	2770	2689
Elp6	93	69	108	94	119	140	119	122
LOC141446030	694	384	709	687	824	395	398	660
LOC141446032	0	0	0	0	0	0	0	0
LOC141446033	514	460	599	553	706	563	512	539
LOC141446036	125	90	167	171	194	138	131	155
LOC141446037	1671	1735	1921	1803	2616	2137	1918	1987
LOC141446040	1166	1371	1170	1189	1283	1430	1258	896
LOC141446039	240	239	271	219	429	338	343	310
LOC141446028	950	899	1093	1029	1356	1088	1036	974
LOC141446041	595	501	584	501	485	403	262	360
Src64B	1788	1893	1808	1899	2734	1779	1423	1565
b	759	766	762	637	806	338	356	477
Tmep	2870	3280	3573	3612	4179	4632	4399	2648
LOC141446021	0	0	0	3	0	0	0	0
LOC141446023	12	19	8	28	25	33	18	24
LOC141446018	1394	1460	1511	1584	2164	1873	1611	1581
LOC141446022	0	0	0	3	0	0	0	3
LOC141446019	1171	1237	1164	1143	1780	1558	1396	1395
Ctl1	2456	2554	2730	2823	2315	2143	1550	1577
LOC141446048	972	753	1190	967	1654	879	837	1249
LOC141446050	2	0	2	1	0	3	1	2
LOC141446024	665	7	6	8	2	5	860	5
LOC141448765	1	0	0	0	0	2	1	0
LOC141446026	0	0	1	1	3	0	0	3
LOC141446027	0	2	0	0	0	0	0	0
Nubp1	625	741	759	506	570	461	417	370
LOC141446044	249	278	305	287	323	247	239	242
LOC141446042	825	835	833	803	1006	816	791	665
l(2)09851	446	432	479	417	479	449	516	433
LOC141446049	16	22	11	22	33	33	30	24
cyp33	166	139	166	164	285	233	219	196
wde	816	735	763	856	1310	1054	917	999
LOC141446068	144	159	168	140	183	170	150	132
Oseg2	182	141	247	199	301	197	174	226
LOC141446066	984	1026	1125	957	1392	1045	912	927
LOC141446071	17	16	19	4	11	9	7	10
LOC141446069	45	78	54	32	59	71	33	35
LOC141446067	299	188	273	239	231	161	137	155
LOC141446063	779	754	840	761	1166	965	1000	841
Psa	2042	2065	2243	2282	4088	4037	3951	3340
LOC141446058	2	1	0	1	2	4	3	0
LOC141446073	0	0	0	0	0	0	0	0
hdm	4	5	1	4	3	1	1	2
LOC141446061	486	484	435	417	553	495	453	445
Syn1	520	481	626	547	1033	633	661	739
LOC141446062	166	184	249	233	336	280	276	303
Mnat9	236	203	249	258	286	211	184	171
LOC141446060	8	9	13	8	13	7	5	13
LOC141446055	10	13	18	21	26	12	14	16
LPCAT	501	532	585	595	806	473	438	579
LOC141446070	0	0	0	0	0	0	0	0
LOC141446072	0	0	0	0	0	0	0	0
LOC141446081	66	68	75	74	120	73	99	94
LOC141446085	0	0	2	2	1	0	0	1
LOC141446082	1442	1176	1822	1767	2073	2051	2772	1855
LOC141446083	69	56	76	80	76	45	20	55
LOC141446079	50	97	154	241	61	233	189	97
LOC141446084	3	3	15	2	1	1	8	3
LOC141446078	54	41	58	33	42	47	43	39
Pms2	264	197	290	262	395	320	316	288
LOC141446080	473	395	615	562	861	492	551	716
LOC141446086	0	0	0	0	2	0	0	0
LOC141446074	2	2	2	0	6	8	4	4
LOC141446075	0	0	0	1	1	0	0	0
LOC141451549	1	1	5	1	4	6	0	2
OR29	1	0	0	0	0	1	0	0
LOC141451557	4	0	0	0	0	0	0	3
LOC141451570	0	0	0	0	4	0	0	1
LOC141451585	1	0	2	0	1	0	0	1
LOC141446419	0	0	0	0	0	0	0	0
apt	1	0	1	0	6	2	0	1
LOC141446088	2	1	1	2	5	4	4	2
zfh2	2470	1847	3065	3170	3667	2107	2384	3022
LOC141448771	0	0	0	0	2	1	1	4
LOC141446091	10	10	11	24	26	14	15	10
LOC141451597	0	0	0	0	0	0	0	0
LOC141446092	5	0	2	2	3	1	0	3
LOC141446095	247	227	262	258	480	357	283	408
mus301	56	35	34	56	112	87	74	50
EMC8-9	2629	2807	2980	2326	1487	1414	1240	1113
LOC141446093	857	877	934	976	1692	1541	1511	1463
LOC141446098	0	1	0	2	0	2	1	0
LOC141446097	0	2	0	0	1	0	0	0
LOC141446100	51	36	44	44	82	42	34	31
LOC141448776	0	1	0	0	0	3	0	0
Apt1	1363	1431	1468	1401	2035	1742	1553	1443
Pop1	160	169	196	207	372	333	333	298
UK114	344	488	494	357	479	598	445	334
LOC141446103	24	32	10	29	35	44	18	13
LOC141446108	21	18	7	22	33	28	23	7
LOC141446106	49	51	21	68	136	78	41	32
LOC141446109	0	0	0	1	1	0	0	0
LOC141446102	0	0	0	0	1	0	1	0
LOC141448779	2	0	0	0	0	0	0	0
LOC141446110	0	0	2	0	0	0	0	0
LOC141446113	601	568	696	615	925	624	513	686
LOC141446112	180	223	202	164	202	176	153	156
LOC141446111	186	93	130	127	187	128	96	160
LOC141446114	788	557	850	731	1324	582	610	906
LOC141446115	66	89	110	20	1	119	115	5
LOC141446119	74	148	130	10	2	1696	8926	1
LOC141451600	815	1388	716	161	0	1516	1865	2
LOC141446118	2245	1930	2572	2154	2993	1907	1816	1965
LOC141446129	2	1	0	1	0	1	0	0
LOC141446122	19	13	12	15	13	24	9	4
LOC141446127	2	3	8	2	0	2	3	3
LOC141446117	66	73	82	78	77	68	56	42
LOC141446124	1994	3719	2409	2327	24	7329	5959	209
LOC141446123	7	6	15	7	17	9	6	2
TRNAF-GAA_1	0	0	0	0	0	1	0	0
Ac76E	397	316	418	430	693	369	423	498
LOC141446126	7	3	3	2	1	4	0	3
LOC141446128	0	0	4	2	1	0	3	0
LOC141446121	447	550	443	337	15	1112	1213	58
LOC141446125	3	0	0	0	0	2	0	1
LOC141446120	0	3	5	4	4	3	0	0
Aos1	138	248	193	183	535	620	526	423
LOC141446132	198	169	218	168	258	246	223	156
LOC141446134	613	617	801	662	907	750	642	619
LOC141446135	499	620	644	676	622	1105	1072	439
Coq6	611	493	601	539	563	492	384	422
LOC141446145	556	487	554	521	836	661	650	630
Pect	948	1002	1137	925	1205	1284	1228	914
LOC141446153	0	0	0	0	0	0	0	0
LOC141446146	578	634	638	565	872	712	571	592
LOC141446140	236	293	267	221	481	437	432	341
PMP34	162	140	172	138	244	207	187	162
mRpS34	246	276	253	245	474	672	552	429
Alr	55	53	52	45	103	112	127	95
LOC141448784	70	56	65	56	106	97	103	97
LOC141446147	778	872	854	807	1586	1888	1443	1195
LOC141446148	48	107	61	42	78	64	44	49
LOC141446155	85	76	64	70	140	72	70	55
LOC141446154	0	0	0	0	0	0	0	0
LOC141446156	78	29	51	45	66	34	51	46
LOC141446131	405	261	506	403	501	232	281	450
LOC141446133	366	396	321	328	469	386	292	310
ICA69	615	516	580	546	841	735	731	669
Eip63E	575	531	766	756	990	579	674	690
LOC141446159	1	6	11	4	5	6	1	7
LOC141446157	54	41	71	39	42	25	39	33
FASN1	739	664	1035	1394	3656	5702	5939	3332
LOC141446158	0	0	0	2	0	0	1	0
LOC141446151	16	8	11	10	25	17	24	20
LOC141446170	0	0	0	0	0	0	0	0
LOC141446160	6	16	5	16	40	15	23	10
LOC141446168	36	10	27	28	27	35	16	27
LOC141446165	338	486	426	400	308	352	300	239
LOC141446166	920	956	1024	1007	1301	1218	919	918
Ppr-Y	50	48	62	57	88	40	46	77
LOC141446164	1375	1403	1502	1496	2234	1835	1450	1426
TRNAG-CCC	0	2	0	1	1	2	0	1
LOC141446167	500	557	529	465	874	937	902	694
Nhe1	1263	866	1436	1348	1558	1021	1271	1229
LOC141446163	189	212	240	253	386	302	289	249
LOC141446172	1129	742	1262	1130	2019	966	1153	1542
LOC141446171	72	16	60	47	53	36	16	45
LOC141446176	28	68	39	35	72	49	44	44
LOC141446175	14	32	23	37	54	34	10	16
LOC141446174	25	55	50	55	64	54	26	10
CSN3	1092	1138	1278	1142	1798	1540	1471	1413
LOC141446200	279	324	308	321	433	379	322	356
Top2	1351	1330	1566	1667	2613	2088	1879	2041
CIAPIN1	419	409	402	383	532	461	434	376
LOC141446193	300	257	420	391	580	456	418	471
Polr1A	267	332	338	335	686	716	899	521
Tmx3	889	902	1078	1049	1653	1056	1016	1081
LOC141446187	961	890	1176	1023	1645	1092	1015	1093
PDCD-5	347	415	284	351	815	882	838	647
cactin	521	544	608	560	947	788	720	669
LOC141446199	43	21	52	27	31	23	22	28
LOC141446194	551	564	639	667	803	640	584	639
LOC141446201	315	396	391	385	619	558	567	458
LOC141446209	7	11	25	15	17	9	5	14
LOC141446213	0	0	0	0	0	0	0	0
Fitm	291	408	388	422	906	703	621	617
Rh3	34	18	30	28	41	20	12	22
LOC141446186	725	436	682	551	589	797	816	617
LOC141461717	85	115	119	92	176	271	279	156
LOC141446195	1214	1247	1276	1087	1020	750	625	679
MED10	97	92	99	75	156	147	136	115
LOC141446184	2195	1803	2679	2668	3857	2159	2352	2853
LOC141446215	75	34	72	63	98	47	65	69
LOC141446181	4249	3143	4916	4716	6029	2996	3205	4475
LOC141446208	3	0	7	0	5	3	3	5
LOC141446207	76	53	65	41	104	70	82	85
LOC141446204	14	10	23	17	25	40	33	48
LOC141446180	0	0	0	0	2	0	0	0
LOC141446179	0	0	0	1	1	3	0	1
LOC141446197	43	34	32	33	66	36	22	48
LOC141446214	17	12	7	10	25	12	11	22
LOC141446211	5	7	0	3	5	5	11	0
LOC141446210	17	68	10	19	68	16	78	5
LOC141446206	67	196	37	39	225	115	197	69
LOC141446216	0	0	1	0	2	1	0	0
LOC141446217	5	3	1	2	2	2	5	1
Setx	336	239	403	458	547	384	375	431
Rpt2	1339	1423	1434	1389	2655	3028	2798	2263
Ntan1	204	200	267	255	412	323	426	254
oxt	242	166	382	399	378	236	306	315
LOC141446223	580	623	563	616	773	616	492	494
LOC141446222	23	40	36	27	57	49	43	36
axo	6729	5768	7849	7877	8982	6131	6389	6633
LOC141448792	2	0	2	0	1	0	4	5
E(z)	769	801	966	833	1292	1149	1034	887
mRpL42	400	435	443	388	731	623	529	592
LOC141446226	2042	1937	2387	2164	3350	2788	2958	2424
LOC141446232	1	6	1	0	3	2	0	1
Sec71	1603	1346	1995	2195	2145	1892	2292	1832
LOC141446234	2	0	1	0	1	0	0	1
LOC141446233	629	619	684	621	852	824	723	539
LOC141446230	853	734	931	933	1448	1321	1320	1183
LOC141446229	195	195	364	339	258	182	247	300
unc-13-4A	1800	1405	2270	1878	3029	1597	1481	2294
LOC141446240	29	24	25	28	56	33	17	37
TRNAP-UGG_1	0	0	0	0	0	0	0	0
LOC141446238	19	18	51	18	50	30	21	28
LOC141446236	110	47	67	65	99	89	74	91
LOC141446237	55	28	41	40	59	42	30	37
olf186-M	1058	849	1062	1087	1323	858	881	959
LOC141446249	6	3	7	8	9	1	5	6
LOC141446244	657	509	686	604	754	503	582	537
LOC141446245	4380	3933	4862	4861	6261	7644	7451	5048
LOC141446383	1	10	1	4	6	6	4	5
LOC141446247	1	0	1	1	2	0	0	0
LOC141446241	525	494	670	567	977	832	881	772
iPLA2-VIA	766	550	926	842	1385	1008	1297	1188
LOC141446248	5	1	5	8	4	15	12	17
LOC141451606	5	5	4	12	15	8	2	10
LOC141446250	3	2	0	0	3	2	2	1
LOC141451613	1	1	0	5	2	4	1	2
LOC141446253	2083	2065	2440	2453	3629	2218	1893	2686
LOC141446252	547	541	621	543	1049	1205	1127	813
LOC141446251	845	766	861	808	1141	736	631	707
LOC141446257	733	652	826	683	1002	799	773	804
LOC141446263	7	6	14	8	12	2	8	6
LOC141446254	143	130	147	174	267	175	220	212
LOC141446265	0	4	1	4	2	0	0	1
Naa60	212	163	228	274	296	222	296	231
LOC141446264	0	0	1	0	0	0	0	0
LOC141446261	108	99	96	76	176	101	126	143
LOC141446256	557	368	554	527	831	555	569	581
LOC141446255	484	514	522	505	765	958	805	657
LOC141446262	16	23	21	20	19	17	11	10
LOC141446258	371	420	410	405	673	778	722	587
LOC141448797	177	127	97	186	128	124	70	76
Zip48C	787	780	1023	926	1961	1594	1866	1329
LOC141446266	40	38	63	72	40	44	27	25
LOC141446269	2	3	4	6	3	2	2	8
LOC141446268	430	477	433	429	754	753	718	624
TRNAI-UAU	0	0	0	0	0	0	0	0
LOC141446270	643	555	692	631	904	697	699	663
CCT6	2006	2303	2247	2169	4966	5736	5263	4179
LOC141446273	923	894	1033	931	940	802	510	631
Vps53	349	324	381	407	721	692	600	579
l(3)04053	434	390	505	486	785	556	618	625
TRNAG-UCC_1	0	0	0	0	0	0	1	0
Rexo5	311	327	349	296	465	441	444	342
LOC141446406	0	0	0	0	0	2	0	1
LOC141446276	349	278	399	460	516	311	313	400
LOC141446282	1	2	1	1	0	1	0	1
LOC141446283	1	5	2	3	1	2	3	1
LOC141446422	0	0	0	0	0	0	0	0
TRNAW-CCA	0	0	0	0	0	0	0	0
LOC141446277	275	528	839	324	26	95	150	54
LOC141446279	97	108	118	115	62	87	173	32
LOC141446280	2	0	4	2	0	0	0	2
LOC141446281	2661	2340	3054	3048	3312	1949	1833	2695
armi	16	5	7	5	14	16	13	13
LOC141446288	342	310	357	325	546	394	454	372
LOC141446284	3099	2754	3786	3264	4715	3655	3658	3566
vir	800	594	931	936	1244	969	1083	980
LOC141446287	661	612	699	571	820	724	635	637
LOC141446291	12	43	20	24	14	22	13	19
Atx-1	425	396	580	557	505	466	505	439
LOC141446293	9	3	15	3	3	1	5	6
LOC141446298	345	347	353	338	647	568	529	518
l(1)G0320	1801	1984	2145	2245	4339	6243	7068	3854
LOC141446295	271	295	340	311	528	465	387	389
RpS28b	932	1015	913	766	902	1183	1123	803
bc10	343	426	423	394	711	772	715	598
LOC141446302	1	3	1	2	0	1	0	0
LOC141446294	1733	1547	2251	2056	2770	1671	1646	2203
LOC141446290	0	0	0	0	0	0	0	0
LOC141446301	1	1	6	0	3	1	0	2
LOC141446303	1493	1126	1885	1701	1983	1422	1546	1799
LOC141446305	2	1	2	7	4	25	23	5
MsrA	138	145	184	189	1877	1493	1193	1962
LOC141446308	37	1	28	3	2	24	135	14
LOC141446310	72	105	113	101	155	111	140	125
MYPT-75D	1062	1100	1237	1121	1443	1162	1045	1039
LOC141446313	5	11	15	19	2	15	11	3
LOC141446311	0	2	2	0	2	0	3	2
LOC141446608	10	17	15	15	25	37	12	7
LOC141446609	15	15	18	20	48	14	21	17
LOC141446534	0	0	0	0	0	0	0	0
LOC141446607	0	0	8	1	4	2	2	5
LOC141446610	1422	1433	1346	1164	1471	1240	1044	970
LOC141446612	9	0	8	8	1	2	2	2
htt	5229	4510	5704	5474	6901	4747	4783	4879
LOC141446613	113	120	151	110	111	100	79	78
LOC141446614	1166	1367	1507	1120	2047	1431	1337	1253
Skel	324	329	403	354	520	437	467	469
LOC141446617	1142	1213	1325	1064	1438	1132	932	1207
LOC141446535	0	3	4	1	2	1	2	0
Osi24	204	250	229	241	305	216	185	232
LOC141446619	156	163	181	132	250	303	267	219
Osi2	95	80	106	100	209	117	118	168
LOC141446621	82	98	107	121	99	70	90	57
e	9419	9066	11642	11844	26492	14723	16386	20275
LOC141446630	1704	2026	2117	1885	3047	3604	3094	2266
LOC141446631	1336	1413	1506	1345	2370	2144	1647	1691
LOC141446629	110	111	129	124	80	140	191	61
LOC141446638	324	307	332	266	382	348	239	279
Csas	834	684	754	749	965	663	593	621
dare	171	125	165	181	252	249	283	198
Rae1	422	472	464	450	713	638	685	556
Mlc2	7997	7829	9971	16913	2765	5274	2711	4584
LOC141446635	1816	1821	2349	2066	3060	2385	2468	2470
mRpS16	190	169	155	137	240	237	194	192
LOC141446626	1323	1487	1878	1610	1794	2257	2398	1580
LOC141446623	123	108	178	158	227	191	187	172
tws	2291	2432	2574	2580	3887	3494	3487	3179
LOC141446643	5	4	14	10	11	8	7	9
TAF1B	323	306	356	349	724	499	563	556
LOC141446625	103	77	179	172	255	111	145	143
LOC141446642	42	39	45	51	75	43	30	46
bic	9783	10495	11048	9060	5434	5601	4557	4446
LOC141446628	346	275	318	327	485	598	479	432
LOC141446647	180	214	239	205	200	294	247	173
LOC141446646	136	259	213	185	79	123	85	58
LOC141446644	3330	2525	3924	2985	4389	3304	2853	3167
LOC141446649	31	36	60	37	62	29	27	15
LOC141446650	3	6	5	10	5	5	5	2
LOC141446648	2	4	8	0	8	4	0	10
LOC141446651	218	172	248	236	398	240	236	298
LOC141446655	640	690	814	638	645	328	297	368
LOC141446662	519	489	556	608	963	714	622	708
LOC141446666	639	657	682	667	1323	1050	920	953
tum	101	88	116	114	210	175	119	173
LOC141446659	3565	3603	4454	4037	3730	2727	1989	2298
LOC141446661	3679	3553	3896	4101	4876	3812	3322	3732
LOC141446670	12	6	9	7	5	3	4	6
LOC141446667	35	17	21	18	50	41	35	43
Spf45	316	332	336	312	552	616	526	492
LOC141446671	4	0	1	2	0	1	1	1
LOC141446654	3	5	6	3	4	7	1	2
LOC141446669	0	0	0	0	0	1	2	1
Vha55	4416	4538	4570	4557	6507	5894	5047	5041
Polr2B	2456	2249	2644	2592	3682	2913	2950	2924
FipoQ	445	468	599	531	1013	649	729	761
Snr1	559	634	673	722	1206	1046	943	972
St2	15	21	16	7	26	35	15	9
LOC141446668	174	172	160	163	319	281	261	225
LOC141446656	755	638	877	887	1216	752	883	879
LOC141446676	336	206	54	11	23	2	3	4
LOC141446672	1067	902	1298	1226	1479	871	978	1146
LOC141446675	122	138	131	132	257	269	277	146
LOC141446677	73	54	53	58	92	57	47	69
LOC141446678	5	4	4	2	1	6	0	0
LOC141446674	225	290	327	339	443	435	385	361
VhaAC45	4624	4194	5261	5067	7521	5450	5351	5923
LOC141446683	1787	1789	1969	2008	1565	1892	2113	1297
LOC141446680	808	820	241	189	32	348	255	24
LOC141446685	1	0	0	0	0	0	0	0
LOC141446684	2	1	1	4	1	0	2	3
LOC141446686	5	7	2	7	6	2	5	5
LOC141446681	1238	956	1454	1297	2046	1120	1067	1490
pea	606	541	674	617	956	642	630	688
LOC141446682	539	451	692	585	908	616	700	670
LOC141446688	384	375	498	506	792	663	1764	575
knk	1136	1115	1080	1088	1838	1482	1206	1397
LOC141446690	576	435	666	697	797	564	605	594
m-cup	1796	1711	2231	2044	2809	1925	2023	2016
boss	9	4	6	6	12	3	8	5
LOC141446687	17	20	19	13	26	13	7	17
LOC141446695	10	3	2	3	2	0	2	5
LOC141446693	5	6	6	4	11	2	11	5
LOC141446694	0	0	0	0	0	0	0	0
NSD	1491	1210	1595	1671	2140	1701	1656	1696
Nup107	584	607	728	682	1118	972	972	899
LOC141446706	8	5	17	17	9	7	7	10
LOC141446702	370	494	323	419	218	612	833	221
LOC141446704	58	36	50	68	74	38	51	66
LOC141446705	1628	1619	1560	1511	3298	2805	1961	2433
LOC141446709	7	6	15	18	20	16	10	14
LOC141446703	316	350	397	331	594	482	408	423
Unc-115a	2075	1868	2577	2711	3340	2302	2519	2448
LOC141446708	6	5	7	3	10	8	11	3
LOC141446707	1362	1359	1469	1465	2246	1698	1380	1572
LOC141446701	177	136	188	193	214	192	188	197
LOC141446698	1368	1007	1645	1301	2035	1124	1231	1764
LOC141447669	7	4	7	5	12	8	3	11
Pfrx	639	635	720	642	815	886	821	732
LOC141446716	0	0	1	0	0	0	0	0
LOC141446564	12	5	18	6	8	9	6	13
Zip99C	1452	1586	1701	1579	1877	1735	1448	1216
LOC141446713	482	475	463	383	625	522	457	416
LOC141446711	219	172	237	182	262	226	209	223
LOC141446715	217	237	275	208	340	243	190	255
LOC141446718	6	6	1	8	12	4	4	7
dsd	808	836	1072	1025	1366	1003	861	893
LOC141446717	0	0	0	0	0	0	0	0
Got1	1081	1123	1188	1056	1777	1849	1734	1263
MetRS-m	278	330	317	333	819	892	750	663
LOC141446721	494	385	508	477	957	509	545	720
Octbeta1R	94	66	154	126	163	70	97	150
LOC141446723	6	3	2	0	9	3	0	3
LOC141446724	1063	1001	1243	1122	1662	1233	1299	1208
LOC141446744	5	0	0	1	2	1	0	3
LOC141446725	8	2	8	9	9	0	14	24
LOC141446740	0	0	1	3	9	5	11	2
LOC141446737	5	7	7	7	1	1	0	6
LOC141446733	166	67	286	375	32	29	44	206
LOC141446734	168	176	198	346	20	15	25	64
LOC141446566	12	7	10	8	13	13	21	43
LOC141446735	0	0	0	0	1	0	1	0
LOC141446745	0	0	0	2	0	0	0	0
LOC141446739	0	1	0	1	0	0	1	0
LOC141446732	1	0	2	3	0	0	2	0
LOC141446730	3	0	1	0	0	0	0	0
LOC141446731	0	0	1	1	0	1	1	0
LOC141446741	3	1	2	1	5	5	7	2
LOC141446742	0	2	1	2	3	2	3	1
LOC141446728	0	0	0	0	0	2	0	0
LOC141446738	26	29	30	21	63	102	32	28
LOC141446726	5	3	7	10	4	5	3	9
LOC141446743	0	0	1	0	0	0	0	0
LOC141446571	1	3	2	2	8	5	4	3
LOC141446729	6	13	21	6	10	20	11	16
LOC141446727	12	5	5	7	15	8	3	6
LOC141446746	4	0	4	18	6	8	115	208
LOC141446747	29	35	72	76	25	25	25	63
LOC141446749	125	54	93	94	132	71	86	122
LOC141446750	0	2	1	3	2	1	2	4
mino	2194	1775	2402	2652	4060	3166	3415	3266
LOC141446754	86	83	82	75	133	147	128	99
Grx3	822	854	842	702	777	778	675	629
l(3)07882	294	375	318	356	549	534	613	503
Tsp86D	223	154	343	345	355	208	264	318
LOC141446756	1655	1787	1753	1633	2241	2277	2183	1779
wfs1	344	401	401	391	709	638	683	632
LOC141446758	758	817	808	790	1576	1616	1213	1170
LOC141446764	174	138	267	158	303	148	145	236
LOC141446573	0	0	0	0	0	0	0	0
slou	26	33	53	47	51	26	43	62
LOC141446763	90	33	32	50	39	35	99	35
LOC141446760	4	0	1	2	3	0	0	1
LOC141446761	15	9	46	13	3	4	1	1
Suv3	360	338	396	378	547	536	488	435
LOC141446772	284	268	309	273	426	287	275	264
LOC141446783	199	195	240	220	301	238	257	255
LOC141446793	48	49	51	64	61	45	33	54
LOC141446780	1570	1623	1605	1691	1828	1318	1139	1670
Hml	4388	9183	8636	8146	2264	4938	4235	1834
sog	408	422	466	493	488	326	379	328
LOC141446767	32	23	24	23	37	14	14	12
LOC141446770	0	0	2	3	0	0	1	0
LOC141446777	264	299	286	266	365	378	320	225
LOC141446774	179	143	193	163	239	156	144	160
LOC141446574	545	532	618	561	654	514	427	475
LOC141446776	366	340	333	348	370	291	292	261
LOC141446775	828	711	919	915	1324	927	917	937
Uxt	158	157	160	132	237	229	173	166
LOC141446782	1829	1263	1761	2078	1517	1102	953	1208
LOC141446795	3	2	4	3	3	5	3	3
LOC141446781	4541	5751	5101	5124	7215	4935	4647	4553
LOC141446788	21	11	11	21	25	25	15	23
ORMDL	731	744	773	668	796	671	605	506
rswl	212	224	257	275	556	674	567	467
LOC141446786	3	8	11	2	7	9	6	0
LOC141446785	2	2	2	3	1	5	0	0
LOC141446797	0	0	0	1	0	0	0	0
LOC141446791	0	0	0	0	0	0	0	0
LOC141446790	0	1	0	0	0	0	1	0
LOC141446784	755	1940	1799	1157	614	1005	613	467
LOC141446765	0	0	0	0	0	0	0	0
LOC141446796	1	0	4	0	3	1	2	0
LOC141447661	0	0	0	0	0	0	0	0
LOC141446787	181	135	177	206	225	169	283	170
LOC141446798	141	112	103	102	173	143	125	134
LOC141446799	5	1	2	0	2	0	3	0
LOC141446804	226	219	308	285	501	406	254	348
Pbp45	175	159	196	184	350	256	189	241
spn-E	1461	1272	1620	1552	2203	1673	1689	1678
LOC141446802	2155	2512	1418	2628	1038	3134	1515	1100
LOC141446803	533	623	563	518	355	481	463	299
LOC141446806	23	21	24	33	24	69	48	20
LOC141446801	4092	4654	5516	4320	3016	3352	2362	2088
LOC141446815	5	11	13	5	7	24	17	6
LOC141446812	76	96	119	80	67	81	93	78
LOC141446577	780	843	1014	930	661	554	466	504
LOC141446807	83	80	78	105	133	90	99	106
LOC141446814	5	5	3	1	5	4	3	2
LOC141446813	76	60	65	60	78	62	76	55
LOC141446810	2191	2715	2493	2260	2134	3443	2809	1817
LOC141446808	2706	2778	3194	2580	2280	1987	1495	1550
LOC141446811	1323	1277	1517	1534	1596	1035	830	1218
LOC141446809	1334	1065	1279	1271	1515	920	1061	1007
LOC141446816	111	78	115	126	89	53	67	69
LOC141446817	62	64	92	85	86	31	41	33
LOC141446819	71	67	98	94	118	87	59	78
LOC141446818	216	136	224	200	329	94	151	171
LOC141446820	867	872	936	1001	1272	871	772	887
mol	478	414	565	542	671	383	395	397
LOC141446481	186	202	239	214	420	347	310	315
LOC141446493	16	3	7	7	16	8	5	7
LOC141446491	17	31	20	24	21	25	22	39
LOC141446486	439	489	503	484	900	691	589	633
Csl4	272	255	224	272	349	408	328	327
LOC141446468	4010	3741	5159	4547	5680	3619	3398	3657
LOC141446462	92	39	52	47	77	25	45	85
srl	1366	1184	1632	1623	2011	1545	1692	1487
Prp38	149	134	152	144	295	261	213	201
Ns1	607	654	610	530	758	991	974	678
LOC141446489	22	53	47	32	18	51	42	18
LOC141446456	1278	978	1544	1407	1697	1227	1327	1242
Wdr24	581	563	676	628	867	736	704	658
LOC141446484	700	684	837	894	1510	1216	1290	1166
LOC141446466	210	140	210	220	265	189	175	218
Rala	946	957	1073	1060	1870	1556	1401	1443
LOC141446475	1157	989	1308	1254	1790	1322	1153	1218
LOC141446469	581	692	474	735	551	559	442	548
LOC141446494	47	48	23	51	55	37	26	63
mbc	2147	1811	2315	2394	2963	2080	2088	2059
CstF50	426	395	427	480	767	637	559	504
Rpn1	2190	2023	2295	2444	3863	4185	4134	3252
Ublcp1	199	243	326	256	381	350	304	292
LOC141446488	203	195	217	195	302	264	235	232
LOC141446472	1799	1655	1984	2034	3293	2216	2531	2504
LOC141446470	539	466	580	543	795	581	606	592
tweek	5676	4245	6522	5596	6110	3683	4181	4522
LOC141446465	388	489	509	628	771	526	497	568
LOC141446490	66	82	71	92	103	92	94	74
LOC141446480	449	442	533	538	994	968	1070	745
LOC141446492	2	2	3	1	3	5	3	1
LOC141446477	738	757	770	706	1028	1034	911	860
LOC141446482	414	423	462	387	573	572	506	445
LOC141446478	97	95	70	75	112	107	79	76
trbd	437	351	661	609	619	525	587	515
LOC141446828	305	239	364	348	602	466	394	448
Abp1	877	831	978	1007	1476	1317	1241	1190
nst	460	418	557	548	760	717	678	572
Loxl2	45	70	75	75	135	56	78	75
Kaz	428	385	454	455	578	468	413	470
CtBP	2703	2385	3296	3132	4736	3573	3916	3801
LOC141446829	9	5	2	0	6	4	1	3
LOC141446827	112	125	135	136	217	169	154	147
Ent2	2389	2217	2855	2900	4253	3264	3198	3492
LOC141446838	782	659	625	751	905	588	659	765
Osi6	6	15	12	11	28	9	17	24
LOC141446536	0	0	0	0	0	0	0	0
LOC141446537	0	0	0	0	0	0	0	0
LOC141446830	14	13	12	13	50	15	13	27
LOC141446538	0	0	0	0	0	0	0	0
LOC141446540	1	2	1	8	1	1	1	13
LOC141446541	0	2	2	0	1	2	4	5
LOC141446578	1	0	0	0	0	0	2	1
LOC141446831	13	7	5	9	9	8	11	9
LOC141446832	40	41	56	33	77	58	33	36
LOC141446542	3	2	0	3	1	1	0	0
LOC141446543	0	0	0	0	0	0	0	1
LOC141446836	40	1	1	29	8	9	278	37
LOC141446837	2	1	1	0	1	1	0	2
LOC141446835	0	0	0	0	0	0	0	2
LOC141446834	7	0	11	12	1	0	3	26
LOC141446840	33	49	22	53	74	28	35	80
LOC141446843	223	159	104	236	195	127	122	271
LOC141446844	3	5	5	7	5	5	2	4
LOC141446842	19	48	26	29	9	38	142	17
LOC141446841	871	1273	1508	413	21	2826	4380	46
LOC141446845	1	1	4	1	6	3	26	12
LOC141446846	3	2	1	0	6	1	2	2
Liprin-gamma	2231	1785	2490	2253	3700	2191	2363	2914
LOC141446850	11	12	22	10	18	17	16	20
LOC141446847	3	4	12	2	2	1	2	2
LOC141446849	2	3	6	1	6	9	2	1
LOC141446852	358	322	372	316	459	314	220	237
LOC141446851	2405	2270	2608	2717	3706	2424	2204	2533
LOC141446581	1	3	0	0	2	0	0	1
LOC141446858	2282	2227	2770	2180	2149	2396	2420	1650
LOC141446856	539	543	679	679	981	633	656	768
LOC141446857	2155	2099	2652	2673	4174	2965	2881	3159
mRpS18C	356	410	390	347	504	517	433	392
LOC141446853	526	599	675	612	1092	1168	1311	1017
RhoBTB	771	458	1049	845	824	411	419	708
LOC141446865	1804	1403	2074	1872	2053	1223	1081	1359
LOC141446863	541	497	511	506	697	404	353	379
LOC141446862	20	22	38	53	72	10	19	32
LOC141446855	3	5	4	5	3	6	3	1
LOC141446864	118	122	168	176	353	143	139	176
LOC141446867	15	10	14	8	19	4	16	9
LOC141446866	5	59	5	39	4	12	7	0
LOC141446868	51	52	78	34	50	16	26	22
LOC141446869	10	14	9	16	17	18	3	8
LOC141446872	2077	1698	2264	2344	2807	1757	1913	2208
LOC141446871	5834	10810	7138	7799	3	9716	3368	346
LOC141446544	0	0	0	0	0	0	0	0
Rrp5	324	327	322	341	720	964	1066	734
RpL21	3587	4311	3867	3432	3408	5272	4393	3143
NiPp1	536	567	591	494	601	570	483	399
snu	1038	1302	1581	1326	1933	1146	1185	1206
LOC141446883	12	16	9	14	13	21	10	18
LOC141446881	30	47	38	37	64	36	29	26
LOC141446873	0	0	3	2	6	0	0	0
LOC141446878	33	36	31	37	89	37	49	39
LOC141446879	80	56	69	78	120	87	82	86
LOC141446882	65	86	82	85	84	90	61	53
EcR	574	537	667	632	704	525	572	487
TRNAL-CAG	0	0	0	0	0	0	0	0
LOC141446884	0	1	0	0	0	1	0	2
LOC141446887	115	140	122	113	176	144	130	133
Treh	3100	4660	4795	5171	1872	9317	6799	1841
LOC141446889	24	13	12	16	27	34	16	35
Ptr	942	347	387	519	564	314	720	415
LOC141446890	297	308	345	331	470	370	374	302
LOC141446893	73	58	55	56	78	73	55	55
LOC141446892	100	90	110	143	160	242	234	148
TRNAA-AGC	0	0	1	0	0	0	0	0
LOC141446895	0	0	0	0	0	2	0	0
Spx	513	515	574	490	889	724	693	629
LOC141446894	685	1148	1453	166	29	161	68	11
LOC141446896	315	575	633	621	201	1661	1356	148
TRNAK-UUU	1	1	2	2	0	3	4	1
LOC141446911	126	128	123	112	147	194	226	126
Duox	513	469	753	579	848	880	700	544
beta4GalT7	1223	1158	1451	1630	2005	1360	1367	1386
Nmnat	999	1008	1105	1164	1672	1576	1448	1268
LOC141446924	37	42	41	44	72	40	46	41
LOC141446923	55	57	88	77	95	65	60	77
LOC141446919	158	138	134	160	228	151	122	90
LOC141446914	3	3	3	3	4	3	2	6
LOC141446582	215	201	221	246	341	165	200	179
LOC141446897	292	244	186	338	275	197	174	227
LOC141446918	162	139	184	156	162	115	116	142
LOC141446920	28	17	20	27	38	28	10	16
LOC141446917	59	56	84	89	112	84	74	65
CkIalpha	2546	2383	2993	2934	4523	3335	3448	3406
LOC141446922	0	2	0	0	0	0	0	0
LOC141446905	2163	2405	2242	2140	1665	1426	1252	1224
LOC141446915	1307	1554	1579	1304	1176	1120	923	909
LOC141446909	367	353	291	315	280	310	261	193
LOC141446907	192	156	194	147	346	283	295	243
LOC141446921	29	19	10	11	20	12	10	5
LOC141446902	210	217	219	193	392	426	364	363
LOC141446908	2070	2099	2305	2047	2015	1989	1994	1517
pont	722	716	695	719	1425	1297	1176	1186
LOC141446901	11	12	10	18	28	13	8	16
LOC141446899	4	8	11	13	4	6	6	5
LOC141446916	4	1	0	0	1	1	0	0
pdm3	1329	1191	1606	1451	2036	1192	1355	1486
LOC141446925	1	5	6	5	6	0	3	0
Tsf2	355	290	398	419	418	310	398	394
baz	1377	1069	1237	1329	1483	1122	1834	1060
Drep2	2653	1762	3060	2750	4360	2225	2763	3702
Ack	805	854	1043	970	1473	966	953	995
LOC141446937	0	0	0	0	0	0	0	0
LOC141446933	150	146	140	141	265	386	425	266
LOC141446936	0	1	3	0	0	1	0	0
LOC141446931	550	459	756	573	817	470	520	593
LOC141446935	3	3	2	1	0	2	0	1
LOC141446929	223	167	237	177	277	204	173	187
Hsepi	953	888	1123	1187	1398	1062	1354	1134
LOC141446947	30	36	34	38	49	57	34	53
LOC141446940	2	5	2	5	11	0	9	9
LOC141446941	562	730	711	871	74	4841	3408	232
LOC141446945	9	7	18	11	13	16	11	12
LOC141446949	4	1	8	5	5	0	0	9
LOC141446948	10	11	14	19	14	13	4	14
LOC141446939	6722	7054	8383	6204	3514	2900	2669	2479
LOC141446946	347	333	408	346	443	335	250	332
Dnaaf3	117	113	129	166	229	116	154	251
LOC141446944	1007	1033	1231	1106	1146	2190	2024	826
LOC141446950	1	0	0	0	2	0	1	0
Not11	284	267	282	250	411	350	246	324
LOC141446938	79	43	72	34	43	45	22	24
LOC141446958	592	544	609	590	747	618	583	619
Coa8	244	282	271	264	462	397	324	348
LOC141446962	561	422	516	500	655	438	573	444
Ost48	1282	1344	1289	1420	2659	3930	3577	2234
Rpt6	1297	1389	1434	1305	2459	2745	2329	2089
Arf1	8709	8778	9553	8184	8739	8164	8214	7115
LOC141446955	1983	2683	3293	3085	1665	2435	1999	1476
LOC141446957	40	32	55	45	31	28	32	35
LOC141446959	330	332	340	294	356	239	220	220
LOC141446954	65	79	72	86	65	65	55	58
LOC141446961	160	176	169	164	200	146	140	148
LOC141446966	2	3	3	5	0	1	1	1
LOC141446965	11	9	15	11	22	12	18	5
LOC141446968	10	7	5	9	20	15	14	17
LOC141446967	197	171	153	186	266	137	147	183
LOC141446972	43	15	14	11	56	15	65	34
LOC141446970	96	74	97	91	91	68	117	90
LOC141446971	2	0	0	3	0	0	0	0
LOC141446969	0	0	0	0	0	0	0	0
LOC141446973	255	180	254	272	356	205	263	262
LOC141446980	16	19	26	24	17	7	6	7
LOC141446979	6	6	6	5	11	7	8	3
LOC141446978	14	14	9	10	19	6	12	7
LOC141446975	797	653	799	744	1349	1018	1050	1051
Fbxl4	147	136	170	197	262	173	226	234
LOC141446977	1	1	6	3	1	7	0	2
sp3	2691	2242	3205	2965	4274	2741	2540	3323
mfrn	2730	2311	2433	2850	5321	3615	3978	3739
GatA	344	272	301	308	434	334	422	302
LOC141446987	5	8	2	8	4	2	2	2
LOC141446982	30	20	30	19	31	20	21	22
LOC141446983	525	571	644	558	619	693	643	434
LOC141446988	40	32	53	47	44	47	55	38
LOC141446985	453	761	627	604	773	2592	2663	709
LOC141446583	244	402	383	432	247	1345	1471	256
LOC141446989	0	0	0	1	0	0	0	0
LOC141446991	0	0	1	0	1	2	0	0
Eip93F	303	308	376	359	1518	1106	817	1099
LOC141446993	53	46	50	44	193	152	130	143
LOC141446990	10	2	17	11	28	12	8	10
Non2	4937	4849	4828	5273	10230	9280	7753	7688
LOC141447000	17	16	9	14	27	22	15	12
LOC141446999	90	59	61	92	103	95	62	73
LOC141447004	536	599	528	511	940	870	695	693
LOC141447002	95	93	87	111	205	106	102	128
LOC141447005	6	9	16	11	16	8	11	16
LOC141446996	375	427	458	424	553	426	429	363
LOC141447667	1	0	1	0	0	0	0	0
DCTN2-p50	812	824	896	839	1388	1170	1031	1044
Ssl1	152	159	158	167	309	227	239	191
Chro	1291	999	1505	1282	1567	1165	1253	1202
LOC141447006	41	58	69	63	61	41	45	33
Ptpmeg	896	807	1077	1007	1400	978	944	868
Mettl2	150	170	166	139	439	445	447	352
LOC141447011	1416	1895	2346	2116	2093	2708	2306	1564
LOC141447008	219	172	211	135	233	170	158	94
LOC141447012	47	57	32	77	93	65	35	93
LOC141447013	0	1	1	2	2	4	4	2
LOC141447014	6	7	6	11	6	2	4	8
LOC141447018	853	648	1057	932	1165	727	695	931
LOC141446545	0	0	3	1	2	3	0	1
LOC141447016	114	128	156	135	70	70	72	43
LOC141447020	146	163	171	294	767	432	501	395
LOC141447668	0	0	1	0	0	0	0	0
LOC141447021	0	0	5	0	3	1	0	0
LOC141446584	0	0	0	0	0	0	0	0
LOC141447017	0	0	0	0	0	0	0	0
LOC141447019	11	8	16	5	22	6	7	7
LOC141447022	372	349	447	477	479	675	576	378
LOC141447031	45	81	44	22	4	7	3	4
LOC141447026	1723	1896	2330	1909	801	1599	1703	584
LOC141447029	467	508	540	468	566	431	387	338
LOC141447028	26	17	16	31	27	23	7	12
LOC141447024	360	296	482	447	464	321	347	331
LOC141447032	1431	1564	1627	1483	2352	1606	1011	1478
TRNAF-GAA_2	3	4	7	2	8	5	10	6
TRNAF-GAA_3	0	1	4	3	3	4	5	2
LOC141447027	1686	1745	1776	1651	2801	2108	1675	2123
LOC141447023	2	3	2	0	7	1	2	4
IA-2	12828	10396	14886	13956	20052	10874	10789	14890
LOC141447034	26	16	33	25	27	18	10	20
LOC141446546	0	0	0	0	0	1	0	0
LOC141447053	1	0	4	3	6	2	1	1
LOC141447051	2	1	6	1	6	1	0	1
LOC141447041	1310	1192	1700	1560	1628	1083	1193	1201
LOC141447037	0	0	0	0	0	0	0	0
LOC141447036	0	0	0	0	0	0	0	0
LOC141447038	0	0	0	0	0	0	0	0
LOC141447050	1	4	11	6	5	0	0	13
LOC141447048	22	188	116	97	11	233	102	33
LOC141447049	2	9	34	11	4	5	4	16
LOC141447047	18	26	17	9	6	8	9	10
LOC141447052	4	3	0	1	8	1	0	1
LOC141447043	79	66	84	89	133	127	120	82
Vps13B	4303	3220	4237	4302	4250	2513	2552	2730
LOC141447044	272	300	302	275	340	257	175	228
LOC141447045	15290	15445	15916	13487	14215	12803	10270	11089
LOC141447046	17	14	7	7	18	25	18	10
LOC141447040	1	0	2	3	2	0	1	0
Hr96	686	574	713	660	718	644	460	429
LOC141447057	3654	3844	4457	4415	6663	6843	5522	4346
LOC141447056	1650	1354	2015	2049	2658	1446	1536	1935
LOC141447059	14	5	7	2	17	9	6	26
LOC141447060	1	0	2	2	4	1	0	8
Mi-2	4628	3944	5510	5239	7851	5461	5443	5774
LOC141447644	1	1	0	0	0	3	1	1
Nop56	514	643	632	564	1307	1606	1516	1113
Tfb4	252	238	257	214	350	294	293	251
LOC141447067	556	516	586	531	1055	898	801	889
Las	124	164	151	176	326	339	300	262
LOC141447061	2546	2091	2995	3222	4051	2370	2559	3335
ScsbetaG	503	494	589	615	1186	1466	1544	973
LOC141447068	0	1	0	0	0	0	0	0
LOC141447070	0	0	0	0	0	0	0	0
LOC141446547	0	0	0	0	0	0	0	0
LOC141446548	2	0	0	0	1	0	0	0
LOC141446549	0	0	0	0	0	0	0	0
LOC141447072	1	0	0	1	0	1	0	0
LOC141447071	3	4	3	3	2	1	0	2
LOC141447075	478	516	696	556	762	662	713	549
LOC141447074	0	2	1	2	3	3	0	5
cpx	804	482	1099	1153	1120	523	840	1173
LOC141447076	4	1	26	6	15	7	6	27
LOC141447088	4869	4570	5183	4729	8100	5014	4065	5398
Tspo	782	1002	823	770	913	1494	1194	698
LOC141447077	2050	1975	2233	2288	3655	2840	2717	2681
Sfxn1-3	1725	1644	1785	1697	2817	4156	3626	2324
osi	217	231	221	188	175	122	126	131
LOC141447090	0	2	1	3	4	0	3	0
LOC141447079	293	159	369	332	353	177	221	333
LOC141447083	1	0	1	0	3	0	0	2
LOC141447084	0	1	1	0	0	0	0	0
LOC141447091	239	137	251	242	324	186	182	217
LOC141447089	50	37	64	27	79	66	31	62
LOC141447078	8	8	10	6	9	18	8	7
LOC141447096	360	389	435	433	532	366	291	367
LOC141446586	0	0	0	0	0	0	0	0
LOC141447092	15	9	26	10	13	12	2	17
LOC141447100	2	1	3	1	1	2	0	1
HtrA2	278	326	297	332	521	475	444	360
LOC141447098	294	298	313	300	616	678	616	483
Sil1	385	434	462	507	639	528	596	502
LOC141447099	3	1	1	4	3	1	4	1
LOC141447101	0	0	0	1	2	0	0	0
LOC141447095	7	2	6	6	9	15	1	7
LOC141446550	0	0	0	0	0	0	0	0
LOC141447102	0	1	1	1	0	0	0	0
LOC141447105	2	3	0	0	4	3	1	0
LOC141447104	8	6	8	8	11	27	16	23
LOC141447108	436	363	634	446	708	511	415	575
LOC141447106	1	4	10	1	3	2	0	7
LOC141447107	0	0	3	0	4	0	1	1
LOC141447109	2	0	2	0	2	4	0	1
LOC141446590	1	0	4	0	0	0	0	0
LOC141447110	2	0	2	1	0	0	2	1
LOC141447111	5	8	7	7	16	12	4	8
LOC141446551	0	0	0	0	0	0	0	0
LOC141447118	1	0	2	4	0	0	0	1
LOC141447122	3	4	23	6	2	0	0	0
LOC141447119	8	13	16	5	7	19	16	0
LOC141446591	0	0	0	0	0	0	0	0
LOC141447121	0	0	1	0	0	1	0	2
LOC141447112	1	1	0	3	2	5	2	5
LOC141447114	4	4	5	2	2	4	0	2
LOC141447115	0	1	0	0	0	0	0	0
LOC141447123	0	0	1	0	0	0	0	0
LOC141447129	0	0	2	0	0	0	2	1
LOC141447130	0	0	0	0	0	0	2	0
LOC141447134	0	0	0	0	0	0	0	0
LOC141447131	0	0	0	0	0	0	0	0
LOC141447128	4	0	0	2	3	4	1	0
LOC141447132	25	4	53	8	7	70	12	5
LOC141447124	252	89	53	90	136	164	108	91
LOC141447125	70	28	21	42	52	48	35	28
LOC141447127	8	2	0	2	0	1	2	0
LOC141447133	5	2	1	0	3	1	3	0
LOC141446592	2	1	1	1	0	0	0	0
LOC141447136	1	0	0	0	1	0	0	0
LOC141447135	0	0	0	1	1	0	1	0
LOC141447140	22	13	19	24	27	22	18	20
LOC141447138	89	78	104	125	181	101	73	105
LOC141447147	809	832	945	796	1030	911	682	619
LOC141447143	2009	1601	2739	2515	2299	1700	1940	1934
LOC141447116	2	0	10	0	4	3	2	1
l(3)80Fg	844	751	1090	1086	1447	871	1033	1284
LOC141447144	0	2	0	0	0	0	0	0
LOC141447148	0	0	1	0	0	0	0	2
LOC141447145	315	352	340	310	826	838	670	646
LOC141447149	151	201	139	154	181	153	204	172
LOC141447146	422	514	512	546	782	754	633	621
Bap60	1051	1005	1030	1064	1722	1349	1218	1254
LOC141447142	2836	2571	3265	3198	4440	2647	2623	3080
LOC141447151	22	6	20	17	34	13	23	31
LOC141447153	4	2	0	3	3	3	1	2
LOC141447150	17	15	30	14	37	22	16	28
LOC141447117	0	2	5	0	1	1	1	0
LOC141447152	15	14	18	13	7	10	6	4
LOC141447154	8	12	13	5	10	11	4	19
LOC141447158	94	294	309	244	39	84	102	58
LOC141447157	5033	4417	5613	6071	7918	4778	4487	5898
LOC141447159	23	8	33	21	20	25	19	20
LOC141447155	1	4	5	6	9	7	5	12
LOC141447160	13	17	48	35	45	27	5	50
gprs	1370	1060	1440	1351	2057	1055	1035	1304
REG	4887	5317	5386	4456	2871	2866	2596	2248
Pgant9	701	572	866	887	1274	939	1015	1031
LOC141447172	3	5	13	7	15	12	1	22
LOC141447162	2	1	5	1	1	3	4	0
lost	1454	1563	1640	1418	2386	2708	2538	1950
mmd	2101	1307	2629	2457	3046	1447	1436	2243
LOC141447169	77	89	69	83	103	117	73	70
LOC141447170	120	159	142	184	250	164	133	130
LOC141447171	4	3	12	11	18	5	2	7
LOC141447173	21	10	52	7	35	33	12	40
LOC141447178	77	46	123	62	103	60	56	136
LOC141447177	0	0	3	0	1	1	3	5
LOC141446553	1	0	1	2	2	1	0	3
LOC141447176	7	2	17	4	16	4	1	23
LOC141447174	7	3	38	6	21	13	1	30
LOC141447175	1	5	5	1	6	4	0	7
Cypl	168	184	200	196	362	398	315	288
LOC141447181	1435	1206	1750	1619	2138	1501	1357	1547
Tlk	1599	1355	1872	1861	2303	1690	1866	1857
LOC141447192	7	14	10	26	22	6	11	12
Hph	470	545	646	561	709	629	624	522
LOC141447188	3	4	7	3	1	2	1	3
LOC141447191	0	2	3	3	3	1	3	1
LOC141447190	0	0	1	0	1	0	0	1
LOC141447185	279	328	336	387	497	624	704	453
CSN7	284	317	357	372	547	536	578	498
hoe1	10	17	5	14	17	17	8	5
LOC141447183	284	284	334	350	506	520	508	414
Cdc45	318	329	404	356	512	533	477	464
LOC141447187	225	218	259	256	450	314	295	313
Mkp	43	46	53	47	87	69	41	64
MED1	1296	1024	1725	1567	1794	1386	1643	1344
LOC141447197	0	0	1	0	0	0	0	0
LOC141447195	73	50	69	82	84	79	64	36
LOC141447201	2800	2028	2841	2514	3703	1944	2054	2891
LOC141447203	3	2	12	4	10	2	3	21
TRNAY-GUA	1	0	0	1	3	0	0	1
LOC141447202	115	193	217	251	89	329	382	187
l(2)05287	311	279	358	358	627	733	730	567
LOC141447205	160	146	159	160	278	168	139	184
ppk13	0	0	0	0	0	0	0	0
PPK-like8	0	0	0	0	0	0	0	0
TRNAT-UGU	0	0	0	0	0	0	0	0
LOC141447216	54	73	81	65	74	59	51	71
if	935	836	1213	1222	1259	816	906	961
LOC141447217	0	0	0	0	1	2	0	1
LOC141447208	359	384	414	406	749	728	665	615
Elp2	287	315	327	373	466	620	644	481
LOC141447219	2	3	1	1	0	1	0	2
LOC141447210	153	138	143	171	270	142	154	176
TRNAE-UUC	0	0	0	0	0	0	0	0
LOC141447218	0	0	0	0	0	0	1	0
LOC141447213	0	0	0	0	0	0	0	1
LOC141447212	0	0	0	0	0	0	0	0
LOC141447214	808	842	1006	979	1585	1494	1544	1316
Trp1	1760	1723	1835	1866	2831	2368	2131	2088
LOC141447226	27	71	44	72	27	126	253	18
LOC141447223	240	270	290	283	388	275	258	300
LOC141447224	0	0	0	0	0	0	0	0
Gart	199	261	465	277	304	831	1022	434
LOC141447221	70	38	51	44	47	39	38	37
LOC141446594	380	918	879	693	378	560	329	530
LOC141447228	17	11	10	12	23	7	10	14
flip	0	3	2	4	2	4	3	2
Usp5	1000	1140	1177	1190	2232	2156	1973	1548
LOC141447230	569	721	925	885	916	1246	1301	832
LOC141447232	0	0	0	0	0	0	0	0
LOC141446554	0	0	0	0	0	0	1	0
LOC141447233	0	1	0	0	0	0	0	0
LOC141447239	153	160	186	141	313	183	160	200
LOC141446595	1	1	6	1	6	1	0	8
LOC141446596	0	2	2	1	1	0	0	6
LOC141447234	148	17	12	9	10	6	40	14
LOC141447240	3	7	5	3	3	9	7	9
LOC141447656	0	2	0	0	0	0	0	0
LOC141447235	0	1	2	0	0	0	0	2
LOC141447236	3	1	4	2	1	5	0	4
LOC141447238	7	0	4	0	3	6	1	11
TRNAL-CAA_1	0	0	0	0	0	0	1	0
Osi18	15	20	16	10	28	31	18	19
Osi19	82	110	98	95	139	115	79	113
Osi20	188	219	201	245	396	297	270	305
LOC141447242	0	0	0	0	0	0	0	0
LOC141447246	0	0	1	0	0	0	0	0
LOC141447244	0	0	0	0	0	1	0	0
LOC141447245	0	0	0	0	0	0	0	0
LOC141447249	381	376	474	456	805	433	464	540
LOC141447247	2	1	1	1	2	2	0	5
LOC141447250	0	5	3	4	2	9	3	8
LOC141447248	1	3	0	2	0	0	0	1
LOC141447659	0	0	0	0	0	0	0	0
Octalpha2R	572	318	663	642	826	348	426	653
LOC141447664	0	0	3	1	0	0	0	1
TRNAK-UUU_1	0	0	1	0	0	0	0	0
TRNAK-UUU_2	0	0	0	0	0	0	0	0
TRNAK-UUU_3	0	0	0	0	0	0	0	0
LOC141447639	10	2	33	6	5	7	4	11
LOC141447255	876	889	1033	1008	1387	1089	1107	1067
Oga	2084	1922	2510	2605	3949	2567	2486	2752
LOC141447256	11	9	5	8	26	9	11	7
Nelf-A	136	121	189	176	170	120	175	131
Rsod	922	1040	1226	1253	1844	1192	1138	1387
LOC141447645	0	1	0	0	0	1	0	0
LOC141447642	0	0	0	0	0	0	0	0
LOC141447257	537	520	675	501	1079	549	540	735
LOC141447670	0	0	0	0	0	0	0	2
LOC141447672	0	0	0	0	0	0	0	0
LOC141447643	0	2	0	0	1	4	2	1
LOC141447641	1	0	0	0	1	0	0	0
LOC141447646	0	1	0	0	0	0	3	1
LOC141447640	1	0	1	1	0	0	0	0
LOC141447259	11	13	17	3	3	2	2	1
LOC141447258	68	81	84	44	143	92	97	85
LOC141447260	984	941	1187	1089	1327	843	859	920
LOC141447261	0	1	0	0	1	0	1	0
shep	6128	5643	7587	7068	10715	6989	7123	7889
LOC141447266	205	323	274	159	0	223	255	10
LOC141447265	167	214	183	115	1	158	152	7
ETHR	610	601	917	995	698	1581	1430	552
LOC141447263	0	0	3	2	0	4	1	1
TRNAK-UUU_4	0	0	0	0	0	0	0	0
LOC141447270	121	64	84	119	45	45	33	46
LOC141447267	1001	945	1203	1019	1132	1021	962	867
Cpsf73	205	151	172	175	408	368	364	311
LOC141447269	140	95	134	135	191	134	96	136
LOC141447272	257	283	229	283	407	519	419	338
LOC141447271	0	0	1	7	0	0	1	0
LOC141447273	0	0	0	0	1	0	0	0
LOC141447275	0	0	0	0	0	0	0	0
w	10	7	12	12	31	14	28	46
Pi3K92E	207	169	330	362	313	213	279	297
LOC141447277	372	355	355	412	962	1308	1312	971
DCX-EMAP	8	0	12	9	7	8	8	6
LOC141447294	0	0	0	0	0	0	0	0
LOC141447293	343	305	321	291	534	425	247	318
LOC141447290	633	594	660	659	1015	637	593	636
LOC141447296	3	6	5	5	10	9	7	9
LOC141447283	1002	1153	1177	1166	1752	1496	1447	1198
Fdx1	0	0	0	0	0	0	0	0
LOC141447295	21	11	8	7	21	16	17	11
LOC141447291	283	317	322	290	522	448	392	456
aph-1	505	578	563	570	1099	1350	1399	882
Ubr3	1711	1411	1977	2052	2796	2121	2410	2305
orion	3245	3284	3793	4039	4501	3347	2640	3116
RpL27	1400	1758	1592	1336	1798	2591	2423	1814
LOC141447292	334	348	336	342	532	503	483	442
LOC141447278	1898	1984	2624	1892	1820	1436	1350	1522
mRpL35	536	528	579	452	674	568	531	531
Nagk	811	765	767	621	1157	1831	1500	820
LOC141447297	11	19	31	17	30	24	31	23
LOC141447298	0	0	0	0	0	0	0	0
LOC141447299	0	0	0	1	0	0	1	0
LOC141447300	2	0	2	0	0	0	0	1
LOC141446559	0	0	0	0	0	0	0	0
LOC141447301	58	153	138	133	20	50	43	29
LOC141447302	113	111	124	119	193	147	120	153
LOC141447303	774	653	836	924	1516	931	1063	1288
LOC141447307	8	10	24	5	4	1	2	3
LOC141447305	1002	2572	2343	1557	277	1233	414	311
LOC141447304	160	471	243	278	50	139	86	44
LOC141447306	2224	92	3	0	3	1	565	8
LOC141447308	1427	78	0	0	0	2	0	0
LOC141446598	78	16	0	0	0	0	0	1
LOC141447327	3092	174	0	0	0	0	0	0
LOC141447309	1577	110	3	2	3	0	41	1
LOC141447337	87	9	1	1	6	0	2	1
LOC141447326	298	18	0	2	13	4	83	3
LOC141446599	8	1	0	0	0	0	1	0
LOC141446560	113	12	0	0	0	0	39	0
LOC141447329	2181	75	0	2	0	0	925	0
LOC141447332	9	0	0	0	1	0	2	0
LOC141446562	595	21	4	0	0	0	115	0
LOC141446563	727	34	0	0	0	0	219	0
LOC141447331	9855	388	0	26	4	17	11584	0
LOC141447310	1636	11	1	0	1	2	673	0
LOC141447312	52	8	0	1	4	0	1	0
LOC141447311	268	18	0	0	0	0	2	0
LOC141447313	32466	2273	5	0	11	0	3	0
LOC141447314	4583	122	2	5	0	1	3179	1
LOC141446600	20	1	0	0	0	0	20	0
LOC141447315	512	29	1	7	0	0	3005	0
LOC141447316	411	14	0	0	0	0	141	0
LOC141447317	872	61	0	9	1	1	372	0
LOC141447318	155	14	1	0	0	0	63	0
LOC141447319	8070	417	7	6	2	4	4492	2
LOC141447321	1541	124	0	0	1	0	411	0
LOC141447324	85	2	0	0	0	2	52	1
LOC141447323	30	0	0	0	0	0	55	0
LOC141446565	1	0	0	0	0	0	0	0
LOC141447325	9	0	0	0	0	0	0	0
LOC141446568	67	4	0	0	0	0	129	0
LOC141446569	8	0	0	0	0	0	53	0
LOC141447330	26366	1303	10	54	13	15	16039	4
LOC141447340	1513	75	0	3	3	2	1657	1
LOC141447339	453	19	0	0	0	0	116	0
LOC141447341	752	20	0	0	0	0	379	0
LOC141447338	378	15	0	0	0	0	73	0
LOC141447342	1977	98	0	4	2	4	2456	0
LOC141447343	1029	65	2	2	1	3	920	0
LOC141447344	2372	85	2	2	2	3	1168	0
LOC141447348	4363	150	1	10	3	3	4024	0
LOC141447349	50	61	79	67	24	73	106	12
LOC141447345	376	727	408	415	2	1096	1576	53
LOC141447346	23	24	12	15	3	7	20	0
LOC141447347	116	3	0	0	0	0	2	0
LOC141447350	41	3	0	0	0	0	33	0
LOC141447351	523	15	0	0	3	0	367	0
LOC141447352	5529	38	0	1	3	0	265	0
LOC141446570	667	34	0	0	2	3	160	0
LOC141447356	102	0	0	0	0	0	190	0
LOC141447355	328	500	357	233	494	152	266	266
LOC141447359	10	3	3	7	2	4	2	0
RPA1	859	806	849	840	1225	1211	1042	1012
LOC141447357	203	177	194	211	298	279	229	198
LOC141447354	581	684	660	611	1366	603	672	739
LOC141447360	0	2	2	0	3	2	1	2
LOC141447358	0	0	0	0	2	0	1	0
LOC141446572	3	1	2	0	3	1	1	1
LOC141447662	0	0	0	0	0	0	0	0
HDAC4	1315	865	1437	1413	1468	1027	1108	1204
TRNAL-AAG	0	0	0	0	0	0	1	0
TRNAL-AAG_1	0	0	4	0	0	0	0	0
LOC141447361	3	4	5	1	4	3	0	5
LOC141447362	16	12	10	8	8	11	4	10
LOC141447365	36	25	25	46	53	42	42	23
LOC141447366	41	28	58	42	86	55	51	47
LOC141447367	16	16	9	18	26	15	12	14
LOC141447368	46	41	55	62	63	59	48	55
LOC141447370	18	21	23	18	50	41	22	26
LOC141447369	11	5	7	10	18	12	6	7
LOC141446606	0	0	0	0	0	0	0	0
LOC141447392	52	41	57	59	61	33	39	40
LOC141447377	6	6	7	2	13	7	1	4
LOC141447380	505	463	712	597	978	725	668	661
LOC141447387	3	2	4	3	1	4	1	8
LOC141447389	0	0	0	0	0	0	0	0
LOC141447390	41	54	42	45	61	62	60	44
LOC141447378	44	26	43	42	71	34	47	46
Alp1	696	488	604	575	720	2714	1639	561
LOC141447400	9	5	7	7	4	9	19	4
5PtaseI	3338	2250	3581	3462	4459	2460	2890	3663
LOC141447396	7	4	5	8	2	4	9	9
LOC141447393	16	6	13	26	14	15	11	8
LOC141447395	7	4	2	3	3	2	0	0
mRpL18	332	396	416	362	821	714	599	616
LOC141447374	1229	1208	1388	1266	1483	1074	1127	996
LOC141447382	456	433	495	495	798	604	531	599
LOC141447383	202	193	170	139	94	99	83	81
LOC141447379	5	9	7	4	16	11	13	13
Vps24	746	750	930	790	1018	816	784	746
LOC141447399	490	647	617	548	719	603	401	449
LOC141447381	154	188	145	153	209	137	109	149
LOC141447391	229	190	248	195	236	155	169	130
LOC141447372	229	211	293	284	529	314	318	472
LOC141447386	10	9	18	23	26	14	11	6
LOC141447394	5	0	1	6	3	4	8	2
LOC141447376	0	0	0	0	0	0	0	0
LOC141447397	0	0	0	0	0	0	0	0
st	58	90	63	65	166	80	51	76
DNAlig3	1306	1026	1424	1277	1976	1259	1279	1628
CNMa	300	397	300	406	427	362	336	487
LOC141447405	3182	2640	3659	2590	5667	3016	2972	4481
LOC141446601	1	0	1	0	2	1	3	3
AstCC	1374	1862	1456	1737	2246	1800	1309	1606
TRNAK-CUU	0	0	0	0	0	0	0	0
DCP1	663	711	763	730	1311	1214	1050	1068
CSN6	302	382	300	321	627	550	476	445
LOC141447411	31	24	28	22	48	25	19	28
LOC141447410	0	1	0	7	87	2	4	0
LOC141447417	145	140	173	148	267	174	113	172
LOC141447416	152	180	163	142	351	197	190	230
LOC141447414	1710	1917	2391	2287	3762	2339	2401	2489
Trc8	508	522	597	603	911	763	767	639
LOC141446602	95	99	87	112	216	142	124	162
LOC141447412	0	0	0	0	0	0	0	0
Dr	191	173	227	187	295	273	207	206
LOC141447419	5	16	11	12	25	13	14	17
LOC141446580	0	0	0	0	0	0	0	0
LOC141447422	0	0	0	0	0	0	0	0
LOC141446557	0	0	0	0	0	0	1	0
LOC141447424	0	0	0	0	0	0	0	0
LOC141446603	87	1	3	0	1	0	7	5
LOC141447429	48	42	40	49	81	30	33	38
LOC141447430	67	73	67	64	105	59	70	76
LOC141447426	382	275	433	397	490	317	413	399
LOC141447433	28	21	19	31	38	16	17	15
LOC141447427	644	546	749	784	1004	803	784	732
LOC141447432	49	56	41	38	58	35	27	35
LOC141447439	39	39	43	40	51	43	43	44
LOC141447435	912	820	1009	882	1517	885	830	1001
LOC141447437	1	2	0	0	2	7	1	3
Gr21	3	6	3	2	11	2	0	13
LOC141447434	10	15	24	15	26	19	14	28
LOC141446604	1	0	5	0	2	0	0	3
tn	264	167	456	720	123	373	202	342
LOC141447446	1	0	0	0	0	0	0	0
LOC141447445	0	0	0	0	3	0	0	1
LOC141447443	0	0	0	0	0	0	1	0
Khc	4675	3847	5613	5606	8316	5301	5639	6318
LOC141447444	143	171	107	86	280	89	132	157
LOC141447450	54	48	51	59	63	54	45	44
e(r)	835	963	1058	871	1336	1130	848	1063
LOC141447447	526	561	596	640	777	760	792	615
LOC141447449	80	135	88	78	0	216	312	12
LOC141447460	537	616	553	594	1188	1419	1288	881
Rbm13	246	321	237	236	303	439	434	274
gammaCOP	1583	1568	1717	1788	3286	3680	3936	2818
Gprk2	2424	2122	2893	2955	4016	2553	2618	3030
prt	59	63	65	50	81	77	38	51
Pde6	2290	1847	2658	2617	3585	2192	2338	2761
LOC141447463	5	5	8	6	3	6	9	4
LOC141447461	1658	1724	1778	1662	2825	2264	2076	2036
Rpn6	907	1008	982	967	1879	2008	2135	1554
Ppat-Dpck	688	621	728	605	566	800	776	410
Cdk12	1731	1531	2000	1918	2750	2055	2301	2146
LOC141447454	610	644	608	568	700	610	580	535
LOC141447462	36	43	28	30	84	30	33	40
LOC141447464	112	127	104	140	363	448	454	328
LOC141447465	348	290	441	444	546	329	341	399
LOC141447467	0	0	1	1	3	0	0	2
LOC141447466	83	66	87	51	137	100	63	95
LOC141447468	69	34	55	69	85	105	83	68
LOC141447469	140	158	157	102	289	130	108	154
LOC141447470	143	88	197	252	247	231	228	152
Cth	805	1053	1141	923	1312	2883	2916	1170
LOC141447474	10	7	8	12	6	5	2	3
LOC141447483	0	0	0	1	0	0	0	1
LOC141447478	14	21	21	14	20	11	37	11
LOC141447472	2	3	2	3	3	0	3	2
LOC141447477	1541	1209	1669	1589	3105	1653	1531	2278
Samuel	117	140	142	159	120	75	119	132
LOC141447479	6966	6006	8350	7929	10890	6745	6897	8865
LOC141447481	1	9	4	0	4	1	4	3
LOC141447473	2092	1897	2316	2234	2855	2389	2065	2118
LOC141447480	242	303	258	241	392	435	364	349
Sf3b1	4426	4142	4791	4375	4997	4003	3827	3686
LOC141447482	93	135	108	91	162	89	72	62
LOC141447484	1	0	0	0	0	0	0	0
RpS20	1529	1688	1611	1348	1454	2847	2655	1592
mys	1278	1323	1676	1713	2024	2152	2226	1548
melt	658	730	747	688	1111	763	772	681
LOC141447498	106	120	128	104	188	159	127	140
LOC141447494	1345	1095	1624	1339	1298	1157	1011	1012
LOC141447497	840	1176	908	866	1203	1170	1005	777
LOC141447488	718	859	910	905	969	662	699	700
LOC141447499	183	122	165	126	194	85	130	117
LOC141447492	276	269	289	239	399	349	266	243
Gas41	157	146	146	124	210	182	174	183
LOC141447496	700	700	676	714	965	801	717	724
LOC141447491	793	816	776	765	1234	984	953	886
Alg12	177	197	195	170	225	312	261	169
LOC141447504	26	20	16	23	29	25	13	16
LOC141447505	22	33	41	38	32	27	17	30
LOC141447490	341	315	335	349	561	345	352	337
MED17	310	315	331	326	606	544	471	478
LOC141447506	462	526	513	528	954	851	855	715
strat	733	729	814	683	1199	1360	1358	1002
LOC141447510	404	653	500	318	29	1072	758	46
LOC141447509	8	10	14	9	2	34	30	1
LOC141447507	46	95	135	53	12	984	279	6
LOC141447508	1135	1431	1989	960	1	10149	5177	312
LOC141447513	2407	1567	6180	2906	10	50131	22854	2081
LOC141447512	24	28	19	19	250	207	79	76
LOC141447651	0	0	0	0	0	0	0	0
LOC141447522	0	2	1	0	1	4	0	0
LOC141447518	68	83	82	84	51	90	52	28
LOC141447517	1610	1612	2006	1900	3389	4060	4496	2779
RhoGAP19D	2820	2394	3566	3513	3072	2260	2516	2939
LOC141447514	2	2	9	4	10	3	2	7
LOC141447521	104	87	103	162	107	90	76	131
LOC141447519	98	112	100	167	69	127	118	88
LOC141447520	9	7	2	16	13	15	11	19
LOC141447523	0	2	2	2	13	1	2	3
LOC141447525	114	112	107	164	218	176	138	202
LOC141447526	35	20	22	13	33	14	18	16
LOC141447528	11	9	5	10	12	7	12	6
LOC141447529	1	3	7	0	3	5	1	7
LOC141447530	1689	1378	1997	1814	2912	1746	1688	2180
LOC141447527	1	0	0	0	1	1	0	0
LOC141447647	0	0	0	0	0	0	0	0
TRNAY-GUA_1	0	0	0	0	0	0	0	0
LOC141446605	0	1	0	0	0	0	1	0
LOC141447531	0	0	0	0	0	0	0	0
LOC141447532	609	540	681	669	955	788	750	620
Crz	99	111	91	84	183	108	92	137
LOC141447536	0	0	0	0	0	0	0	0
LOC141447537	0	0	0	0	0	0	0	0
LOC141447534	28	12	34	26	64	22	42	36
LOC141447538	0	1	1	1	0	0	0	0
LOC141446585	0	0	0	0	0	0	0	0
LOC141447539	0	0	0	0	0	0	0	0
LOC141447540	1	0	0	0	1	0	0	2
LOC141447544	5	6	2	5	0	5	5	3
LOC141447543	0	0	0	0	0	0	0	0
LOC141446558	0	0	0	0	0	0	0	0
LOC141447541	13	5	11	21	19	13	33	30
LOC141447549	12	10	18	14	6	8	2	5
LOC141447550	2	0	1	1	0	0	1	1
LOC141447548	0	0	0	0	0	0	0	0
LOC141447547	0	0	0	0	0	0	0	0
LOC141447546	372	521	357	387	460	456	277	236
rut	3988	3311	4761	4662	6005	3524	3950	4081
LOC141447552	22	20	12	17	20	24	23	19
LOC141447556	74	60	84	71	106	62	66	47
LOC141447553	1118	1012	1405	1263	1956	1370	1235	1373
LOC141447555	452	460	467	464	764	668	657	629
LOC141447554	683	628	729	654	1145	1000	967	934
Dp1	11152	10542	13335	11540	9818	9933	10762	7495
Drp1	1071	998	1132	1187	1784	1378	1455	1530
LOC141447563	133	207	92	118	225	134	121	113
LOC141447564	604	662	581	575	983	514	497	475
LOC141447558	790	721	902	836	1228	952	993	924
Myo31DF	1047	1606	1679	1710	916	4549	5130	870
Pym	1337	1299	1477	1277	1808	1338	1234	1331
LOC141447560	2794	2447	3088	2925	4490	2841	2531	3348
Myd88	264	302	345	326	455	447	457	387
LOC141447567	778	743	997	936	1609	770	769	968
LOC141447565	4	1	1	1	8	0	12	9
LOC141447568	8	7	5	7	13	3	5	8
LOC141447569	18	15	5	9	30	26	24	26
mio	418	434	512	414	554	500	432	417
LOC141447573	14	13	6	4	12	15	6	15
Hecw	1456	1385	1970	1687	2233	1481	1399	1630
CenB1A	897	836	1127	1046	1502	1094	984	1261
LOC141447574	43	50	56	58	84	53	69	47
LOC141447575	1	0	0	2	1	0	0	1
LOC141446517	0	3	1	2	0	0	0	0
LOC141446516	45	33	29	19	31	45	8	20
LOC141446499	22	22	15	11	24	23	11	15
Dip-B	2044	2324	2350	1844	2352	2908	2462	1868
LOC141446506	214	185	146	217	326	280	233	292
LOC141446511	928	1031	878	857	1090	977	753	934
LOC141446505	703	678	693	744	1125	931	922	823
LOC141446496	76	75	147	98	83	110	87	93
LOC141446519	0	0	0	1	0	0	1	0
Dd	119	116	152	163	185	162	192	158
AP-2mu	1953	1882	2086	2151	4046	2588	2721	3003
LOC141446503	29	38	66	46	44	38	46	36
Pex14	355	331	390	438	562	689	884	492
LOC141446500	4390	4843	5354	4512	4050	3143	3034	3140
LOC141446513	25	26	22	14	27	23	15	20
LOC141446508	17	2	11	4	12	11	3	17
LOC141446498	10	3	8	2	21	14	11	14
LOC141446502	6	11	16	5	16	5	1	5
LOC141446515	471	835	505	614	7	270	242	46
Acbp1	314	381	361	319	457	668	600	409
LOC141446518	3	1	0	3	1	2	1	1
Cht10	83	62	110	91	169	122	111	132
LOC141446509	836	682	965	904	1228	861	912	961
LOC141446521	490	696	637	586	42	1688	1561	109
LOC141446520	544	454	655	636	729	577	613	493
LOC141446522	151	136	142	156	255	231	261	211
SrpRbeta	272	316	278	277	642	638	720	513
LOC141446524	926	912	1136	959	976	1271	1256	717
loj	370	486	458	480	807	921	920	657
LOC141446527	408	362	360	388	631	458	399	418
LOC141446529	606	613	658	725	975	1030	1058	856
LOC141446532	93	90	107	80	176	117	98	105
eIF3a	2007	1979	2431	2164	3118	3505	3969	2681
LOC141446530	169	178	155	145	205	194	132	125
LOC141446533	40	49	54	69	62	62	32	39
LOC141446526	298	479	493	473	856	682	505	636
Epac	1876	1483	2325	2143	1966	1331	1418	1600
LOC141447580	1	3	4	0	1	1	2	0
Mob4	374	326	536	438	545	405	397	434
fal	921	828	1007	836	1097	731	650	648
LOC141447576	1070	968	1116	1159	1361	1253	930	862
LOC141447584	286	277	285	250	422	255	189	281
LOC141447588	1786	1895	1834	1644	2460	1836	1515	1501
Zmynd10	15	12	16	9	5	8	6	3
LOC141447592	367	420	416	361	675	733	572	455
Eaat1	3302	2800	3903	4194	5566	4063	4397	4362
Cdk5	507	474	543	569	958	601	618	657
LOC141447578	1004	807	1151	895	1041	647	588	699
LOC141447586	237	194	361	334	239	137	254	245
LOC141447591	57	56	70	67	71	52	50	78
LOC141447582	3	4	5	11	10	7	9	6
LOC141447593	104	83	85	146	213	107	101	117
LOC141447594	0	0	0	0	3	0	0	0
LOC141447599	0	0	0	0	0	0	0	0
LOC141447596	662	522	726	694	812	571	623	591
Mitofilin	2166	2029	2764	2643	2356	2375	2622	2151
LOC141447595	11	5	9	9	11	13	3	19
LOC141447601	1243	901	1685	1405	1911	961	1195	1834
LOC141447600	0	0	0	0	0	0	0	0
LOC141447602	3	1	2	1	2	0	2	0
LOC141446588	0	0	0	0	0	0	0	0
LOC141447603	11	24	18	20	47	20	24	23
Octbeta2R	1579	1323	2017	1965	2606	1459	1616	1799
LOC141447604	2	0	1	2	0	0	0	2
LOC141447606	4134	3305	4864	4688	5685	3350	3140	4038
LOC141447613	0	0	0	0	0	2	0	0
LOC141447614	2	1	0	1	4	1	1	2
LOC141447610	752	730	844	882	1470	1031	966	1076
LOC141447607	198	179	234	232	381	252	262	306
Rpp25	222	211	236	226	379	380	359	311
Tdc2	245	209	262	318	374	245	275	352
LOC141447609	1123	877	1229	1218	1460	795	876	1028
LOC141447615	659	1261	1037	646	334	418	297	232
LOC141447620	10	5	4	5	31	4	7	2
LOC141447621	3	4	7	4	8	5	2	0
Eno	5606	7055	7418	5476	4068	5516	4829	3464
LOC141447618	206	220	228	233	344	266	196	244
LOC141447616	1630	1357	1894	1745	2712	1562	1649	1973
LOC141446589	1	1	0	0	4	2	0	2
LOC141447622	19	37	34	31	22	13	11	8
LOC141447623	970	889	1087	909	1100	856	705	701
LOC141447625	190	214	216	228	586	902	722	474
LOC141447626	419	322	471	485	704	555	587	622
Frl	859	816	998	988	1128	773	722	744
LOC141447628	1854	1340	2058	1738	2672	1392	1373	1954
LOC141447630	377	275	416	290	341	192	136	303
LOC141447633	942	745	1055	1036	1502	822	817	1099
LOC141447632	31	19	37	36	28	27	6	29
LOC141447636	601	579	652	627	929	654	546	697
LOC141447637	34	35	44	22	31	18	15	25
LOC141447634	22	38	28	38	67	63	45	41
LOC141447638	236	140	243	206	318	165	158	194
LOC141447798	1311	1067	1370	1385	2095	1299	1432	1449
Pop4	71	69	83	73	135	172	160	143
Atu	1454	1218	1615	1479	1658	1517	1794	1536
LOC141447803	2	3	2	0	7	1	0	1
LOC141447801	104	99	83	108	141	112	139	96
LOC141447802	28	37	31	34	27	28	17	33
LOC141447815	85	148	94	101	183	130	79	72
LOC141447805	402	264	76	46	112	33	31	40
LOC141447814	78	63	85	89	113	80	85	81
LOC141447809	829	918	983	870	1448	1230	1156	1084
Smu1	946	919	966	859	1104	943	850	821
LOC141447808	3	2	7	1	3	3	4	1
LOC141447811	1	0	0	0	0	2	3	1
LOC141447810	2	0	1	4	4	0	0	0
LOC141447812	11	23	17	32	61	46	48	57
LOC141447816	1	3	2	1	4	0	4	3
LOC141447806	250	102	239	240	442	386	364	390
LOC141447821	391	342	460	397	472	395	355	320
Nle	170	179	163	176	335	368	335	273
LOC141447825	396	370	442	364	513	415	398	357
LOC141447827	393	384	405	364	634	488	414	455
Wdr92	46	51	34	46	58	48	68	47
LOC141447823	723	672	871	640	773	829	750	560
LOC141447819	579	497	556	555	688	502	483	542
LOC141447817	2592	2378	2721	3190	3435	9061	11092	3172
LOC141447818	535	877	809	760	12	3076	2655	120
LOC141447820	2	0	4	1	0	3	0	0
LOC141447828	0	0	0	0	0	0	0	0
LOC141447832	133	22	51	184	3	7	5	17
Mcm6	81	95	111	107	283	430	293	228
LOC141447833	184	212	208	209	393	500	482	338
botv	974	837	1038	1035	1473	1095	968	1155
LOC141447836	46	25	43	42	60	46	35	36
LOC141447834	174	94	161	128	208	150	148	159
LOC141447835	249	245	211	219	337	197	205	198
LOC141447837	7248	9374	9203	6496	1472	9407	7862	1531
LOC141447838	3045	2802	2373	3302	181	8663	8543	556
LOC141447840	0	0	0	0	0	0	0	0
LOC141447839	18	10	10	29	24	20	58	66
LOC141447841	1	4	0	1	3	1	0	1
LOC141447844	447	343	515	557	949	586	722	717
LOC141447845	148	138	146	174	279	215	206	251
LOC141447848	18	26	25	22	30	15	18	13
LOC141447847	243	264	245	214	319	196	159	154
LOC141447846	91	63	67	72	112	68	67	71
LOC141447851	43	41	37	52	118	85	68	94
LOC141447850	107	84	112	123	239	137	130	131
LOC141447863	31	23	26	21	29	17	38	28
Rim	6120	4323	6580	5895	9422	4532	4805	6698
LOC141447859	2342	2292	2490	2376	3947	3053	2732	2827
LOC141447864	1	0	1	4	3	3	10	10
scu	700	816	736	753	1548	1891	1668	1179
LOC141447862	327	350	334	368	368	257	217	232
LOC141447856	29	44	22	47	19	24	35	9
Tango11	707	661	729	710	1047	769	703	792
LOC141447865	19	4	10	8	18	4	15	15
LOC141447855	863	789	1052	923	1458	1135	966	1084
ScsbetaA	2101	1981	2190	2355	3367	2668	2288	2483
LOC141447858	1	2	2	1	0	4	0	0
LOC141447791	39	38	49	43	62	41	36	34
LOC141447877	187	278	250	198	236	212	147	164
LOC141447871	451	493	498	476	618	375	400	410
LOC141447875	69	67	67	66	73	51	66	66
TfIIFbeta	253	261	303	251	389	446	412	341
Aldh7A1	785	1557	1328	857	205	4118	4796	432
LOC141447874	2941	2534	3194	4957	2715	2212	2242	2514
LOC141447879	47	16	69	301	2	9	1	28
LOC141447880	1	1	1	0	0	0	0	1
LOC141447881	6	3	4	1	1	3	1	2
ebo	1431	1256	1659	1537	2297	1469	1391	1765
LOC141447883	4	32	16	0	6	8	7	8
LOC141447884	0	0	0	0	1	0	0	0
LOC141447882	10	14	7	3	9	5	1	5
LOC141447885	4	8	1	1	5	0	1	0
LOC141447870	3	7	8	3	5	1	1	4
LOC141447869	517	525	501	516	764	540	368	535
LOC141447913	34	61	51	34	62	60	42	24
LOC141447912	108	142	102	130	157	137	83	83
LOC141447904	923	761	1053	984	1640	913	927	1190
Vha14-1	718	796	822	781	1028	908	653	760
LOC141447900	56	45	85	59	106	77	57	83
LOC141447887	0	0	0	0	0	0	0	0
LOC141447909	416	1023	1089	957	213	1028	753	367
ci	317	303	397	415	591	286	346	406
LOC141447914	7	6	22	2	9	7	5	8
LOC141447911	370	278	394	371	488	318	292	334
DhpD	565	321	588	494	662	608	536	555
LOC141447907	289	340	337	301	462	400	348	329
LOC141447906	1208	1235	1367	1151	1457	2076	2331	1331
LOC141447898	1229	1264	1530	1439	1426	1973	2079	1123
sba	2822	2094	3011	2867	3128	1981	2019	2165
Droj2	10669	12054	13410	10581	5927	4795	4510	4919
timeout	313	303	310	342	557	431	341	379
LOC141447897	1214	972	1263	1271	2117	1257	1156	1543
LOC141447924	80	7	2	21	0	8	67	4
LOC141447923	19	7	9	9	37	23	19	17
LOC141447916	0	0	0	0	0	0	0	0
LOC141447919	989	752	1233	1087	1795	1031	999	1280
LOC141447921	180	240	236	216	131	119	76	104
LOC141447925	3	4	1	5	3	1	1	5
LOC141447928	17	24	27	23	28	19	15	32
LOC141447929	109	124	121	116	156	125	114	122
LOC141447931	972	865	1171	1133	1400	988	995	1055
LOC141447935	127	123	135	132	125	89	82	104
Hip1	2382	2517	3023	2928	3703	3014	3064	2823
LOC141447936	29	46	42	10	0	19	14	5
Madm	3748	3162	4465	4188	5212	3401	3252	3592
mRpL2	307	288	310	318	470	448	411	351
tko	178	211	221	208	435	460	431	369
LOC141447939	56	49	59	69	145	104	98	97
LOC141447792	1	1	2	4	2	0	0	2
LOC141447941	299	274	283	293	463	321	289	277
LOC141447937	417	376	453	513	626	367	362	481
Ipp	612	497	708	663	1184	758	694	993
LOC141447943	121	122	121	149	240	197	161	193
LOC141447944	14	7	15	18	6	5	6	9
LOC141447945	340	216	277	300	361	242	202	214
LOC141447947	1	0	1	0	1	1	0	0
LOC141447954	4	2	1	32	0	4	1	3
Cad96Cb	92	64	139	124	152	90	93	138
LOC141447955	1280	1233	1588	1541	2046	1884	2444	1760
LOC141447956	637	714	698	580	853	1177	895	643
dlp	959	929	1170	1202	1769	1114	1127	1343
LOC141447957	13	0	2	0	0	2	0	1
LOC141447953	283	277	289	319	238	267	198	149
LOC141447948	139	139	144	138	241	202	188	143
LOC141447952	942	993	1277	1234	1738	1547	1484	1456
LOC141447949	92	95	107	94	157	141	100	111
LOC141447958	85	104	92	89	123	81	47	70
LOC141447959	51	106	58	49	49	57	20	25
LOC141447961	42	91	69	28	27	15	19	24
LOC141447960	8	30	7	5	5	1	2	2
LOC141447797	0	0	0	0	0	2	0	0
LOC141447962	30	5	16	20	42	30	24	45
LOC141447804	0	0	0	0	0	0	0	0
LOC141447965	35	16	27	36	57	19	20	29
LOC141447964	81	73	77	85	90	70	58	61
LOC141447966	46	18	48	63	111	52	51	57
LOC141447967	462	430	568	625	654	469	498	570
LOC141447691	78	48	93	114	71	39	46	119
Cpr	94498	112264	129746	112951	18934	15540	14303	12918
RabX5	0	3	0	2	3	0	0	3
RpL23A	7660	8816	7509	6441	4929	8570	7570	4750
LOC141447693	67	73	58	64	158	126	92	104
LOC141447969	0	0	0	0	0	0	0	0
LOC141447707	0	0	0	0	0	0	0	0
LOC141447715	70	96	69	81	118	71	72	52
SerT	1041	1046	1120	1230	1662	919	1070	932
LOC141447716	11	8	15	14	16	8	9	14
IR75C	3	2	5	3	1	3	0	0
IR75B	1	0	0	1	1	0	0	0
LOC141447698	294	299	315	405	35	149	32	68
LOC141447718	5	2	1	4	1	0	0	1
LOC141447714	28	19	28	24	31	25	16	18
LOC141447712	369	371	440	329	389	243	195	281
LOC141447719	0	0	0	0	0	0	0	0
LOC141447699	3	1	0	3	3	0	4	0
LOC141447708	295	261	369	341	533	324	361	382
RasGAP1	658	615	785	859	1158	815	747	860
LOC141447704	75	79	98	74	138	76	80	81
LOC141447710	2134	2351	2366	2427	3208	1793	1748	1834
ebi	454	426	528	498	796	574	520	611
LOC141447709	99	101	103	77	16	225	215	12
Bcs1	3200	3197	3454	3780	4757	3108	2646	2653
LOC141447706	2542	2317	3120	3176	4847	2897	2928	3338
LOC141447705	135	147	146	167	282	225	189	181
RpS8	7872	8573	7632	7361	9530	10114	8772	8305
msn	3360	2944	4128	3945	5493	3555	3817	3906
LOC141447720	71	103	84	52	135	112	78	73
LOC141447717	10	15	9	10	17	11	8	12
LOC141447713	151	139	137	174	190	139	106	110
dally	777	642	1036	1041	2008	1380	1726	1480
LOC141447971	0	0	1	3	1	1	2	2
LOC141447972	0	1	0	0	0	0	0	1
NaPi-III	1564	1661	2066	2155	3061	2244	2679	2375
LOC141447979	1	2	10	4	2	3	3	10
LOC141447978	31	40	66	43	46	31	40	44
Karybeta3	8036	8803	10522	8170	4615	4400	4841	4197
LOC141447977	465	520	588	535	1253	1017	1034	998
LOC141447980	3099	3424	3370	2878	2967	3285	2923	2743
LOC141447987	6	4	8	4	4	4	4	4
LOC141447985	32	39	50	41	59	37	29	28
LOC141447983	4	5	20	23	6	9	11	10
LOC141447981	182	166	146	169	235	155	88	120
LOC141447982	129	129	178	165	261	150	108	163
LOC141447984	160	120	159	154	199	99	116	138
sdk	1240	1005	1563	1417	1942	1400	1624	1513
LOC141448001	1	4	3	0	0	0	0	0
LOC141447995	24	9	13	15	14	26	13	11
AIMP2	182	228	176	184	440	481	382	333
E(bx)	1754	1444	2268	2069	2449	1641	1832	1907
Gabat	4313	3854	4801	5416	8841	6118	4479	5750
Atg10	29	20	26	28	34	29	22	20
LOC141448000	181	178	167	159	177	120	149	101
LOC141447998	649	830	820	871	976	698	551	589
LOC141447999	339	371	320	332	369	266	275	270
LOC141447993	6	1	8	4	2	2	6	1
LOC141447989	32	26	38	25	14	27	3	8
LOC141447988	5	12	13	10	16	12	7	19
LOC141447990	0	0	1	0	4	0	0	0
LOC141448007	22	17	33	30	60	20	15	40
mAChR-B	462	318	643	513	845	367	426	689
LOC141448009	1	0	1	0	4	4	1	1
TRNAM-CAU	0	0	0	0	0	0	0	0
LOC141448010	4	0	0	0	0	3	1	3
LOC141448006	156	184	152	122	37	412	460	42
LOC141448005	953	716	928	778	962	701	675	554
Orc2	794	974	895	621	804	669	736	403
LOC141448013	7	10	8	7	16	8	6	4
LOC141448011	6490	4393	7683	6776	9358	4602	5204	7912
LOC141448015	5	8	19	8	7	5	7	6
LOC141448016	1	2	0	2	3	2	2	2
LOC141448017	0	0	0	0	0	0	0	0
LOC141448018	18	48	27	36	12	8	12	17
LOC141448021	869	2031	2300	1033	162	840	835	307
LOC141448019	228	319	304	558	117	594	537	95
LOC141447842	50005	56544	54689	47804	88	87346	60205	4377
LOC141448020	0	1	1	2	0	9	10	0
Cul1	1694	1605	1995	2009	3020	2586	2773	2223
RabX1	704	709	902	955	993	1388	1564	946
LOC141448026	9	16	14	6	12	2	3	2
LOC141448025	317	303	322	299	423	317	261	328
LOC141448032	81	77	111	93	140	106	106	105
LOC141448036	7	25	12	12	18	18	14	9
LOC141448029	44	49	95	58	62	50	34	54
LOC141448030	375	438	283	339	177	609	537	136
LOC141448028	552	605	625	709	1215	894	763	695
LOC141448024	990	898	1096	1062	1449	1005	1086	1090
LOC141448035	315	273	294	339	531	387	192	309
LOC141448034	41	49	51	36	43	65	38	40
LOC141448039	0	0	0	0	0	0	0	0
LOC141448038	5	4	3	6	8	5	6	5
LOC141448037	9	4	6	9	16	10	4	4
LOC141447843	4	0	3	3	2	3	2	1
LOC141447849	5	1	7	17	3	9	10	1
Mondo	1071	951	1256	1191	1428	973	1059	959
S6k	885	866	962	1001	1057	1430	1496	789
LOC141448045	70	78	71	77	146	104	82	104
LOC141448041	106	69	154	180	260	155	234	292
LOC141448043	825	760	952	843	1667	1493	1060	1070
Miro	796	678	843	823	1297	988	952	894
LOC141448046	47	33	44	23	59	35	32	40
LOC141448052	102	55	92	137	245	162	116	203
LOC141448047	1149	1059	1407	1378	1680	1092	1275	1411
LOC141448049	13	5	17	16	2	4	0	0
LOC141448050	177	193	167	153	247	447	358	233
LOC141448048	0	0	0	0	0	0	0	0
LOC141448053	893	637	1187	1073	1431	703	809	1255
LOC141448054	93	95	159	146	140	115	69	111
LOC141448059	28	12	26	32	17	6	14	19
LOC141448057	851	868	907	842	1986	1783	1641	1471
LOC141448058	17	25	48	45	36	27	19	28
LOC141448055	30	21	35	25	41	22	15	23
LOC141448056	7839	6767	9289	9552	12115	7134	7613	9118
LOC141447793	1	2	1	4	0	0	1	0
LOC141448060	104	86	179	167	169	134	211	148
LOC141448068	15	19	25	15	12	15	13	23
LOC141448062	1425	1352	1449	1537	1599	1698	1531	1046
LOC141448061	10	5	9	8	13	12	5	6
LOC141448064	3	11	4	5	5	6	3	5
amx	91	101	103	104	176	164	124	153
LOC141448067	73	94	74	63	185	196	135	138
LOC141448065	3702	4365	4215	4170	5832	3935	2786	3546
LOC141448074	3	1	9	8	2	1	6	1
LOC141448073	830	914	999	942	852	1246	1316	591
LOC141448071	79	73	99	88	114	105	112	98
Nsun2	2111	2218	2459	1922	1266	1366	1413	1117
LOC141448070	2370	2298	2729	2843	3838	2865	2661	2862
LOC141448077	24	12	14	8	16	9	6	10
LOC141448076	310	292	359	350	447	341	281	257
LOC141448079	66	41	56	52	57	49	57	104
LOC141448078	866	921	912	995	1857	2178	2422	1664
LOC141448082	3	0	0	0	0	0	0	2
LOC141448080	2	0	0	1	5	3	1	0
LOC141448083	19	21	26	22	23	11	5	8
Eip75B	2225	1801	2801	2419	3333	1967	2161	2451
LOC141448102	2	0	1	1	2	0	1	1
LOC141448093	1064	848	1004	1090	1367	941	946	910
LOC141448091	892	843	803	628	966	712	569	491
LOC141448099	384	413	385	285	307	209	170	163
LOC141448084	429	384	438	390	418	297	337	279
LOC141448101	53	24	35	31	27	19	22	27
LOC141448094	433	408	472	380	497	500	440	429
LOC141448092	761	626	753	825	1395	788	710	567
LOC141447888	349	221	425	414	417	262	314	286
polo	39	23	53	26	54	40	23	33
LOC141448095	473	621	606	577	760	744	691	626
Gnptab	494	527	556	645	920	675	606	665
LOC141448100	12	11	15	7	9	3	5	8
LOC141448098	271	280	231	314	462	322	349	312
LOC141448088	101	73	88	110	176	62	89	90
Vps60	1040	1158	1219	1124	1546	1379	1275	1256
LOC141447742	51	47	55	50	81	37	31	29
LOC141447758	2	3	7	0	1	2	3	3
LOC141447722	1119	881	1335	1449	2392	1306	1333	1822
LOC141447740	4	5	1	5	6	4	4	5
LOC141447889	4	3	5	2	2	0	4	3
LOC141448285	1	0	0	0	1	0	0	2
LOC141448103	0	0	0	0	0	0	0	1
LOC141448105	0	0	0	0	0	0	0	3
TRNAA-AGC_1	0	0	0	0	0	0	0	0
LOC141447732	0	0	0	0	0	1	0	0
LOC141447723	18	16	6	11	14	20	11	11
LOC141447748	579	672	716	738	982	983	904	819
Pis	1048	933	1030	1008	1853	1124	891	1293
LOC141447739	104	105	132	103	168	150	143	133
Ski6	239	289	239	216	356	367	332	281
RpL15	3718	4320	3995	3529	4130	5936	5325	3580
LOC141447741	60	87	126	98	74	43	57	53
ND-MLRQ	1296	1390	1428	1260	1689	1739	1452	1376
Sf3a1	2189	2111	2324	2015	2732	2149	1910	2167
LOC141447729	20	31	25	27	32	20	23	27
LOC141447727	17	22	17	19	48	18	25	49
LOC141447728	131	88	84	105	174	124	101	125
LOC141447755	752	697	730	720	1228	813	806	826
LOC141447756	195	182	184	210	272	172	132	179
LOC141447736	1910	1723	2028	1948	2299	1905	2215	1398
Sbds	189	235	217	211	453	447	469	372
LOC141447735	173	194	168	148	257	339	324	253
LOC141447730	690	645	743	721	1097	881	934	860
LOC141447743	145	161	135	141	189	156	141	138
LOC141447754	364	416	442	357	294	334	240	237
LOC141447750	198	219	211	198	252	252	236	240
dom	2336	1974	3081	2818	3749	2585	3137	3029
LOC141447752	376	332	354	359	564	462	406	463
LOC141447725	294	292	283	303	448	472	499	369
LOC141447726	899	1248	1620	1623	941	1117	1261	1104
qless	940	920	1261	884	851	771	903	764
mRpL32	175	156	139	178	268	301	261	240
LOC141447737	273	311	299	291	429	429	400	298
LOC141447738	347	362	425	321	368	310	320	289
LOC141447731	482	499	480	454	837	763	580	578
LOC141447759	18	17	37	12	14	25	21	12
LOC141447734	843	715	764	758	1208	1287	1266	882
twr	393	459	426	495	768	1333	1450	716
LOC141447757	54	60	36	40	88	43	43	40
nAChRalpha4	52	43	101	83	95	55	41	79
LOC141448106	2	6	8	3	1	4	3	6
LOC141448128	0	0	0	0	0	0	0	0
LOC141448138	54	36	70	64	96	44	48	54
LOC141448109	284	333	299	240	124	285	208	102
LOC141448118	5	2	8	0	4	2	11	12
LOC141448127	3	0	1	2	4	2	1	2
LOC141448139	0	0	0	1	0	0	0	0
LOC141448117	40	2	6	15	13	5	4	2
lovit	165	161	280	154	255	241	164	191
LOC141448132	768	869	832	854	1462	1356	1125	1191
LOC141448108	485	428	570	568	853	577	479	577
da	448	411	403	397	533	610	516	310
LOC141448119	645	526	777	614	765	532	435	490
LOC141448137	84	55	75	62	105	52	48	63
LOC141448122	50	40	51	43	44	33	33	39
SerRS	525	565	568	546	929	1375	1347	902
LOC141448136	8	10	10	3	9	1	4	2
LOC141448133	7482	8665	7900	6852	4826	7265	6476	4127
LOC141448116	518	475	701	565	631	419	453	478
HINT1	1213	1465	1315	1236	1534	1442	1240	1348
RpL10Ab	2888	3295	3184	2695	2894	4266	3713	2770
LOC141448135	24	3	27	21	55	26	18	45
LOC141448123	9	2	16	12	25	12	10	16
LOC141448130	15	1	13	20	15	23	40	32
LOC141448110	15	9	20	17	38	31	47	59
LOC141448131	254	254	257	255	357	335	305	287
LOC141448107	53	54	65	41	53	35	28	35
LOC141448124	8	19	11	4	23	13	7	3
LOC141448126	19	17	19	16	28	27	29	32
kuz	1568	1280	1886	1721	2648	1743	1473	1851
LOC141448140	33	29	45	26	48	16	24	28
LOC141448142	14	12	31	12	46	25	15	34
LOC141448143	1	1	0	2	2	0	0	2
Spt6	3837	3170	4519	4543	6243	4521	5157	5193
LOC141447891	587	541	653	686	1017	571	636	801
LOC141447764	214	202	242	204	309	224	171	213
LOC141447782	36	32	33	25	35	16	14	27
LOC141447769	3229	3263	3760	3452	6133	4563	4119	4303
LOC141447772	1658	1764	1788	1732	3213	3109	2646	2283
Ran	4737	5777	5797	4844	5746	6704	5670	5044
Syx1A	2392	1885	2818	2846	4899	2789	2547	3590
RpL8	5787	7023	5995	5274	5122	6938	5854	4853
LOC141447787	3	3	2	1	4	6	3	1
SelR	552	517	572	613	653	400	384	401
LOC141447785	3	3	3	8	2	3	2	0
Pak	999	1047	1253	1096	1616	1528	1426	1095
LOC141447773	0	0	0	1	0	0	0	0
LOC141447779	555	556	505	550	1102	1498	1266	901
rho-7	323	369	318	312	516	541	402	400
LOC141447760	966	762	1245	1265	1550	975	1108	1258
LOC141447763	744	719	825	733	1122	818	781	825
S6KL	189	149	217	207	276	204	227	178
LOC141447776	1007	1026	1196	1353	4696	3129	2568	3659
LOC141447766	54	59	67	60	79	67	80	64
LOC141447765	189	16	6	9	12	15	26	19
LOC141447767	12	4	10	8	12	2	11	17
LOC141447784	9	8	15	8	19	25	23	20
LOC141447770	237	291	322	316	307	296	312	223
LOC141447786	29	22	20	19	19	16	22	19
LOC141447771	982	928	1007	913	1067	971	792	781
LOC141447789	1254	953	1544	1346	1831	1343	1429	1289
LOC141447790	4	0	0	4	2	3	2	2
LOC141448148	545	415	735	609	1125	502	523	649
LOC141448161	2	0	5	1	1	1	3	2
Nprl2	140	178	191	168	281	237	198	189
LOC141448158	66	74	72	65	99	87	103	66
Ppcdc	263	256	241	230	340	369	304	256
LOC141448157	693	648	764	891	1049	747	932	794
LOC141448149	19410	21036	22375	21379	34271	30339	27147	26635
Prp8	4588	3750	5387	5333	7401	5990	6127	6330
RpS29	1233	1544	1336	1145	1348	1477	1239	1163
Rnb	962	922	1078	1088	1629	1081	985	1136
LOC141448150	217	136	306	292	294	185	220	308
LOC141448153	130	187	149	94	164	203	175	154
Atg1	1808	1639	2101	2123	2998	2032	2114	2169
LOC141448152	392	521	480	395	572	777	810	445
LOC141448160	3	3	2	1	1	4	0	0
LOC141448147	500	521	604	589	1065	1002	1279	852
LOC141448156	199	234	271	276	472	454	379	328
Vps28	373	436	495	485	757	817	618	513
LOC141448162	36	18	27	13	12	40	41	15
Rad60	197	248	267	251	331	343	297	341
Lkb1	229	270	284	284	411	420	362	306
LOC141448169	1172	1129	1414	1289	1685	1474	1331	1217
LOC141448165	332	588	767	572	189	531	499	140
LOC141448163	1412	1373	1561	1557	3305	2280	2231	2664
LOC141448171	0	1	0	0	0	0	0	0
Uba3	219	186	220	201	463	406	418	369
waw	370	397	405	375	608	585	498	463
gb	898	918	1080	1139	1979	1762	2134	1375
LOC141448172	39	14	21	41	37	29	37	37
LOC141448175	5	3	2	2	5	3	5	3
Lnk	282	248	329	383	496	322	334	401
LOC141448178	2601	1888	2236	3100	2946	2883	3694	2033
RpL35A	3910	4648	3857	3450	3644	4238	3806	3346
LOC141448185	232	268	282	226	510	323	289	333
Hs6st	508	574	631	612	774	635	664	699
LOC141448181	67	89	82	104	138	104	94	99
LOC141448176	382	448	463	416	626	625	610	460
Polr3K	26	23	42	49	59	58	85	52
Plekhm1	379	411	425	455	751	827	781	632
Tcs1	0	0	0	0	0	0	0	0
kune	295	241	283	263	373	301	246	303
LOC141448183	505	535	610	452	509	610	589	422
LOC141448180	1104	1167	1238	1058	2118	1329	1066	1494
Osi23	0	1	0	0	0	0	0	0
LOC141448188	1	2	2	3	1	3	2	3
LOC141448281	0	0	0	0	0	0	0	0
Nop10	207	276	278	270	447	370	359	351
LOC141448191	532	547	640	638	1101	696	678	777
LOC141448195	87	99	100	111	169	165	112	112
LOC141448192	493	584	579	572	991	1198	1033	752
LOC141448189	134	111	162	145	161	121	142	94
LOC141448198	5	10	7	7	0	6	3	1
LOC141448193	1184	1251	1308	1273	1987	2039	1529	1561
sinu	334	305	450	443	529	398	357	404
LOC141448190	147	153	163	127	134	140	118	103
LOC141448199	0	0	3	1	1	1	3	3
LOC141448194	133	161	129	162	302	270	263	224
ssh	1345	1119	1601	1288	2243	1414	1286	1340
zetaCOP	825	934	948	797	615	754	588	529
LOC141448205	859	817	977	883	1174	845	848	789
Irbp	803	767	813	755	1123	875	886	694
qvr	6327	4728	7333	7219	10678	5852	5443	7245
LOC141448203	629	597	775	778	999	781	612	694
Dgk	889	745	1054	851	1116	634	819	950
TRNAA-AGC_2	0	0	0	0	0	0	0	0
LOC141448211	52	62	69	63	112	66	55	71
LOC141448212	639	640	703	666	979	733	656	637
LOC141448214	14	8	8	18	10	28	24	5
LOC141448213	219	203	217	248	227	282	329	192
LOC141448210	343	404	428	371	659	541	484	539
tnc	1173	985	1413	979	1737	2873	1058	1431
LOC141447915	0	0	0	0	0	1	0	0
LOC141448215	15	15	18	15	7	7	8	4
LOC141448216	1	0	0	0	0	0	0	0
Smg6	1069	796	1234	1112	1353	881	1037	1094
LOC141448226	10	9	12	12	21	7	4	7
Tango10	654	637	716	700	941	766	741	710
LOC141448230	25	36	37	43	52	38	41	31
LOC141448225	208	205	240	253	375	320	325	298
RhoGAP5A	417	356	416	346	609	577	577	496
LOC141448228	1028	2601	1542	1803	21	9348	9377	291
Prosbeta7	891	1002	938	942	1484	1631	1343	1241
LOC141448231	35	52	47	64	82	51	43	42
Dhfr	136	148	158	148	204	213	166	138
LOC141448224	2427	2157	3213	2727	4371	2644	2429	3145
Non1	5296	6127	5702	4521	3386	3372	3036	2636
LOC141448223	132	107	116	109	187	177	163	163
LOC141448222	162	192	261	205	112	121	86	115
Cht2	191	205	283	249	316	304	290	351
LOC141448233	0	0	0	0	1	0	0	0
synr	3	5	15	13	11	33	6	12
LOC141448235	6	8	4	6	21	25	20	11
LOC141448237	0	0	0	0	0	0	0	0
LOC141448239	0	0	0	0	0	0	0	0
Mccc2	724	861	851	837	1240	1215	1195	891
LOC141448245	926	923	889	904	1536	1381	1063	1007
G6P	1724	1648	1824	2089	3063	2137	1835	2397
qsm	3603	3281	4847	4674	5324	3539	3211	4323
LOC141448246	1	3	0	2	4	1	0	0
LOC141448243	21	13	21	24	10	7	8	4
SIFa	2003	1709	1799	1498	3153	1530	2304	2376
conv	460	774	986	1098	725	1339	1362	661
LOC141448248	9481	12860	10742	5084	185	9431	8991	661
LOC141448251	8624	7335	11059	9798	11866	7738	7347	8771
LOC141448253	27	50	43	42	51	59	39	50
LOC141448254	761	650	813	770	1275	732	812	991
LOC141447795	0	0	0	0	0	0	0	0
LOC141448255	14	3	9	5	12	4	3	5
CycH	351	397	404	352	452	519	413	444
LOC141448257	2	1	6	0	2	2	5	1
LOC141447918	1	0	0	0	2	0	0	0
LOC141448272	4	7	4	2	5	2	4	0
LOC141448259	1314	1089	1470	1426	1862	1258	1456	1239
ND-B17.2	971	1155	972	1055	1565	1261	895	1167
LOC141448262	524	567	632	669	787	746	698	574
LOC141448276	23	10	15	26	21	20	15	19
Cht6	330	265	415	421	422	328	334	399
hfw	2794	2992	3062	2777	2622	2486	2226	2095
LOC141448267	400	415	466	414	716	667	627	546
LOC141448271	38	28	23	37	45	38	35	22
GlcT	551	598	607	631	1229	1040	1051	1009
Orai	1529	1471	1672	1612	2222	1687	1506	1618
lok	654	636	731	649	921	747	672	748
CSN5	1147	1180	1209	1164	1961	1762	1545	1369
LOC141448275	36	44	38	44	42	39	27	31
AP-1gamma	1284	1186	1493	1354	1970	1800	1976	1532
Arfrp1	765	822	841	779	1264	1244	1055	900
LOC141448265	480	427	494	495	668	545	546	460
chas	1541	1295	1976	2063	1408	1017	1114	1188
LOC141448277	116	128	128	123	255	201	123	173
LOC141448279	380	433	405	413	535	432	369	345
LOC141448280	2	1	2	4	0	2	0	0
LOC141448293	758	655	926	843	1321	735	673	936
LOC141448300	7	4	14	12	13	7	4	9
l(2)dtl	58	48	72	65	107	91	100	73
Sgt1	317	375	372	334	593	514	423	419
Polr2I	162	161	210	181	249	177	183	181
LOC141448296	736	712	834	868	1250	852	788	882
LOC141448292	17	26	21	13	14	16	16	14
LOC141448299	1	5	10	8	5	7	12	1
Cog8	286	260	310	274	446	459	378	352
LOC141448303	591	622	685	689	1074	928	780	817
LOC141448307	0	0	0	0	0	0	0	0
Gsc	42	44	46	37	92	34	46	60
LOC141448374	0	0	0	0	0	0	0	0
LOC141448302	107	140	235	190	117	390	366	225
eIF3k	395	472	399	459	813	1035	980	744
Tbp	303	309	301	286	432	369	357	316
LOC141448313	29	25	20	20	58	29	38	26
LOC141448309	1199	1096	1490	1294	2441	1691	1525	1794
LOC141448316	1	1	5	4	2	4	5	2
LOC141448315	2	0	3	3	1	3	6	1
LOC141448291	0	1	0	0	1	0	0	0
Smg5	753	590	904	920	1187	890	1209	1027
c12.2	822	729	966	1068	1409	1454	1440	1050
LOC141448326	0	1	2	0	0	1	2	2
LOC141448327	2	2	2	0	3	6	3	1
LOC141448322	1141	1105	1206	1140	1796	1213	984	1129
LOC141448323	1517	1531	2021	2076	2699	1735	1399	2086
LOC141448320	394	451	465	338	665	522	492	573
LOC141448321	931	1993	1916	1588	639	2643	2292	597
LOC141448324	9	15	12	6	3	8	4	2
LOC141448328	259	240	320	336	419	220	214	325
LOC141448373	0	0	0	0	0	0	0	0
LOC141448329	1	0	0	0	0	0	0	1
LOC141448330	242	181	353	330	439	256	299	330
LOC141448331	606	553	661	574	1012	672	671	692
LOC141448371	0	0	0	0	0	0	0	0
LOC141448372	0	0	0	0	0	0	0	0
LOC141448375	0	0	0	0	0	0	0	0
LOC141448332	531	519	537	588	781	569	592	573
LOC141448333	620	539	829	835	884	633	663	787
LOC141448334	653	647	711	658	810	696	572	636
PPP1R15	1224	1585	1416	1185	1376	1757	1494	1151
LOC141448336	100	177	194	229	226	191	162	202
LOC141448337	0	5	0	6	1	1	3	0
Dbx	91	75	84	80	133	99	107	121
TRNAH-GUG_1	0	0	0	0	0	0	0	0
LOC141448344	1441	1183	1649	1539	2760	1767	2031	1947
LOC141448339	1	1	3	1	9	5	5	5
LOC141448342	11	6	17	10	20	9	9	7
Mcm5	80	74	80	91	302	451	289	261
LOC141448341	1625	1573	1939	1801	2907	3110	3145	2241
IFT43	125	121	156	151	263	216	173	215
mRpS17	83	102	107	94	172	184	140	144
LOC141448343	142	152	163	199	316	278	430	277
LOC141448349	32	22	62	37	44	29	18	31
LOC141448345	27	46	24	34	66	52	31	53
LOC141448370	5	8	5	6	3	5	4	4
LOC141448357	6812	6212	9174	7792	11825	8255	8337	8544
CCT4	1767	2124	2111	2094	4296	5117	4680	3643
Atg14	199	265	234	239	297	238	216	228
LOC141448377	0	0	0	0	0	0	0	1
LOC141448376	0	0	0	2	0	0	0	0
LOC141448359	0	0	2	0	0	0	0	0
LOC141448352	60	83	142	107	56	321	188	80
LOC141448350	2750	2234	2806	2759	3254	1920	1805	2052
Pex19	1545	1670	1762	1457	1589	1526	1393	1161
Pgk	1336	1364	1591	1409	1897	1922	1476	1304
Rcd6	101	130	160	149	233	154	139	109
LOC141448378	0	0	0	0	0	0	0	0
LOC141448364	5	8	12	4	8	7	3	3
Sos	1302	1219	1599	1401	1723	1266	1160	1118
LOC141448354	517	312	687	733	893	432	619	901
LOC141448362	3	0	0	0	0	3	0	3
LOC141448361	911	968	1161	1151	1685	943	896	989
LOC141448363	0	2	0	3	3	0	1	1
LOC141448365	44	73	36	39	24	15	12	16
LOC141448366	158	177	139	175	312	323	259	249
LOC141448367	31	15	39	37	29	6	12	32
LOC141448383	860	924	1127	986	1266	852	624	996
LOC141448382	492	818	603	574	213	134	106	94
TRNAL-CAG_1	0	0	0	0	0	0	0	0
LOC141448384	17	23	39	21	8	7	7	4
tna	3393	2933	4146	3804	4913	2674	2583	3525
mRpS24	284	296	301	320	506	480	336	395
LOC141448387	9	2	5	8	8	3	7	12
LOC141448380	0	1	2	0	0	0	0	0
LOC141448394	56	82	64	50	0	68	57	8
LOC141448398	2	6	1	2	0	5	4	2
LOC141448391	2913	2413	3354	3223	4809	2944	3026	3664
140up	1526	1609	1537	1487	1416	1169	1208	945
LOC141448390	482	365	456	657	476	298	351	295
ND-MWFE	278	271	310	269	445	398	313	308
LOC141448381	0	0	0	0	0	0	0	0
LOC141448388	13188	832	8	6	2	8	2149	2
LOC141448389	0	0	0	0	3	2	0	2
LOC141448396	2	1	0	0	0	0	0	0
LOC141448395	37108	1824	27	28	15	15	14311	4
LOC141448402	9	0	0	0	0	1	18	0
LOC141448403	24	4	0	4	3	1	15	5
LOC141448400	310	12	1	2	0	0	82	1
LOC141448401	752	598	967	1080	1661	991	1300	1496
LOC141448404	2	0	2	3	1	0	2	0
LOC141448405	1	0	4	1	0	1	5	4
LOC141448399	0	0	0	0	0	1	1	2
LOC141448407	344	312	366	398	575	374	315	410
LOC141448409	0	0	0	0	0	0	0	0
LOC141448431	0	0	0	0	0	0	0	0
LOC141448411	0	0	0	0	0	0	0	0
LOC141448432	0	0	1	0	0	0	0	0
LOC141448412	0	0	0	0	0	0	0	0
LOC141448415	0	0	1	0	2	1	1	0
LOC141448434	0	1	3	2	3	0	0	0
LOC141448416	1	0	0	0	0	0	0	0
LOC141448417	0	1	0	0	1	0	0	1
LOC141448418	0	0	0	0	0	0	0	0
LOC141448419	0	0	0	0	0	0	0	0
LOC141448420	0	0	0	0	0	0	0	0
LOC141448421	0	0	0	0	0	0	0	0
LOC141448433	0	2	1	2	4	1	0	0
LOC141448422	0	0	0	0	0	0	0	0
LOC141448423	2	0	2	0	1	2	1	1
LOC141448435	0	0	2	0	0	0	0	1
LOC141448424	3	0	2	2	10	0	1	4
LOC141448425	0	0	4	0	3	0	0	1
LOC141448426	12	2	14	16	21	2	9	13
LOC141448427	3	0	3	1	10	0	6	1
LOC141448428	4	0	3	8	5	0	1	1
LOC141448436	0	0	4	2	0	0	0	0
LOC141448430	0	0	3	0	0	0	0	0
LOC141448437	0	0	0	2	0	0	1	0
LOC141448438	0	0	3	0	1	0	0	0
LOC141448448	24	20	13	25	44	37	30	33
LOC141448452	0	1	0	0	0	0	0	0
LOC141448449	10	3	2	1	9	4	5	10
LOC141448451	2	1	1	0	0	0	0	0
LOC141448450	28	24	38	37	40	40	36	37
Nnp-1	1451	1675	2075	1485	1190	1099	1060	1090
LOC141448443	946	920	1037	1067	1300	915	906	819
fy	398	406	439	348	305	286	221	242
PolA2	89	79	98	91	187	189	127	131
LOC141448454	2	1	4	2	0	0	0	2
LOC141448446	4837	4533	5054	5127	6963	4713	4014	5075
LOC141448456	403	289	382	370	782	453	444	583
LOC141448442	0	0	0	0	0	0	0	0
LOC141448460	0	0	1	0	0	0	0	0
LOC141448457	4718	4049	5549	5773	7909	4683	4898	6148
LOC141448458	5	11	7	13	13	9	6	4
Ndg	709	1609	1799	1015	448	1723	1396	616
LOC141448459	1	1	1	0	2	1	5	2
LOC141448461	1	0	0	0	1	0	2	3
LOC141448464	1	0	0	1	2	1	1	1
LOC141448463	0	0	0	2	0	0	0	0
LOC141448462	1	0	1	0	0	1	0	0
LOC141448466	1691	1363	2006	1960	2180	1474	1472	1547
LOC141448465	258	138	157	142	59	176	374	47
LOC141448467	499	362	419	397	442	258	199	327
LOC141448441	0	3	0	0	1	1	3	0
LOC141448469	0	0	2	0	0	3	1	1
LOC141448468	1	0	0	1	0	0	1	0
LOC141448475	0	0	2	0	5	0	0	1
LOC141448471	4898	4679	5426	4977	7271	4248	3327	5340
LOC141448474	54	58	78	81	76	46	36	54
LOC141448470	2	2	1	1	2	4	0	2
LOC141448440	3	0	4	0	0	2	0	1
LOC141448473	0	0	0	1	0	0	0	0
LOC141448472	0	4	0	1	0	0	0	0
LOC141448476	30	15	10	20	22	17	16	17
LOC141448481	1	2	8	4	0	2	2	2
Syn2	2889	2325	3439	3366	4898	2587	2744	3747
LOC141448484	324	292	372	257	26	236	179	24
LOC141448488	81	11	22	13	26	29	18	13
LOC141448483	366	314	491	424	690	417	448	615
LOC141448485	137	156	182	174	237	145	128	171
LOC141448486	6	2	3	5	10	3	4	6
Eclosyon_hormone	1	6	6	3	5	0	4	3
LOC141448478	0	0	2	1	1	0	1	2
LOC141448479	102	52	125	114	170	65	105	141
LOC141448487	0	0	0	0	0	0	0	0
LOC141448489	0	0	0	0	0	0	0	0
LOC141448636	1	2	7	3	7	5	1	2
Adck5	1841	1906	2176	1618	1724	1359	1222	1154
eIF2beta	1998	2135	2199	2276	3848	4599	4407	3043
sl	728	789	925	839	1811	1419	1553	1352
LOC141448641	112	149	129	130	270	401	271	235
LOC141448639	380	387	289	246	264	226	114	159
LOC141448651	3264	2969	3967	3846	5643	3379	3380	3929
Cat	3719	3502	3768	3403	3317	6888	5753	2806
LOC141448654	0	3	2	0	0	4	2	8
LOC141448644	5421	3668	6714	5686	3559	2190	2907	3048
eEFSec	218	181	222	210	295	195	183	226
Syx6	2028	1882	2393	2245	3485	2437	2374	2382
LOC141448645	47	39	55	68	104	158	114	93
LOC141448642	3359	3118	4387	4050	6058	4985	5656	4947
ltl	882	1054	1407	1003	1076	804	791	671
t	239	291	225	245	27	295	249	41
LOC141448650	26	22	23	22	20	31	22	15
Prp39	3124	3168	3540	3229	5426	4358	3902	4050
LOC141448544	0	0	0	0	0	0	0	0
Lamtor5	123	108	135	115	206	215	185	189
LOC141450033	462	447	498	460	725	534	429	464
LOC141448669	23	20	34	37	34	12	11	30
PolE1	2233	1870	2310	2328	3548	2340	2256	2557
mRpL40	611	649	602	543	766	746	675	623
RpL14	2389	2680	2563	2070	2597	3457	3038	2347
Arp3	2066	2205	2372	2230	3369	3553	3040	2758
Coq4	286	300	304	295	512	507	434	390
LOC141448670	133	104	138	91	180	168	119	138
pins	1968	1690	2364	2332	3553	2512	2755	2745
LOC141448671	29	26	23	35	68	65	54	45
LOC141448662	1030	914	1166	1309	1621	1053	975	1151
TP53INP	492	365	607	633	698	384	362	537
LOC141448663	279	251	318	286	319	250	269	198
LOC141448657	309	314	343	358	551	622	531	492
LOC141448660	1414	1237	1287	1219	1764	1393	1270	1027
LOC141448661	1079	1080	1165	947	1404	1136	969	1009
LOC141448674	10	11	11	7	11	7	11	15
LOC141448676	10	11	12	19	31	13	11	9
LOC141448675	25	240	98	335	296	304	209	214
LOC141448677	3	10	10	17	79	21	45	45
LOC141448678	433	1460	1059	1163	1783	928	946	985
LOC141448680	1	3	1	0	1	0	0	0
LOC141448681	6	37	23	37	94	39	31	99
LOC141448701	75	91	115	71	14	24	19	20
LOC141448697	2474	2589	3002	2927	4528	3856	3887	3557
LOC141448704	872	867	854	805	1213	807	655	781
LOC141448689	1630	1470	1813	1721	2523	1687	1684	1917
LOC141448703	1	2	2	0	4	5	3	2
LOC141448696	3015	2903	3627	3778	6105	4113	4055	4849
zyd	2122	2111	2470	2304	3881	2405	2424	2611
LOC141448693	15	39	57	16	14	37	99	14
LOC141448686	1448	3089	3297	2221	59	2080	3004	48
LOC141448700	12	11	15	2	2	3	6	1
LOC141448699	411	651	607	499	482	992	805	343
Rrp6	1086	1099	1314	1240	1713	1493	1522	1348
LOC141448702	10	11	1	3	5	9	6	1
LOC141448684	4500	5339	5232	5236	11686	14509	15405	9835
LOC141448683	111	79	140	164	175	117	167	165
LOC141448687	2401	2487	2642	2536	5734	3815	3494	3982
LOC141448690	1090	1057	1392	1272	1389	1034	973	1186
LOC141448695	2818	2117	3511	3659	6357	3621	4748	5516
LOC141448694	3135	4316	4130	2865	2700	1884	2051	2486
LOC141448708	1456	1456	1167	1460	1892	1449	984	1325
LOC141448711	1747	1486	2208	2254	2776	1547	1922	2420
LOC141448705	641	896	593	492	153	285	178	161
LOC141448713	9	8	12	10	4	4	2	5
Scox	805	916	848	659	837	838	694	677
LOC141448706	25834	25752	31043	25059	7076	5820	5044	5483
LOC141448710	775	880	744	830	1436	1272	1163	1069
LOC141450074	7	6	0	2	0	0	2	0
LOC141448712	160	250	223	158	78	1880	1769	83
LOC141448722	414	504	544	428	614	640	562	487
LOC141448726	250	271	296	295	439	353	399	369
LOC141448720	70	44	70	60	109	64	49	68
LOC141448723	759	812	1098	1023	1306	1095	1253	994
Nup43	272	298	276	267	510	491	456	431
LOC141448719	985	978	1209	1136	1265	1542	1580	1023
LOC141448721	263	295	277	233	350	252	209	225
Hou	603	620	663	623	1044	777	837	789
LOC141448715	8440	7446	10041	8237	4754	4608	3824	3466
Burs	1098	1450	1149	1272	1748	1569	1128	1303
Bursicon_alfa	0	0	1	0	1	0	0	0
LOC141448714	62	68	39	55	124	32	39	51
LOC141448717	415	396	458	513	732	485	431	519
Elys	2276	1956	2558	2566	3389	2341	2627	2630
LOC141448732	211	233	253	247	437	392	386	288
Mkp3	200	96	259	286	310	142	211	275
LOC141448730	182	170	263	268	269	162	178	207
stan	1722	1015	2068	1848	1871	1008	1120	1506
LOC141448734	2157	2429	2407	1831	1091	1802	2657	774
LOC141448740	709	693	908	823	953	773	800	718
LOC141448736	4713	3577	5204	5295	7469	4127	4619	5900
LOC141448737	1072	1020	1369	1247	1911	1479	1418	1559
LOC141448742	1057	1219	1205	1303	1514	1182	988	1056
mre11	1157	1170	1321	1219	1855	1261	1237	1279
l(1)G0289	760	744	879	1045	2205	1455	1487	1517
LOC141448743	347	373	407	241	601	723	468	558
LOC141448744	8	6	5	3	3	9	7	7
LOC141448747	2	1	4	1	0	2	2	1
LOC141448748	0	0	0	0	1	0	0	2
LOC141448746	42	60	60	49	79	52	39	43
LOC141448745	70	48	81	64	122	73	53	44
LOC141448545	7	3	10	1	0	10	4	5
LOC141448749	0	3	2	2	2	1	0	0
LOC141448750	0	0	2	5	2	4	3	3
LOC141448751	0	0	0	0	0	0	0	0
LOC141450109	9	10	5	9	24	18	11	13
LOC141448754	405	426	471	412	817	1025	864	677
mus101	535	533	563	620	843	595	672	551
LOC141450207	2737	2221	3142	2779	3036	2231	2550	2412
LOC141450226	748	680	857	798	1196	813	911	810
LOC141450227	0	3	0	1	0	2	3	0
LOC141450221	53	64	54	63	94	85	60	49
LOC141450214	1515	1492	1795	1814	2665	1701	1619	1830
frc	520	461	619	552	793	555	595	592
LOC141450208	847	493	1048	871	1276	564	594	1214
LOC141450224	335	228	378	355	558	275	336	522
LOC141450216	1331	1253	1474	1355	1633	1003	1017	1241
LOC141450225	5	2	5	3	5	0	5	0
LOC141450211	2410	2474	2677	2716	3755	3502	3095	2769
LOC141450215	38	52	76	26	69	127	47	92
Gcn5	937	792	1072	1048	1501	994	1110	1017
LOC141450218	7	2	7	12	7	9	3	6
LOC141450220	173	218	205	214	265	208	242	193
eIF4G1	7041	5757	9524	8975	12701	10287	13825	11062
Pisd	175	198	190	151	391	366	378	327
LOC141450223	11	19	3	4	29	2	1	10
LOC141450219	102	82	96	90	174	124	122	135
LOC141450222	69	74	54	57	85	67	40	64
LOC141450210	402	394	426	428	590	367	347	414
LOC141450231	339	324	310	272	428	305	264	309
pch2	28	21	33	18	42	50	36	36
LOC141450230	0	0	0	0	0	0	0	0
LOC141450228	7535	5186	9363	8803	13462	6539	8062	10281
LOC141450232	0	1	1	4	4	0	0	3
cdi	662	607	745	682	822	819	1066	620
LOC141450235	0	4	4	2	4	6	1	2
LOC141450236	3	4	5	0	2	4	0	2
mRpL55	47	46	42	31	72	56	60	60
LOC141448756	8	13	10	2	16	12	8	11
LOC141448759	43	18	13	20	31	13	53	24
LOC141448757	569	233	255	403	396	305	562	316
AsnS	450	557	542	597	1057	1246	1390	824
IntS8	293	303	343	362	514	481	439	378
LOC141450242	0	0	1	0	4	0	0	1
LOC141450241	3	5	1	3	7	5	3	5
LOC141448546	2	5	2	2	0	0	3	3
LOC141450243	0	0	0	0	0	2	4	0
LOC141450247	403	298	602	596	604	268	451	584
LOC141450256	14	2	23	8	8	6	8	7
LOC141450257	2	0	0	0	0	0	0	0
LOC141450258	1517	1530	1797	1576	2588	1660	1653	1778
kdn	1980	1763	2208	2508	3128	3137	4298	2709
LOC141450249	731	796	783	858	1471	1372	1325	1121
beta-COP	1317	1427	1596	1666	2768	3068	3259	2184
Ykt6	739	786	829	744	1040	957	994	857
LOC141450253	748	832	784	884	1361	1357	1365	1042
stc	1028	991	1265	1206	1640	1300	1380	1180
LOC141450255	334	309	412	286	480	496	378	391
LOC141450252	244	239	263	246	385	456	389	294
LOC141450250	41	34	32	32	60	46	41	44
LOC141450246	812	769	930	855	1055	1197	1168	845
GlyRS	776	753	642	781	1365	1590	1634	1176
Opa1	1168	1145	1238	1312	2388	1975	1990	1811
Rfx	816	718	1098	816	1320	875	794	1006
LOC141450279	19	19	33	37	38	25	22	29
LOC141450265	6210	5116	7617	7384	10232	5698	6318	8195
LOC141450280	1	0	1	2	0	0	0	0
LOC141450264	383	254	568	417	219	156	344	484
LOC141450274	20	5	18	19	24	4	17	18
LOC141450278	0	0	0	0	0	0	1	0
LOC141450261	893	867	1259	981	1416	1322	1373	1165
LOC141450270	490	565	537	388	464	530	421	326
LOC141450272	359	326	399	379	426	319	296	297
LOC141450266	9312	12613	12089	13378	17867	46297	47695	15557
LOC141450277	66	53	87	69	106	72	103	68
PIG-B	204	248	234	226	516	542	445	405
cdm	509	469	560	601	920	751	695	669
rngo	1220	1248	1538	1220	1657	1596	1520	1323
LOC141450271	266	247	290	263	400	336	340	316
LOC141450269	27784	29564	28070	27063	25109	22175	20336	19938
LOC141450273	5	5	7	7	13	13	8	17
Hk	2578	2278	3266	3079	4498	2616	2539	3506
Plod	1480	1594	1849	1671	2517	2246	1903	1862
Pdfr	81	62	103	83	180	96	97	145
LOC141448547	0	0	0	0	0	0	0	0
trol	9218	8256	9657	8739	10944	8356	9430	5863
LOC141450285	5	4	7	4	7	7	7	6
LOC141450286	0	0	1	0	0	1	0	2
Pburs	318	538	353	404	598	513	341	358
LOC141450301	33	27	25	21	49	23	39	43
LOC141450294	20	32	28	37	46	41	27	24
LOC141450295	631	667	743	679	708	641	525	535
LOC141450300	181	213	192	202	243	216	211	171
eIF3m	510	597	561	532	1198	2092	1802	1202
LOC141450288	1770	1661	2158	1996	2846	2374	2327	2317
p23	3440	3578	3608	3274	6843	6692	6028	5414
LOC141450291	646	656	689	699	1105	870	729	721
LOC141450302	12	3	21	16	15	15	6	9
LOC141450296	123	155	150	127	182	224	154	134
LOC141450297	344	340	344	328	481	734	637	518
tst	2343	2339	2720	2212	2829	2496	2337	2226
spg	2106	1725	2551	2321	2912	1608	1661	2098
Inx3	1829	1566	1987	2090	2760	1900	1743	2162
TRNAR-UCU	0	0	0	0	0	0	0	0
LOC141450307	1081	1360	1503	1539	2098	2150	2493	1875
ND-ASHI	1480	1484	1489	1510	2072	1848	1551	1577
LOC141450312	2756	5655	4322	5985	2218	19758	16557	2751
Gem2	251	232	262	256	292	235	245	198
twf	1215	1348	1460	1511	2529	2022	1921	2009
LOC141450313	3	0	1	2	6	14	5	1
LOC141450320	2	0	0	0	3	0	2	1
LOC141450311	211	212	241	244	430	469	396	365
LOC141450309	675	615	844	770	1261	973	1083	1139
LOC141450304	1011	1269	1325	1117	1725	2146	1870	1425
LOC141448763	340	236	392	357	590	243	221	343
LOC141448762	0	0	1	0	0	0	1	0
LOC141448764	0	0	0	0	0	0	0	0
LOC141450303	1122	977	1475	1266	1730	1033	1017	1388
LOC141450318	152	1	132	231	0	0	61	101
LOC141450308	270	351	313	298	648	980	929	634
LOC141450306	535	475	585	528	956	857	1013	725
LOC141450317	1	2	3	0	1	1	0	0
LOC141450319	0	2	0	0	0	0	3	0
mib2	231	170	319	229	333	204	223	262
LOC141448766	8844	15576	14082	12879	18911	21418	10755	14692
LOC141448767	4080	3097	4780	4437	7247	4208	3932	5808
LOC141448768	0	0	0	1	0	0	0	0
LOC141448769	2	0	0	0	0	0	0	2
LOC141448770	886	722	936	883	1408	780	937	1142
Exo84	593	572	773	699	1087	869	750	758
LOC141450326	104	313	344	199	36	223	239	82
Syn	4657	3822	5704	5387	9232	5704	5649	7548
Skp2	33	31	4	34	18	76	21	28
Atg9	1388	1233	1467	1297	1816	1472	1313	1277
LOC141450321	932	1057	1097	1102	1871	1825	1831	1509
Nup35	1341	1319	1402	1084	975	777	672	723
LOC141450330	205	101	347	195	107	94	109	127
LOC141450332	0	1	0	0	0	0	0	0
LOC141450324	255	142	135	258	128	108	320	179
LOC141450329	1139	1035	1315	1264	2346	1555	1364	1858
LOC141448772	0	0	2	0	0	0	0	0
grn	471	353	529	473	738	406	480	641
LOC141450337	2581	1994	2935	2305	2115	1612	1385	1538
LOC141450341	1302	1433	1518	1228	1309	1151	1214	986
RhoGAP93B	2306	2062	2668	2513	3852	2465	2568	2661
LOC141450342	29	30	54	37	44	29	22	42
LOC141450345	0	0	0	0	0	0	0	0
LOC141450340	1077	911	1058	988	1088	2463	1679	884
prd1	2491	2101	2957	2830	3443	2215	2154	2612
LOC141450339	2	5	3	0	1	2	3	4
Prosbeta1	952	1114	986	942	1366	1555	1232	1198
LOC141450346	28	36	15	29	59	44	35	32
Nep2	2596	4780	4304	4874	1193	6866	6525	859
LOC141450350	1	0	0	3	1	0	1	1
LOC141450349	2	0	1	1	1	1	0	0
LOC141448773	269	176	298	252	150	93	92	109
LOC141448782	579	506	652	584	1226	752	630	843
LOC141448781	0	2	0	0	0	0	0	0
Pde9	2290	2243	2866	2400	3120	2358	2785	2158
Polr2D	248	267	284	275	385	435	437	326
LOC141448778	233	242	267	221	441	425	340	351
Dbp80	898	932	943	935	1656	1655	1634	1345
LOC141448777	1730	1456	2086	1851	2679	1670	1572	1957
LOC141448785	4	2	0	1	0	2	1	1
LOC141448783	367	338	326	290	194	386	290	142
LOC141448774	618	415	729	601	832	481	519	655
LOC141450173	1	0	0	0	0	0	0	0
LOC141448789	0	0	0	0	0	0	0	0
dnc	6588	5245	8038	8194	9033	6126	7193	7807
LOC141450588	0	0	0	0	0	0	0	0
LOC141448790	1	0	2	2	1	0	0	0
LOC141448794	2	1	4	0	3	1	4	10
LOC141448791	36	23	38	26	35	19	24	24
LOC141448793	2009	2154	2431	2274	3585	2344	1937	2554
LOC141448798	319	299	336	245	499	304	223	233
Stacl	2205	1448	2542	2538	3119	1531	1892	2626
LOC141448799	0	5	8	4	1	5	1	7
LOC141448795	1	3	4	1	4	4	3	5
ppk23	26	2	2	2	6	1	5	1
myd	263	273	290	249	524	364	315	343
LOC141448800	25	45	23	34	29	40	36	19
LOC141448805	0	0	0	0	0	0	0	0
LOC141448808	75	70	106	125	16	41	25	39
LOC141448809	12	9	19	7	8	10	8	15
LOC141448804	2451	2508	2673	2722	3642	2787	2808	2820
LOC141448807	454	388	452	451	653	492	424	477
LOC141448803	45	82	131	93	255	160	156	237
LOC141448806	664	713	746	751	1327	1175	994	907
LOC141448816	671	253	340	220	152	316	388	149
pen-2	538	595	558	512	905	1080	941	779
LOC141448820	1113	1330	1216	1081	1127	1275	1070	849
Dpck	512	482	527	579	838	748	744	564
LOC141448818	850	867	954	974	1552	1210	1152	1080
Rcd-1	593	593	716	630	1064	883	803	828
LOC141448810	1795	1635	2130	2033	2490	1728	1818	1814
LOC141450174	26	43	40	47	55	26	42	32
per	1608	1734	1999	1718	2257	1941	1982	1655
alpha-Man-IIb	1494	1373	1624	1738	1966	1502	1569	1444
LOC141448815	503	526	628	631	1116	940	913	953
LOC141450599	0	0	0	0	0	0	0	0
Snup	268	289	308	315	446	386	306	325
Pgd	351	368	406	329	524	487	461	396
Su(var)2-10	1770	1598	2066	1835	2650	1877	1977	1964
LOC141448834	3358	3866	4357	3937	4721	3548	2514	2843
LOC141448832	48	41	55	46	103	96	72	73
LOC141448835	6	5	5	7	9	11	11	5
LOC141448827	643	539	716	700	821	532	531	538
Pnn	929	918	1003	946	1431	1280	1141	1046
crm	616	565	745	656	847	663	630	650
BORCS7	465	461	524	497	746	587	563	529
LOC141448836	3	12	16	12	16	3	17	8
Tpi	2214	2452	2593	2085	1871	2105	1783	1542
LOC141448829	504	530	439	532	740	812	873	623
LOC141448828	739	727	832	844	1266	1180	1192	963
LOC141448838	0	0	0	0	0	0	0	0
LOC141448849	22	12	13	20	19	11	22	15
mRpL39	569	623	632	586	915	922	809	736
LOC141448842	737	568	839	746	1061	646	813	782
LOC141448864	1	1	0	0	0	2	1	1
LOC141448852	2467	2388	2771	2754	3853	2707	2641	2956
LOC141448858	997	1086	954	976	1503	1049	933	1021
fray	2081	2051	2343	2260	3703	2808	2602	2575
LOC141448861	147	151	155	167	293	200	159	205
Dus3	887	783	933	776	981	869	833	751
LOC141448856	223	200	250	153	320	462	445	368
LOC141448840	3496	3156	4375	4032	6643	5240	5853	5772
SCOT	2967	3207	3338	2689	2426	2734	2346	1734
LOC141448844	1100	1041	1285	1273	1585	1065	906	1093
SCAP	1578	1631	2018	1788	1341	1639	2112	1087
LOC141448851	362	378	378	377	591	503	463	471
LOC141448843	498	485	454	432	593	297	251	401
LOC141448860	2097	1984	2380	2161	3590	2698	2668	2769
Rpp20	427	436	496	478	939	943	818	743
LOC141448863	87	43	53	58	77	57	54	67
LOC141448854	1898	1577	2314	1988	2941	1792	1773	2125
LOC141448855	659	599	757	728	1018	734	726	791
LOC141448847	1922	2296	2349	2464	2953	4421	4274	2551
LOC141448865	5	11	16	7	2	3	4	7
LOC141448868	3	8	7	2	4	2	2	1
Fer2	335	326	321	363	553	398	304	429
LOC141448869	22	14	27	11	26	19	14	11
LOC141448870	477	423	501	531	927	503	505	692
grnd	311	228	356	409	419	335	515	674
TRNAN-GUU	0	0	0	0	0	0	0	0
LOC141448878	50	39	44	47	78	50	52	28
LOC141448874	498	524	536	522	777	651	610	551
yps	62298	51484	72446	65508	66410	42201	46249	56348
LOC141448873	1224	1198	1510	1151	1085	970	1096	888
LOC141448872	2710	1825	3137	2679	2941	1597	1804	2152
LOC141448879	0	0	1	0	0	0	0	0
LOC141448877	116	97	101	98	230	217	197	181
LOC141448887	0	0	0	0	0	0	0	0
LOC141448883	6243	5085	7402	7170	10729	5726	5994	7848
LOC141448587	0	0	0	0	0	0	0	0
LOC141448881	3	11	16	10	4	3	0	1
LOC141448880	2	3	0	4	3	1	0	4
TRNAD-GUC	2	4	0	0	1	0	0	1
LOC141448886	11	8	18	15	7	7	3	5
pcm	2911	2319	3119	3146	4156	2560	3073	3139
LOC141448891	7	9	3	9	16	4	1	0
LOC141448888	0	0	0	0	2	0	0	0
LOC141448889	1	1	0	3	3	0	5	7
LOC141448890	5	1	0	0	0	1	0	6
LOC141448892	4	9	3	0	18	4	1	4
Cchl	1513	1684	1776	1585	2029	1624	1374	1460
heph	933	681	1249	1037	1613	884	895	1400
LOC141448897	191	18	13	8	26	9	39	17
LOC141448898	0	0	0	0	1	0	1	0
Arl8	1067	1195	1219	1211	2192	1616	1451	1496
Coq5	224	198	201	210	329	263	213	251
LOC141450365	31	33	58	44	61	49	34	44
Pex16	318	300	318	297	493	457	440	343
Ctns	618	617	616	644	753	1175	857	460
Dtd	340	377	348	288	811	653	566	553
LOC141450368	3	8	7	5	11	5	7	6
Imp	1708	1896	2019	1724	3586	3585	3423	2715
LOC141450367	0	0	1	0	3	1	1	4
LOC141450370	9	7	7	4	6	22	14	9
LOC141450357	2214	2352	2438	2116	2786	2805	2707	2343
mRpL47	413	404	370	334	452	449	379	412
LOC141450352	1451	1156	1369	1403	1589	1147	1260	1196
LOC141450366	38	41	34	47	25	43	28	27
LOC141450361	45	45	42	42	91	46	53	64
LOC141450369	0	2	1	3	2	0	1	1
RpL37a	1639	1904	1738	1386	1642	2464	2069	1502
LOC141450374	404	435	428	468	929	1035	974	812
upSET	2230	1857	2793	2397	2959	1913	1985	2233
LOC141450376	4	6	6	2	2	1	2	12
LOC141450377	14	2	6	12	13	10	6	6
kermit	177	197	180	185	219	339	274	176
ari-2	337	328	446	406	651	475	406	458
LOC141450390	551	541	787	681	897	565	430	594
LOC141450392	51	37	57	86	81	49	27	37
LOC141450391	1709	1711	1435	1622	2597	1647	1412	1926
udt	478	349	463	408	600	484	468	506
Ing5	576	577	561	530	536	335	266	308
LOC141450381	63223	72674	72511	63701	101635	70277	62104	75063
LOC141450398	2	4	4	0	0	3	1	0
LOC141450393	65	39	29	41	52	55	31	36
LOC141450388	269	205	275	345	588	328	1539	1892
LOC141450389	1	0	2	1	0	0	0	1
LOC141450382	172	215	172	235	146	186	182	115
smid	1348	1227	1483	1482	2615	2058	1886	1988
l(2)10685	385	399	262	582	298	295	285	208
LOC141450394	4	4	9	4	4	12	7	2
GILT1	967	633	866	792	692	820	823	803
LOC141450396	4	2	6	5	1	6	16	10
LOC141450383	0	0	0	0	0	0	0	0
LOC141448899	0	0	0	0	0	0	0	0
LOC141448900	1	1	1	0	5	0	3	7
LOC141448901	0	0	0	0	0	0	0	0
LOC141450385	400	473	600	482	90	494	454	123
LOC141450395	2	3	2	2	2	6	2	3
LOC141448904	168850	178494	189365	195382	283957	185903	151960	201484
LOC141448905	4532	5199	4665	4163	4948	6720	5630	4414
LOC141448902	3	6	9	11	29	24	19	15
LOC141448907	901	1155	1100	1099	3706	2387	2248	2779
MED27	120	148	138	141	244	185	188	201
eIF3i	696	765	771	667	1278	1829	1688	1148
LOC141448909	401	455	487	441	270	366	153	184
LOC141448911	2	1	4	6	1	0	3	0
LOC141448910	0	0	0	0	0	0	0	0
Gmd	670	734	798	842	1469	1109	960	1065
SmD1	321	370	379	331	674	741	635	551
Sugb	2351	2593	3131	2675	2069	2141	2246	1893
Cndp2	1305	1478	1514	1523	1537	1931	1726	1188
dikar	338	232	420	376	425	297	443	418
LOC141448919	1	1	1	1	0	1	2	0
magu	1008	932	1021	1123	1457	859	933	1098
LOC141450175	0	10	1	9	2	2	4	4
LOC141450403	356	394	526	489	705	533	529	514
LOC141450421	1163	1036	1405	1358	2012	1670	1784	1662
LOC141450424	1764	2045	1854	1890	2525	2877	2255	2000
LOC141450428	102	94	82	65	137	115	67	115
Atg18a	1111	1122	1258	1250	1703	1282	1154	1218
Npl4	1113	860	1293	1247	1825	1413	1562	1377
LOC141450409	1057	956	1234	942	1113	927	806	796
LOC141450408	1329	1229	1489	1509	1959	1570	1238	1405
LOC141450405	105	103	129	152	154	121	107	98
LOC141450406	10	7	23	10	3	4	5	6
LOC141450399	176	165	173	202	298	272	231	257
LOC141450400	1273	1350	1626	1549	2280	2245	2244	1872
ckn	1168	1244	1522	1315	1988	1308	1281	1451
LOC141450426	11	4	15	6	12	4	8	9
LOC141450176	12	13	18	15	16	17	7	17
LOC141450420	0	1	0	0	0	0	0	0
Sirt7	770	687	983	808	1299	804	682	896
LOC141450418	640	575	692	631	939	1044	1062	810
LOC141450425	0	0	0	0	0	0	0	0
LOC141450417	0	0	0	0	0	0	0	0
dpa	172	122	159	162	404	486	337	279
dco	1811	1816	2137	1850	2622	2177	2117	1764
ATPsynF	1573	1718	1653	1540	2057	1893	1591	1593
l(1)10Bb	256	210	212	220	369	324	314	285
LOC141450419	619	544	604	557	891	1103	1057	770
LOC141450427	2	2	2	1	2	4	4	1
LOC141450413	202	211	253	234	348	264	248	273
LOC141448921	0	0	0	0	0	2	0	0
LOC141450178	0	0	1	0	0	1	0	2
LOC141448920	1	2	2	0	0	0	1	2
LOC141448922	582	309	457	695	831	633	822	687
LOC141450411	1	4	2	4	5	5	4	1
LOC141450414	3	0	0	1	1	1	0	0
LOC141450179	62	230	2	27	0	1	3	0
LOC141450410	0	1	0	0	1	4	0	0
LOC141450416	1	9	3	1	4	6	3	7
LOC141448924	0	0	0	0	0	0	0	0
LOC141448923	0	0	0	2	0	2	0	0
LOC141450430	2638	2249	3146	3076	3124	2054	2137	2474
PGAP1	1991	1820	2438	2412	3302	2159	1823	2461
Ire1	1497	1314	1663	1712	2045	1711	1601	1637
LOC141450433	1035	1008	1270	1239	1507	1252	1206	1171
LOC141450436	4	1	2	4	10	2	3	6
LOC141450435	2	3	3	3	3	2	2	6
LOC141450440	940	1027	1179	1063	1583	929	939	855
LOC141450437	36	5	10	7	4	2	10	7
LOC141450443	16	7	1	6	0	7	6	1
LOC141450439	121	102	86	90	74	60	46	19
Dhc16F	263	160	197	206	205	106	107	100
LOC141450441	405	466	488	551	869	680	537	665
Prps	802	885	1059	1053	1224	2643	2967	1327
Ubc4	992	854	1006	997	1671	1377	1361	1256
LOC141450431	334	319	511	368	487	310	455	463
LOC141448927	70	28	5	23	3	8	44	0
LOC141448926	148	24	4	3	2	0	64	1
LOC141448928	473	550	580	679	508	299	220	261
Best2	399	423	452	411	320	463	504	306
LOC141448936	0	0	2	0	0	0	0	0
LOC141448933	203	198	223	239	343	331	321	260
LOC141448935	1934	1988	2138	2219	3592	2355	2004	2491
LOC141448934	712	633	749	719	1102	911	807	855
gem	5098	4894	6227	5517	6956	5634	5593	4849
LOC141450180	48	52	72	73	159	137	168	149
g	1031	808	997	958	1542	1193	1442	1229
LOC141448937	39	37	50	35	65	70	42	41
Tapdelta	880	1019	930	944	1759	2465	2356	1490
Gen	307	351	301	341	594	660	647	455
LOC141448938	4591	3471	5380	5226	6678	4536	5623	5315
LOC141448942	5	5	5	12	10	3	3	10
DopEcR	3545	3015	4067	4483	6514	3693	3529	3770
LOC141448944	1	0	1	1	6	2	1	2
Nup160	829	781	858	835	1789	1668	1522	1340
Dpit47	444	517	498	449	748	1025	1023	614
LOC141448966	89	101	85	92	121	102	143	99
mtDNA-helicase	319	312	314	319	622	578	522	376
LOC141448962	557	538	587	631	859	707	683	643
LOC141448947	510	456	465	493	707	542	476	443
LOC141448961	1104	794	1169	1286	1793	898	1055	1401
LOC141448963	1475	1357	1682	1716	2598	2142	2247	1933
LOC141448955	556	525	676	620	864	701	784	604
LOC141448968	4	4	8	10	2	4	4	7
apolpp	50468	42975	61872	62660	67800	49543	49771	60098
LOC141448964	314	272	337	332	454	389	269	354
LOC141448956	34	26	45	40	69	86	40	52
TfIIFalpha	646	666	655	616	1010	833	887	721
LOC141448957	10	4	4	6	11	5	9	5
RhoGAP68F	921	1009	1181	1072	1737	1135	1166	1243
LOC141448967	37	34	38	32	31	26	21	17
ArfGAP1	4031	3857	4125	3675	3000	2451	2211	2015
Glut1	3992	3137	4246	4123	5891	3432	3853	4309
LOC141448954	47	50	40	36	53	71	30	20
LOC141450181	1	0	2	0	0	1	0	0
LOC141448969	169	154	331	276	334	436	448	311
gammaSnap1	2047	2140	2056	2137	3211	2195	1863	2028
LOC141448975	1	2	4	2	2	5	2	4
Smurf	1283	1248	1282	1453	1774	1407	1324	1252
mri	764	836	931	1099	1150	1148	1388	1005
Nxt1	362	387	449	354	348	365	277	269
LOC141448977	8	6	8	7	12	11	7	6
rno	1092	778	1186	1157	1160	741	777	952
nwk	2711	2103	3164	2943	4843	2548	2742	3543
LOC141450182	7	7	11	6	12	8	5	14
Mgat4a	487	417	602	673	951	544	731	667
LOC141448980	7	1	3	2	5	15	3	9
Cyp303a1	9	5	8	12	4	4	4	8
LOC141448984	400	311	382	343	463	335	274	356
LOC141448985	6992	7105	8976	9002	12228	11732	10919	9646
LOC141448986	2706	3369	3334	2982	3892	3848	3250	2409
ProRS-m	136	165	139	187	256	236	218	178
Coa7	166	187	146	152	217	179	168	156
LOC141448990	18	8	13	19	9	6	7	7
LOC141448989	80	79	50	79	96	102	56	48
Abcd1	1003	931	1119	1128	1841	1228	1067	1151
LOC141448996	528	514	571	478	820	810	687	597
LOC141448998	603	783	663	596	410	610	532	436
LOC141448997	1351	1564	1655	1467	1364	1406	1282	1001
LOC141448991	556	452	652	640	815	561	607	734
LOC141448993	8	3	6	15	4	8	0	3
LOC141448995	209	159	222	218	130	114	30	20
Polr2E	245	316	309	267	441	442	407	365
LOC141449001	22	20	42	32	23	20	19	25
LOC141449000	280	289	315	285	471	360	386	369
LOC141449004	483	449	535	450	760	622	477	511
LOC141449006	87	96	90	127	171	186	218	148
LOC141449003	3	12	13	2	3	2	8	1
LOC141449014	6	14	17	6	2	5	4	1
cu	757	818	825	802	1210	866	800	751
LOC141449018	0	3	1	0	0	0	0	0
LOC141449013	15	15	34	12	11	11	42	59
LOC141449016	40	22	26	47	88	38	51	52
LOC141449009	3756	3886	4330	4611	10647	6063	6440	7323
LOC141449012	258	216	255	301	538	317	286	556
LOC141449008	527	1666	1640	1616	65	5622	3591	265
LOC141449017	0	2	0	0	0	0	0	0
LOC141449007	33	54	29	37	5	5	5	5
LOC141449020	0	0	0	0	2	0	0	0
LOC141449019	0	0	1	0	0	0	0	0
LOC141449021	881	784	1130	1181	1370	638	1194	848
LOC141449022	3	1	0	0	4	1	1	1
LOC141449029	329	285	329	267	217	227	166	126
LOC141449040	1753	1624	1916	1783	1759	1394	1317	1243
LOC141449035	875	933	1334	1034	1075	236	484	1191
LOC141449042	9	7	13	16	19	28	19	23
l(2)gl	2370	2310	2874	2653	2658	3080	2708	2209
LOC141449033	2046	2777	3199	2042	2794	2531	2098	2198
okr	520	473	561	547	778	617	545	513
LOC141449043	3	0	1	0	3	5	2	0
LOC141449041	9	7	5	5	9	3	2	1
LOC141449044	109	104	110	61	77	27	27	46
LOC141449028	668	577	631	619	874	570	519	566
Rad23	1392	1398	1578	1352	2585	2699	2597	2294
LOC141449038	152	120	185	213	210	132	151	201
frj	419	392	476	504	693	516	468	460
LOC141449032	76	36	40	57	14	37	72	20
LOC141449037	3	3	3	7	2	3	4	1
LOC141449045	3	0	2	1	3	2	0	0
LOC141449024	30	23	23	20	55	11	22	40
LOC141449046	0	0	0	2	1	0	0	0
LOC141449052	121	123	151	184	142	177	157	238
Mrm2	194	182	163	180	252	257	202	199
Atg12	344	329	377	377	624	618	511	523
LOC141449048	68	35	37	47	100	37	39	47
LOC141449054	0	0	0	0	0	0	0	0
LOC141449057	4	4	7	5	11	8	7	4
LOC141449049	541	614	703	847	434	692	663	278
LOC141449059	0	0	0	0	0	0	0	0
LOC141449047	190	156	234	325	168	118	144	199
LOC141449058	1	5	9	7	4	2	3	1
shams	365	328	343	344	565	452	374	405
LOC141449051	124	233	163	106	14	218	136	19
RpL32	3522	4149	3625	3205	3602	4885	4184	3400
raptor	832	666	995	853	920	684	741	732
LOC141449066	244	193	204	181	273	259	194	222
Wdr81	1401	1181	1616	1568	1807	1257	1316	1304
LOC141449064	225	277	269	274	290	249	167	165
LOC141449063	63	66	66	81	68	79	63	68
sls	9160	6953	11324	19287	3849	4647	4785	4700
LOC141449068	2	0	1	1	0	0	1	0
LOC141449067	8	6	10	8	1	2	1	0
LOC141449070	35	102	92	22	5	36	39	13
LOC141449071	0	2	0	0	0	2	0	0
LOC141449069	60	60	25	24	16	48	120	20
LOC141449072	1	1	1	0	1	0	0	0
acj6	148	101	158	125	271	139	144	181
LOC141449076	0	0	0	0	0	0	0	0
LOC141449075	0	0	0	0	0	0	0	0
LOC141449079	294	265	372	380	422	287	368	396
LOC141449078	429	346	340	380	555	412	402	400
LOC141449082	31	21	17	22	29	22	15	20
LOC141449081	285	309	316	312	456	464	344	362
Atg13	2064	1912	2310	2169	3442	2331	2351	2415
LOC141449083	114	96	142	119	163	83	115	127
LOC141449077	1481	1322	1665	1625	2173	1582	1610	1725
Trhn	82	71	92	88	136	98	98	141
Arp6	225	184	214	219	332	329	283	308
LOC141449090	723	770	705	638	543	510	449	417
LOC141449089	65	69	74	62	185	117	105	145
Su(P)	264	285	252	282	520	505	431	414
Taf1	844	768	962	998	1375	1031	1076	1035
LOC141449093	9	8	21	8	12	4	2	6
LOC141449091	329	371	427	322	240	209	236	202
Reg-5	213	204	279	280	337	311	214	165
LOC141449095	0	3	0	1	1	4	1	0
LOC141449099	1597	1811	1993	1463	1100	1297	1079	1017
MnM	484	388	639	1004	106	347	133	238
Vps13D	2330	1860	2694	2356	2693	1936	2127	1908
LOC141449100	555	519	691	595	713	507	499	499
LOC141449102	51	57	80	48	54	51	27	26
LOC141449101	165	220	275	181	215	344	213	120
Sf3a2	584	526	597	543	908	748	643	632
mAcon1	4422	4379	4960	5134	6633	6038	5382	5065
LOC141449108	887	845	1151	1160	1671	1305	1521	1323
Sans	128	154	102	171	145	145	165	135
LOC141449118	25	23	33	30	51	33	21	37
LOC141449111	823	852	914	987	2189	1950	1842	1697
LOC141449119	11	18	16	20	18	11	15	12
Prp6	588	702	691	743	1581	1292	1298	1119
LOC141449120	53	73	57	45	122	135	91	72
LOC141449123	0	0	0	0	0	1	0	0
stg1	727	456	817	679	1253	602	596	912
LOC141448610	1	1	8	1	1	2	5	6
LOC141449105	5	2	0	1	2	4	3	4
LOC141449106	4	4	10	4	7	8	3	3
LOC141449107	4	4	8	0	1	3	1	0
LOC141450184	3	0	2	2	0	3	2	0
LOC141449114	1	0	0	0	0	0	0	0
LOC141449116	1268	1310	1564	1719	2518	2332	2789	2055
LOC141449121	0	0	3	0	1	2	4	0
LOC141449115	137	112	181	154	235	129	200	214
LOC141449124	0	2	0	0	0	2	0	0
LOC141449125	612	542	694	787	1282	847	970	969
zip	3680	4188	5243	4949	5352	6290	6920	4101
LOC141449135	967	844	1082	1048	1428	1189	1199	1045
Hrs	1183	1080	1320	1257	1805	1612	1586	1408
LOC141449138	36	34	43	26	46	31	27	28
maf-S	537	492	624	537	709	603	501	459
LOC141449129	4	11	1	5	3	19	6	4
LOC141449126	191	109	162	118	188	149	116	57
LOC141449141	11	5	8	6	9	8	8	4
Mt2	432	451	506	464	843	929	908	693
LOC141449140	15	27	22	22	47	28	27	32
LOC141449137	204	227	241	318	181	101	86	101
LOC141449133	72	89	111	67	26	31	17	25
LOC141449132	227	263	342	475	321	202	231	285
LOC141449156	1418	1487	1481	1673	2636	2439	1767	2130
LOC141449165	190	224	250	249	413	458	371	354
LOC141449160	26	10	12	7	29	14	22	13
Pkn	3643	3039	4673	3977	4073	2745	2988	2801
LOC141449155	90	73	106	98	75	84	89	45
RhoGAP15B	469	502	609	571	568	640	651	439
LOC141449161	0	0	0	0	1	0	0	0
LOC141449158	2	4	1	4	2	0	4	1
AdamTS-A	380	310	432	443	1082	645	722	657
LOC141449170	0	0	0	0	0	0	0	0
LOC141449151	0	0	0	0	2	3	0	0
LOC141449171	3	0	0	0	0	0	0	0
LOC141449164	0	0	0	0	0	0	0	0
LOC141449172	2	1	0	0	0	0	0	2
TRNAS-GCU	0	0	0	0	0	0	0	0
LOC141449142	0	0	0	0	0	1	0	0
LOC141449143	0	0	0	0	0	0	1	0
LOC141449145	0	0	0	0	0	0	0	0
Desi	0	2	0	0	0	0	0	1
LOC141449146	0	0	0	0	0	0	0	1
LOC141449174	0	0	0	0	0	1	2	0
LOC141449157	80	39	82	71	15	26	69	44
LOC141449154	985	942	1200	1196	1553	1341	1419	1266
LOC141449162	178	213	211	162	318	180	153	202
LOC141449169	84	62	93	79	89	45	51	61
LOC141449148	2	0	0	0	0	0	0	0
LOC141449147	0	0	1	0	0	0	2	0
LOC141449163	0	3	0	1	0	0	1	2
LOC141449149	1	0	2	1	1	1	1	2
LOC141449168	0	0	0	0	0	3	0	0
LOC141449173	8	7	16	9	10	10	1	8
LOC141449178	2	1	3	1	3	3	6	2
LOC141449176	359	303	334	212	113	52	83	75
LOC141449175	2	4	4	3	2	1	1	4
LOC141450573	0	0	0	0	0	0	0	0
LOC141449179	128	124	129	132	223	164	142	231
LOC141449180	0	0	0	0	0	1	0	0
LOC141449181	2	1	1	3	5	1	2	2
LOC141449185	0	0	1	1	0	1	0	0
SLO2	868	585	1068	903	1336	591	723	1062
LOC141448611	0	0	1	0	0	0	0	2
LOC141450571	0	0	0	0	0	0	1	0
LOC141449186	38	26	30	24	33	52	40	15
LOC141449183	2	3	1	4	4	1	5	0
LOC141449182	3	3	2	2	2	4	3	2
LOC141449187	0	2	0	0	1	2	0	0
LOC141449189	1	0	0	4	0	0	1	0
LOC141449200	4207	4154	5601	5098	6253	5323	12617	4619
LOC141449197	51	43	37	39	55	49	51	52
LOC141449193	837	662	846	836	1170	818	679	795
LOC141450597	5	3	4	2	2	4	7	5
Chrac-14	332	357	363	303	544	466	364	444
Abl	2434	2138	2873	2676	4113	2694	2685	2919
LOC141449188	0	0	4	3	3	3	1	3
LOC141449211	1	0	2	1	0	1	0	1
Bem46	288	311	359	366	578	509	479	427
Edem2	1730	1628	2007	1971	2650	3312	4086	2048
LOC141449206	543	567	619	569	923	726	615	688
LOC141449190	569	495	631	649	775	661	652	573
LOC141449201	106	58	79	75	227	121	101	125
LOC141449208	0	0	0	0	0	0	0	0
LOC141449210	0	0	0	0	2	0	0	1
Rab7	2112	2017	2448	2312	3433	2961	2845	2745
Tcs3	214	225	221	191	349	262	235	212
LOC141449199	317	233	315	298	381	396	338	301
LOC141449196	365	294	291	305	440	276	281	274
LOC141449209	3	1	1	1	1	0	0	0
LOC141449194	604	582	647	703	1510	1578	1648	1397
Uch-L5	784	761	889	805	1506	1703	1755	1330
LOC141449195	1016	903	1161	1138	1699	1296	1442	1239
LOC141449216	921	903	998	827	642	534	380	449
LOC141449231	0	0	1	0	0	0	0	0
LOC141449226	8	27	37	32	15	16	9	25
RYBP	541	583	664	580	988	771	727	705
LOC141449213	322	139	202	235	210	164	83	96
RpLP0	14246	18293	16140	13748	14029	17763	18093	17547
LOC141449219	3	5	4	1	4	9	7	0
LOC141449225	118	93	136	135	216	180	161	130
LOC141449218	9	21	19	24	15	17	14	13
eIF2alpha	294	343	369	347	664	968	798	582
LOC141449217	973	918	1001	1019	1664	1181	1053	1082
PIG-Q	460	483	494	410	573	539	430	401
LOC141449224	644	809	776	714	488	630	584	452
LOC141449215	240	194	274	247	369	198	162	254
ema	480	436	491	558	608	526	472	506
LOC141449229	26	27	41	49	64	33	28	53
LOC141450185	722	699	772	749	1273	892	991	856
LOC141449212	2887	2674	3317	3226	4429	3479	3466	3103
LOC141449227	2518	1918	2811	3004	4288	2344	2518	3132
LOC141449788	31	26	20	27	28	17	12	22
ENGase	795	903	989	858	1155	1421	1346	771
LOC141449235	20	19	23	24	25	20	21	23
LOC141449239	2	0	0	0	0	0	0	0
LOC141449233	347	378	408	417	614	424	399	428
Ucp4A	610	554	754	639	811	579	724	634
Amun	1542	1393	1744	1617	3035	2305	2117	2199
drk	809	811	914	988	1626	1714	1842	1303
LOC141449238	1	1	0	0	0	0	0	0
LOC141449244	3	1	1	8	8	1	15	2
LOC141449243	252	198	200	187	136	131	165	109
LOC141449240	916	791	1017	1041	1128	1115	1197	922
mbf1	1395	1516	1563	1305	2180	1781	1484	1663
Prosbeta6	803	839	888	741	1021	1161	894	769
Aplip1	626	638	716	784	1264	779	695	889
LOC141449242	84	42	71	68	124	56	62	59
LOC141449241	1051	749	1233	1063	1152	792	976	929
LOC141449247	3	0	0	0	2	2	0	0
LOC141449249	347	341	393	437	745	573	694	570
LOC141449252	0	0	0	0	0	0	0	0
LOC141449251	16	18	10	10	7	7	4	5
LOC141449250	0	0	0	0	0	0	0	0
LOC141449253	1	0	0	0	0	2	0	1
ple	1336	801	1213	1481	1071	1021	1080	1037
LOC141449257	0	0	0	0	0	0	0	0
LOC141449256	0	0	0	0	1	0	0	0
LOC141449255	0	0	0	0	0	0	0	1
LOC141449258	54	70	70	70	101	59	62	51
LOC141449260	1181	863	1430	1258	1797	944	1060	1409
LOC141449259	6	1	1	2	8	2	1	7
Rdl	5767	3758	6541	6056	8098	3985	4269	5955
LOC141449270	3	4	3	4	3	3	0	7
LOC141449262	10	19	8	13	21	5	11	10
LOC141449272	0	0	0	0	1	0	0	2
alpha-Man-Ib	744	647	811	835	1440	1610	1768	1286
LOC141449271	58	73	77	59	98	75	49	75
LOC141449267	19	29	20	13	11	36	11	14
LOC141449266	0	3	5	8	1	0	3	0
LOC141449268	2	2	7	2	0	0	0	2
LOC141449265	0	0	0	0	1	0	0	0
LOC141449276	1	0	0	0	0	0	3	0
LOC141449273	0	1	1	0	2	0	0	1
Ns4	499	508	542	555	888	544	672	704
LOC141449279	735	775	835	606	639	985	1048	551
LOC141450592	3	2	11	8	8	15	3	2
AspRS	1241	1471	1436	1112	1450	1765	1765	1105
Cht7	221	185	285	391	302	231	190	304
LOC141448612	2	0	0	0	0	0	0	0
LOC141448613	0	0	0	0	0	0	0	0
OR90	0	0	0	0	0	0	0	0
LOC141449280	0	0	0	0	0	0	0	1
LOC141449281	0	0	0	1	7	0	1	0
LOC141449285	586	549	603	545	802	1044	922	715
Klp68D	1197	1222	1392	1406	2154	1490	1248	1668
Ldh	212	312	213	337	66	548	226	75
Shrm	631	503	656	710	837	624	901	741
LOC141449288	3	0	0	2	0	1	0	1
LOC141449287	0	0	1	1	0	3	0	2
LOC141449289	922	872	1103	1003	1210	825	762	821
LOC141450447	537	679	682	592	1042	638	576	690
TRNAR-ACG	0	0	0	0	0	0	0	1
LOC141448614	0	0	0	0	0	0	0	0
scaf6	541	565	668	672	1258	985	1126	951
eIF3g1	666	844	733	666	994	1366	1294	924
LOC141450451	249	219	228	239	464	312	275	305
LOC141450463	104	116	142	108	306	337	330	274
Grip	108	86	129	106	181	125	118	124
LOC141450467	0	0	0	0	0	0	0	0
Xpac	393	400	413	416	732	546	420	554
Drep4	366	379	411	370	635	605	531	453
LOC141450454	318	279	374	316	481	412	429	422
LOC141450458	338	253	341	378	532	320	317	334
PIG-P	390	409	406	427	550	432	344	384
Srp14	94	83	81	86	152	189	224	129
LOC141450460	38	31	42	38	45	43	41	40
bora	51	46	51	60	60	44	53	43
LOC141450455	341	423	325	343	360	293	302	252
Dna2	45	22	42	41	112	80	73	70
LOC141450475	208	128	228	292	281	251	194	422
LOC141450477	596	633	651	597	920	670	631	575
LOC141450471	5333	5075	6097	6453	9988	6459	5848	7696
LOC141450482	115	118	126	172	227	147	116	137
LOC141450486	17	5	12	15	14	3	11	5
LOC141450481	63	68	72	57	126	71	64	84
LOC141450478	619	570	602	540	819	702	653	618
RanBP3	4439	4791	5542	4345	2166	1764	1392	1567
ND-B18	406	384	441	396	620	581	494	501
Nuak	1447	1452	1774	1619	1815	1512	1424	1316
LOC141450483	576	716	607	573	997	686	598	675
stx	2425	2083	2720	2673	3860	2525	2696	2781
und	1967	1975	2057	2001	3383	2912	2410	2533
LOC141450473	1110	1246	1181	1298	2521	2678	2439	2179
Abcd3	1322	1394	1715	1382	1621	2018	2099	1297
LOC141450470	1899	1778	1922	1452	1494	1181	959	1034
LOC141450497	401	490	450	412	606	643	529	458
LOC141450499	5	6	2	5	11	9	9	9
LOC141450495	54	35	76	71	133	84	95	109
Srp72	1081	924	1226	1051	1495	1713	1816	1368
bor	398	407	487	405	737	1095	1263	710
LOC141450498	1296	1196	1544	1473	1392	1578	1143	922
LOC141450492	784	822	805	732	590	444	420	418
Gp93	3846	4252	4448	5076	10222	11668	10677	8480
Rab3	1746	1463	1821	1691	2649	1442	1614	2114
LOC141450488	101	128	69	76	93	284	78	68
LOC141450494	30	66	59	44	67	21	20	28
LOC141450496	139	139	132	161	244	225	178	178
TRNAR-ACG_1	0	0	0	0	0	0	0	0
LOC141449290	0	1	5	2	8	1	2	2
LOC141450502	0	0	0	0	1	0	1	0
LOC141450507	14	16	16	20	6	18	19	7
LOC141450504	152	99	97	133	140	121	175	108
Calr	5526	6695	6219	7167	18210	25472	23377	14882
LOC141450505	499	474	462	398	538	415	382	435
Keap1	576	567	688	601	905	744	859	720
LOC141450506	33	49	40	46	62	44	61	53
LOC141449291	15073	17855	19333	17732	26601	18792	16936	17477
LOC141450508	1558	1516	2016	1763	2177	1768	1794	1728
LOC141450591	0	0	0	0	0	0	0	0
LOC141450511	3	5	28	12	16	7	6	34
LOC141450512	1	4	4	0	1	0	0	7
LOC141450510	22	21	26	21	17	11	6	7
LOC141450516	1	3	0	1	0	0	0	4
LOC141450513	1064	1373	1972	1716	272	230	339	571
Arl5	831	935	1015	969	1289	1269	1273	955
LOC141450519	8473	6810	9325	8430	12022	6901	6939	8241
b6	71	50	54	56	60	24	38	45
LOC141450529	49	14	43	37	55	11	20	32
Icmt	380	435	459	421	701	611	453	480
SNF4Agamma	2556	2472	3023	2681	3149	2599	2405	2327
Xxylt	753	683	826	690	949	672	606	673
LOC141450528	1218	1201	1374	1280	1819	1457	1289	1406
LOC141450531	478	499	451	499	890	709	562	633
Neurl4	2610	2231	2934	2905	4002	2654	2585	2909
Ns3	452	481	506	457	933	876	842	671
Ssu72	512	559	609	621	1142	965	903	794
LOC141449293	64	61	97	93	177	49	59	103
LOC141449292	2573	2960	2692	2582	2645	2817	2419	2131
LOC141449294	39	23	24	23	73	299	45	39
LOC141450186	41	21	21	34	82	29	40	73
LOC141449297	111	107	127	154	296	1559	1007	425
LOC141449295	0	0	0	0	0	0	0	0
LOC141449299	2	2	1	3	0	1	0	2
Pink1	3952	4004	4188	4484	5370	4271	3498	3884
LOC141449303	131	124	154	134	150	86	106	102
LOC141449302	50	29	42	65	43	27	28	39
LOC141449301	867	972	943	873	1397	1360	1193	1097
Ack-like	1123	1098	1445	1430	1948	1470	1454	1388
LOC141450187	0	0	0	0	0	0	0	0
LOC141449304	392	290	419	363	607	334	413	498
LOC141449305	4	0	1	1	9	10	4	2
LOC141450570	0	0	1	0	1	0	0	0
TrpRS	476	532	530	527	858	861	923	809
LOC141449308	1160	1013	1341	1332	1978	1274	1286	1703
LOC141449307	2	2	2	1	0	2	2	0
LOC141449310	1	0	0	0	0	0	0	0
LOC141449311	1	0	1	0	0	0	0	0
LOC141449309	78	249	306	156	34	100	268	47
LOC141449313	0	35	26	12	2	30	122	2
LOC141449312	612	841	707	509	244	294	678	101
sip1	501	449	524	462	733	552	584	580
LOC141449318	147	196	222	203	321	246	222	242
LOC141449316	679	733	724	627	562	462	473	460
Alg3	148	158	133	129	280	358	263	259
LOC141449319	1111	893	1255	1376	2013	1296	1342	1597
LOC141448615	2	0	0	0	0	0	2	1
LOC141449323	957	978	1160	1003	1480	1406	1424	985
Manf	442	520	459	505	1437	2059	1770	1226
LOC141449321	8	12	16	23	19	19	11	10
PPK-like10	0	0	0	0	0	0	0	0
Polr1C	175	191	200	208	379	517	470	362
LOC141449320	462	480	513	464	524	435	337	394
LOC141449324	350	422	396	405	566	536	512	415
LOC141449333	1	1	2	0	3	3	0	0
LOC141449329	9	14	6	10	9	8	16	6
LOC141449332	124	112	133	136	250	238	277	221
LOC141449331	753	749	716	691	689	556	537	568
LOC141449328	16	10	21	13	15	14	12	17
LOC141449327	1542	1589	2200	1609	2258	1467	1530	2299
LOC141449334	169	207	247	188	110	112	72	102
LOC141449337	238	274	272	260	451	332	274	292
LOC141449336	262	235	357	386	544	291	305	406
LOC141449335	0	1	1	0	4	0	0	0
LOC141449339	51	95	67	136	42	105	43	65
mwh	66	56	80	83	96	88	64	55
LOC141449340	0	0	0	0	0	0	0	0
LOC141449344	1	3	1	3	1	0	0	3
LOC141449342	0	0	0	0	1	0	0	0
LOC141449346	0	0	0	0	0	0	0	0
LOC141449341	0	0	5	4	2	0	1	0
LOC141449347	0	0	0	0	0	0	0	0
LOC141449343	2	3	5	1	0	0	1	1
LOC141449345	0	0	2	2	0	0	3	1
LOC141449349	10	6	19	8	10	3	6	1
LOC141449348	4	2	4	0	0	0	3	10
LOC141449350	0	0	0	0	0	0	0	0
LOC141449928	0	1	8	2	5	1	0	6
LOC141449351	2	0	1	0	3	1	0	4
sta	7134	8416	7915	6967	9457	14244	12179	8580
Adsl	2100	4171	4878	2602	1109	3226	3766	1659
Ssk	568	772	839	510	27	1316	1382	66
egl	1053	1034	1159	1150	1486	1241	1433	1064
mRpL22	265	321	336	316	798	783	647	568
LOC141449361	1144	1126	1268	1265	1706	1361	1312	1263
Hydr2	822	908	1041	829	900	995	1054	673
car	773	772	898	879	1300	962	861	868
Mob3	820	840	862	716	1035	753	792	732
LOC141449366	488	531	505	487	847	815	675	714
LOC141449358	1136	1001	1131	958	671	533	543	558
LOC141449364	327	209	279	286	297	246	277	249
LOC141449359	2284	2250	2832	3055	3297	2257	2121	1710
Pgm1	949	872	976	937	3955	3310	2680	2851
LOC141449365	10	9	19	16	3	2	8	6
LOC141449367	0	0	0	0	1	1	2	0
LOC141449368	10	2	3	12	1	6	1	5
LOC141450189	0	0	0	0	0	0	0	0
LOC141449369	0	0	2	2	1	0	2	4
LOC141448616	0	1	0	1	0	1	1	2
LOC141449383	0	0	1	1	1	0	0	7
LOC141449386	1	0	0	0	0	0	0	0
LOC141449381	0	0	0	0	0	0	0	1
LOC141449370	36	19	63	39	32	16	21	30
Rbsn-5	486	488	485	501	740	584	561	624
Atg7	868	893	872	854	1098	765	649	664
Taf8	508	548	612	511	455	317	289	322
Cnot4	915	946	1012	890	1103	962	919	876
LOC141449385	11	6	27	13	13	8	13	13
LOC141449382	101	92	124	170	57	90	52	69
LOC141449374	1474	1197	1466	1460	1841	1397	1369	1316
LOC141449378	98	99	80	84	111	115	125	99
LOC141449375	666	666	715	810	1287	1528	1406	1047
LOC141449377	8	6	4	11	24	12	4	2
LOC141449384	18	19	38	43	64	28	2	10
LOC141449391	76	73	93	95	129	122	110	108
LOC141449397	239	288	227	218	430	403	325	281
LKRSDH	562	926	867	692	317	1463	1528	276
mahj	558	623	764	667	1145	1181	1367	1096
asf1	215	251	238	252	399	454	374	304
ohgt	925	841	1003	993	1450	1201	954	1107
LOC141449394	572	549	594	504	877	826	633	611
LOC141449392	230	270	345	314	413	457	478	327
MagR	872	827	920	906	1498	1085	968	1140
MAN1	977	968	1118	1033	1769	1754	1648	1445
LOC141449409	5	1	2	2	1	0	1	3
LOC141449398	1622	1416	2022	1898	2645	1822	1739	1916
LOC141449406	23	19	12	16	21	9	9	24
LOC141449403	171	182	170	182	334	227	216	233
LOC141449404	0	3	4	2	5	3	2	3
LOC141449399	2453	1845	2611	2561	2721	1704	1896	1919
LOC141449407	6	8	4	16	6	1	7	8
LOC141449405	156	153	144	183	226	151	158	148
Cdc50	1080	1132	1005	1122	1559	1627	1499	1172
LOC141449408	9	7	11	14	23	6	10	7
Sara	2888	2625	3016	2931	3779	3232	3273	2911
LOC141449401	561	555	545	557	913	695	681	649
LOC141449410	305	246	405	494	499	341	419	448
LOC141449412	3	0	0	0	0	2	0	2
LOC141450587	0	0	0	0	0	0	0	0
LOC141448618	3	1	2	0	8	1	2	0
LOC141450190	0	0	0	0	0	1	0	0
LOC141448620	0	0	0	0	0	0	0	0
LOC141450194	0	0	1	0	0	2	0	0
LOC141449416	27	40	58	44	79	91	95	62
LOC141449430	0	0	0	0	1	3	2	2
mRpS35	352	351	440	368	509	551	468	376
LOC141449423	150	175	177	148	243	223	171	184
mRpL38	553	642	578	536	725	671	615	564
LOC141449424	1245	1366	1402	1263	1287	1528	1429	939
RecQ4	242	223	259	299	432	303	330	304
RpL28	1231	1332	1251	1025	1641	2294	2066	1501
LOC141449427	229	303	304	284	478	446	384	319
LOC141449417	46	54	44	73	56	52	38	76
LOC141449428	1	1	0	0	1	0	1	0
LOC141449419	2	3	2	3	4	0	1	10
LOC141449429	0	0	0	0	0	0	0	0
LOC141449431	0	0	4	0	2	1	4	1
LOC141449420	39	48	28	35	18	56	22	25
LOC141449432	57	60	63	39	59	51	25	25
Prm	6350	4908	8656	14824	1627	2642	1814	4130
LOC141449436	3	8	3	5	8	3	0	5
MCPH1	487	489	519	482	817	724	689	595
LOC141449437	2029	1889	2375	2191	3614	2454	2310	2745
LOC141449439	148	122	171	137	205	113	160	152
syd	1533	1387	1734	1768	2557	2020	1975	1929
LOC141449446	291	246	333	309	371	259	240	277
Ctu2	262	255	254	216	280	198	240	192
LOC141449440	630	638	672	645	1023	722	667	665
ZC3H3	404	433	462	406	514	364	364	328
wus	230	226	254	280	449	359	389	329
LOC141449445	1	0	2	0	7	2	3	1
LOC141449442	14	16	10	17	16	11	8	5
CHOp24	692	792	813	808	1410	1911	1871	1136
LOC141448621	0	0	0	0	0	0	0	0
LOC141448622	0	0	0	0	1	0	0	0
LOC141450195	0	0	0	0	0	0	0	0
LOC141448627	0	4	0	0	0	1	0	0
LOC141449450	0	2	2	0	0	0	0	0
LOC141449452	3	0	0	2	0	2	1	3
LOC141450196	4	1	0	1	0	2	1	0
mirr	367	744	652	674	273	780	698	232
LOC141449454	1	2	0	2	0	0	0	1
ara	158	149	181	208	280	202	201	274
LOC141448623	0	0	0	0	0	0	0	1
LOC141449455	1	1	7	5	0	0	2	0
LOC141450197	0	1	0	0	0	0	0	2
LOC141449460	75	54	91	81	87	75	117	78
LOC141449461	291	283	335	331	452	270	300	279
LOC141449464	0	1	0	0	0	0	0	0
Dhc1	46	47	67	45	60	35	27	37
Pxn	874	992	1190	1162	950	947	1059	675
LOC141449462	0	0	0	0	0	1	4	1
LOC141449466	905	947	1045	902	1516	1359	1126	1234
LOC141449469	395	388	419	433	526	379	307	431
LOC141449471	5	3	4	8	5	0	3	4
Not1	2071	1874	2622	2460	3030	2658	3032	2621
HBS1	6299	6618	7251	6184	3323	2943	2676	2984
Naa80	402	416	431	435	658	452	366	529
Dhc93AB	36	39	62	53	71	43	50	49
LOC141449476	1	1	0	0	2	0	0	1
Cp110	35	37	42	51	101	113	84	61
LOC141449477	3	1	3	3	7	9	1	7
mr	709	677	723	677	1029	851	857	650
LOC141449475	8	4	0	0	0	0	1	0
LOC141449474	669	755	793	676	876	741	950	654
LOC141449480	947	910	1015	987	1474	1014	904	1055
LOC141449479	642	701	705	618	588	708	661	499
Tudor-SN	4452	4414	5026	4801	6348	10934	12512	6218
LOC141449483	2054	1957	2157	2080	3368	2799	2807	2175
whd	2423	2429	2856	2825	2812	1774	1366	1872
LOC141450199	0	1	0	1	1	2	0	0
LOC141450200	1	0	0	0	0	0	0	0
LOC141449484	1	0	1	0	2	5	5	2
LOC141449485	31	50	59	46	123	53	16	34
LOC141449491	2	0	4	2	1	1	1	9
LOC141450202	1	0	2	0	2	0	1	2
Sh	1619	1077	2144	1990	2602	1205	1500	2268
LOC141449493	5	1	4	0	2	9	10	3
LOC141449495	0	0	1	0	4	4	0	2
LOC141449490	259	268	270	262	367	322	305	305
cyc	110	140	137	114	142	99	112	96
LOC141449494	0	0	0	1	2	1	4	2
LOC141449509	611	663	638	567	772	633	467	554
eIF1	12416	13727	14775	11922	7402	6777	5395	5756
PIG-A	273	259	302	273	425	350	342	266
LOC141449505	151	175	165	128	7	256	227	27
LOC141449510	5	5	4	1	0	1	11	1
LOC141449513	0	2	4	1	0	0	3	0
ClC-c	2727	2585	2990	3027	4512	3380	3003	3177
Larp4B	4021	3665	4715	4364	6059	5830	6158	4796
Nulp1	1445	1460	1721	1663	2423	1985	2137	1901
Bet5	472	509	560	527	958	878	716	792
Swt1	463	442	506	528	882	708	718	646
LOC141449506	156	145	163	152	207	103	135	156
LOC141449503	15	27	23	21	38	14	24	37
LOC141449514	1385	1169	1510	1562	1852	1300	1378	1247
LOC141449515	60	9	9	0	8	11	49	12
LOC141449522	37	28	34	24	69	48	18	43
SCaMC	1363	1328	1552	1678	2742	2006	1867	2041
roq	1458	1282	1744	1638	2360	1745	1737	1804
LOC141449526	4	5	2	1	1	4	1	3
mei-38	45	46	48	45	44	51	37	22
LOC141449525	768	896	901	793	1050	934	841	782
LOC141449524	264	282	260	226	232	216	200	178
fidipidine	563	630	618	552	452	437	374	411
LOC141449527	1	1	0	0	0	0	0	0
LOC141449519	60	28	44	48	67	24	30	35
ida	307	317	313	327	580	497	470	401
ValRS	825	843	1014	1030	1983	1924	2155	1792
LOC141449531	4	5	2	0	5	2	3	5
Pgls	294	328	361	240	299	234	229	194
LOC141449528	333	302	400	410	614	508	503	466
Dph2	172	161	171	191	226	265	271	205
Es2	215	316	244	210	401	417	388	324
Vps26	1259	1300	1402	1336	2190	1987	2122	1853
GABA-B-R2	924	735	980	916	1655	1092	869	1254
LOC141450546	0	0	1	0	0	1	0	0
LOC141449534	3	0	3	0	1	3	0	0
LOC141449535	1	2	15	2	5	2	5	8
LOC141450598	0	0	0	0	0	0	0	0
LOC141450542	14	25	31	4	3	44	9	4
LOC141450545	0	0	0	0	0	0	0	0
LOC141450533	5856	6153	6484	5173	6615	5133	3872	5054
LOC141449536	5	1	19	1	13	1	2	17
LOC141449538	2	1	5	2	7	4	2	9
LOC141449537	0	2	1	2	6	0	2	4
mei-9	1005	1031	1041	947	996	988	898	756
LOC141450203	0	0	0	0	0	0	0	0
LOC141450538	1476	1397	1857	1691	1803	1382	1308	1393
LOC141450594	1	0	1	1	0	2	0	0
LOC141450543	1501	1449	1878	1775	2652	1943	1886	2038
Rab21	624	722	746	675	906	1000	847	644
LOC141450541	204	234	227	197	324	320	322	213
LanB2	502	527	588	609	1005	1127	952	859
LOC141449539	0	0	0	3	0	1	0	0
LOC141450555	0	1	2	0	2	0	0	0
Vinc	1888	1710	2245	2248	2827	2226	2766	2009
LOC141450548	327	346	420	370	574	408	454	427
LOC141450551	14	8	12	8	16	9	12	16
LOC141450552	557	560	705	702	958	775	723	647
l(1)G0020	378	465	530	477	790	844	891	721
Uch	1640	1753	1579	1680	3198	3148	2704	2565
LOC141449540	0	1	2	0	0	0	0	2
LOC141449541	0	0	0	0	0	0	0	0
LOC141450556	140	178	212	123	47	284	323	88
LOC141449542	0	0	0	0	0	1	0	0
LOC141449543	1	0	0	0	0	0	0	0
asrij	391	422	370	389	704	718	611	508
Blos4	167	186	149	152	302	288	261	247
LOC141449544	92	84	89	91	118	82	103	107
ND-MNLL	782	880	814	832	964	907	763	828
LOC141449549	166	138	108	120	208	183	156	184
LOC141449548	127	117	111	87	170	189	170	157
LOC141449546	0	0	1	0	0	1	0	0
LOC141450563	0	0	0	0	0	0	0	0
LOC141449552	5	5	3	5	8	1	4	2
LOC141449553	353	320	391	342	386	235	197	242
LOC141450204	0	0	0	0	0	0	0	0
LOC141449554	0	0	0	0	0	0	0	0
LOC141449555	145	1	3	0	19	0	291	0
LOC141449560	116	84	126	141	194	119	151	198
LOC141449566	2	1	6	1	2	1	0	2
LOC141449565	0	0	3	1	1	0	0	1
LOC141449559	1	1	4	0	1	0	0	1
LOC141449562	0	0	0	0	2	1	0	3
LOC141449567	2	0	4	0	0	4	1	3
LOC141449561	14	18	13	12	19	19	6	7
LOC141449564	2	1	5	1	1	1	0	0
LOC141449563	0	1	1	0	1	0	0	0
LOC141449556	1	4	5	15	6	5	8	11
LOC141449557	1	0	0	2	0	1	7	4
LOC141449558	6	14	12	15	90	54	87	72
LOC141449569	1	2	10	5	55	18	69	39
LOC141449568	1	2	3	1	12	1	29	6
LOC141449570	1	1	2	0	7	10	18	8
LOC141449572	9	5	5	4	27	17	38	21
LOC141449571	3	5	8	3	12	11	5	10
LOC141449574	1495	1129	1659	1667	2682	1583	1732	2111
LOC141449575	823	421	925	827	645	441	676	515
LOC141449576	0	0	0	0	0	0	0	0
LOC141449577	8	7	13	28	19	16	5	4
LOC141448624	0	0	0	0	0	0	0	0
LOC141448625	0	0	0	0	0	0	0	0
LOC141449579	515	607	645	629	1263	1323	1300	1032
LOC141449578	382	365	478	511	691	501	639	510
LOC141449580	103	72	78	71	48	39	38	41
LOC141449587	22	13	10	20	18	17	17	14
LOC141449582	977	947	1051	942	1035	755	769	785
LOC141449581	1	3	12	5	8	2	2	13
tty	4323	3511	5075	4429	5755	3914	3672	3948
LOC141449590	8	8	9	11	5	9	2	3
LOC141449583	3	2	6	2	1	2	0	0
LOC141449589	8	3	5	3	2	9	1	1
LOC141449588	106	60	82	111	134	52	81	97
LOC141449586	759	556	857	688	634	377	508	548
LOC141449585	0	0	0	1	0	0	0	0
LOC141449592	0	0	1	1	0	0	0	0
LOC141449591	2	0	0	0	0	0	0	0
LOC141449594	1	2	0	5	0	3	1	0
LOC141449593	1783	2061	1912	1836	1995	1443	1334	1801
LOC141449597	519	652	540	725	566	832	604	376
LOC141449598	0	0	1	0	3	0	1	0
zda	766	755	832	883	1490	1302	1402	1218
LOC141449605	23	12	7	7	5	7	15	9
LOC141449606	6	8	5	6	7	10	6	3
LOC141449603	1	0	1	1	2	0	0	0
LOC141449601	136	102	128	109	160	128	120	100
LOC141449600	17	6	18	6	7	4	5	10
LOC141449602	11	7	29	10	16	16	13	10
LOC141449599	90	72	104	101	196	164	192	145
LOC141449607	2	0	0	2	0	0	0	1
LOC141449608	0	0	0	0	0	0	0	0
LOC141449614	826	726	817	864	1547	925	869	1101
LOC141449609	0	0	1	0	0	0	1	0
Rac1	846	1021	1111	1177	1806	1592	1243	1248
LOC141449617	165	146	122	161	237	286	222	198
LOC141449619	3	5	4	4	0	10	2	0
LOC141449616	713	1003	914	599	3	1318	689	25
Egfr	523	414	563	493	448	574	537	407
LOC141449624	0	0	0	0	2	0	0	1
LOC141449932	1	0	0	1	0	0	0	2
LOC141449623	0	1	1	0	0	0	0	0
LOC141449972	0	0	1	0	0	0	0	0
LOC141449612	4	6	7	16	3	1	2	3
LOC141449620	0	0	1	0	1	0	0	0
LOC141449621	0	0	0	0	0	0	0	0
LOC141449610	680	761	768	812	1470	1712	1356	1178
LOC141449615	212	191	253	256	243	232	176	181
LOC141449613	2	10	1	3	10	2	2	4
LOC141449625	589	531	673	618	1202	756	640	832
LOC141449626	0	0	0	0	1	0	0	1
LOC141449629	641	606	836	818	996	910	1043	884
LOC141449631	597	606	635	634	759	680	705	592
LOC141449642	1281	1275	1352	1428	1923	1479	1230	1272
DIP2	3259	2754	4191	3952	6058	4091	4261	4837
LOC141449627	3	5	15	0	12	5	2	8
LOC141450584	0	0	0	0	0	0	0	0
Samtor	778	825	855	878	1325	1069	996	946
Gnpnat	193	180	170	143	381	331	412	340
LOC141449634	12	12	11	8	0	3	5	1
eIF3d1	1638	1810	1821	1727	3022	3618	3417	2465
mRpS7	283	339	308	345	636	522	508	435
LOC141449637	43	39	53	53	77	116	63	70
LOC141449632	704	652	727	743	1148	836	675	876
LOC141449635	820	766	1068	954	1330	1117	1133	979
LOC141449643	1	0	0	0	0	0	0	0
LOC141449638	51	45	53	39	79	31	44	63
LOC141449644	58	33	77	81	73	39	57	74
LOC141449647	538	510	625	691	743	727	855	572
ECSIT	220	237	251	247	487	485	432	333
Nubp2	747	761	761	683	1010	1076	986	795
Ttc26	13	14	13	16	12	18	18	14
LOC141449651	0	0	0	0	0	0	1	0
LOC141449646	192	249	240	210	229	380	310	179
LOC141449645	1	0	0	0	1	0	0	0
LOC141449652	5	2	4	0	4	4	2	0
LOC141449654	196	165	167	140	204	156	147	133
LOC141449657	3	1	1	2	4	6	2	5
LOC141449656	1000	889	977	927	1211	1316	994	910
LOC141449655	13	1	4	4	2	2	1	2
LOC141449653	562	530	629	624	934	681	576	606
Hsdl2	555	743	594	671	761	999	805	514
TrpA1	664	378	595	588	972	380	517	647
LOC141449664	3	4	0	10	3	3	2	2
LOC141449658	3	5	9	9	3	19	13	3
LOC141449665	4	1	3	2	0	1	1	0
LOC141449666	0	0	1	0	0	0	0	0
Sc2	609	696	628	628	1190	1475	1040	854
snf	322	383	383	426	881	776	647	770
LOC141449667	321	376	418	290	272	526	434	116
LOC141449669	8	5	6	8	10	4	10	9
LOC141449670	0	0	0	0	0	0	0	0
LOC141449673	1051	1211	1174	883	767	740	749	571
LOC141449675	873	1017	1063	1004	1471	1553	1380	1131
LOC141449672	343	322	420	437	579	384	415	441
LOC141449671	623	644	778	834	1538	819	1048	940
LOC141449676	10	16	9	18	6	14	10	3
LOC141450259	0	2	0	1	0	0	0	0
LOC141449678	279	473	515	831	181	605	1708	162
LOC141449683	3923	3475	5400	4724	2932	2528	3145	2224
elgi	222	208	303	315	375	259	322	293
Use1	122	135	161	140	194	178	126	175
LanA	301	538	476	479	477	1519	1160	679
LOC141449684	83	95	79	67	139	136	105	97
LOC141449679	282	284	351	333	510	484	633	471
LOC141449680	299	355	328	312	587	540	517	357
LOC141448626	0	0	0	0	0	2	0	0
hig	2036	1798	2641	2597	3085	1734	1635	2029
LOC141449689	0	4	2	0	0	1	0	3
LOC141449685	146	370	383	249	45	258	124	56
LOC141449687	90	152	205	134	34	128	93	45
LOC141449690	0	0	0	0	0	0	0	0
LOC141449691	0	0	0	0	0	0	0	0
LOC141449692	1	3	0	2	3	0	0	0
Hn	40	83	114	39	66	24	21	65
LOC141449696	3	0	1	6	4	5	7	7
LOC141449695	634	682	612	719	1058	1185	903	778
ImpL2	1037	1403	1154	1031	955	665	499	878
LOC141449697	244	331	272	441	358	404	165	150
LOC141449698	58	50	56	44	105	100	17	23
LOC141449700	3381	3293	3891	3683	4381	2629	2987	2964
Nbr	750	697	799	788	1181	894	878	846
parvin	626	919	708	771	797	1079	868	583
LOC141449701	278	261	279	226	92	381	267	73
LOC141449703	49	113	141	58	16	65	50	38
fln	38	48	56	85	33	44	53	70
Nca	2658	2279	3010	2823	4109	2342	2099	2735
LOC141449705	2018	1590	2162	2062	3334	1874	1944	2820
LOC141449707	1	0	0	3	2	0	0	0
fw	58	52	87	100	121	58	92	139
Ilk	542	561	648	690	887	699	665	593
veli	1611	1578	1762	1751	3243	2413	2289	2514
LOC141449714	456	489	454	395	354	388	371	264
asp	91	42	74	64	106	48	54	58
MED23	773	786	850	706	894	720	754	706
LOC141449716	1624	1597	1991	1566	1932	1103	1298	1906
Syx7	1018	966	1060	1151	1707	1266	1272	1215
LOC141449713	181	232	245	360	74	88	102	93
LOC141449717	51	25	45	61	110	97	59	59
LOC141449718	3395	4987	5105	3485	2570	5246	4763	2436
sro	53	94	95	47	42	81	39	22
Spg7	1123	1202	1299	1197	1906	1433	1549	1334
LOC141449721	476	501	467	425	594	545	429	502
LOC141449722	2	111	6	2	120	5	1	5
LOC141449723	2929	3002	3539	3116	4559	4563	3631	3567
LOC141449725	438	483	439	491	822	826	692	639
sesB	89846	102976	100408	96980	66280	58031	51230	52475
Ae2	6413	6043	8124	7804	8573	5815	6056	6119
LOC141449731	1	1	2	5	4	4	2	1
LOC141450562	0	0	0	4	0	1	0	1
LOC141449732	0	0	0	0	0	0	0	0
LOC141449728	3409	3309	3880	3341	3287	2880	2709	2656
LOC141449730	583	561	715	672	1167	794	606	822
LOC141449736	4	1	2	2	0	0	0	0
LOC141450351	0	0	2	0	2	0	1	0
RpL13	3388	4231	3420	3210	2965	5018	4413	2941
Phyhd1	436	353	319	256	253	248	163	197
LOC141449734	81	86	102	96	169	153	128	79
LOC141448628	1	0	0	0	0	0	0	0
TRNAC-GCA	0	0	0	0	0	0	0	0
TRNAC-GCA_1	0	0	0	0	0	0	0	0
LOC141448629	0	0	0	0	0	0	0	0
LOC141449738	2492	1974	3047	2684	4707	2187	2529	3518
LOC141450585	0	0	0	0	0	0	0	0
LOC141449739	1374	1154	1852	1726	2154	1049	1294	1643
LOC141449743	2	1	2	1	1	0	2	4
LOC141449742	4	0	7	2	5	1	0	1
LOC141449745	0	0	0	0	0	0	0	0
LOC141449744	77	333	357	325	167	290	256	168
LOC141449751	0	2	5	2	4	7	1	0
Ddr	596	506	771	765	1168	859	925	926
LOC141449749	0	0	0	0	0	0	0	0
LOC141449746	0	0	1	0	1	0	1	3
LOC141449750	34	0	1	42	3	5	40	8
LOC141449752	32	27	39	19	66	30	33	42
LOC141449753	0	0	0	2	0	0	0	0
LOC141449755	0	0	0	0	1	0	0	2
LOC141449756	0	1	2	0	1	0	0	0
LOC141449757	547	407	625	617	891	462	577	742
LOC141448630	0	0	2	0	1	0	0	2
LOC141449758	95	82	87	106	200	137	135	149
LOC141449759	0	0	0	0	0	0	0	0
LOC141449763	62	51	46	56	108	59	43	76
LOC141449765	0	0	1	1	0	0	3	1
LOC141449764	121	127	159	136	189	242	155	165
OXA1L	1862	1885	2050	1601	1643	1615	1287	1187
LOC141449779	171	194	253	271	307	180	167	170
LOC141449766	5993	5203	8212	8623	6795	3535	3863	4233
LOC141449778	16	6	9	6	14	8	5	5
LOC141449780	1	1	0	2	1	0	0	1
LOC141449770	1062	1310	1325	1159	1516	1103	1292	1115
LOC141449781	8	6	17	3	2	0	3	2
LOC141449772	92	88	106	129	370	221	231	207
LOC141449777	0	0	0	0	0	0	0	0
LOC141449767	580	436	571	547	664	441	474	496
LOC141449768	1791	1444	1987	1799	3079	1555	1507	2211
LOC141448632	0	1	0	0	2	1	0	0
LOC141449761	0	0	0	0	0	0	0	0
LOC141449762	0	0	0	0	0	0	0	1
LOC141449771	1783	1782	2210	1797	1781	1680	1527	1489
nop5	803	886	876	844	1364	1774	1938	1277
Ubc7	509	527	507	475	561	388	361	342
LOC141449783	678	631	814	751	869	648	670	662
LOC141449782	320	292	376	322	392	327	332	275
LOC141449786	1	5	7	5	5	2	5	1
LOC141449802	692	504	762	752	914	525	515	765
LOC141449810	167	122	139	151	193	157	101	121
LOC141449804	855	974	1063	872	1098	1186	968	860
wcy	1012	966	1147	1076	1711	1456	1499	1279
fmt	1035	1069	1278	1172	1614	1577	1615	1311
LOC141449803	50	52	65	51	55	36	30	27
LOC141449798	46	36	62	39	98	61	50	60
LOC141449812	49	57	49	44	74	56	33	45
RN-tre	1447	1175	1579	1627	2148	1633	1631	1708
kud	302	294	274	256	464	538	501	397
TSG101	841	922	954	922	1584	1539	1353	1103
Vps4	1558	1620	1701	1615	2448	2199	2094	1874
Vap33	2754	2812	3018	2866	4551	4099	3673	3676
APP-BP1	515	591	507	545	1115	990	889	882
LOC141449808	14	10	7	9	21	4	9	11
mRRF1	212	239	263	266	398	351	323	313
DEF8	623	625	704	596	722	647	549	564
LOC141449790	701	613	833	785	999	779	889	710
LOC141449811	3	1	3	0	0	0	0	3
twz	148	138	193	200	336	139	204	264
LOC141449789	0	0	0	0	1	0	0	0
LOC141449791	1527	1447	1918	1678	1417	1304	1170	1039
LOC141449813	2325	1782	2868	2425	3812	1910	1959	2882
LOC141449814	1	1	1	2	2	0	0	2
LOC141449818	447	493	620	582	760	537	508	618
LOC141449819	0	0	0	0	0	0	0	0
beg	183	216	245	182	459	568	560	391
LOC141448516	2	0	0	0	0	0	0	1
LOC141449828	392	291	400	444	419	344	335	226
LOC141448507	131	138	133	109	176	254	185	140
path	1104	1489	1630	1480	922	4552	5464	1128
Polr2L	297	272	327	293	442	391	404	305
ssp6	624	467	670	600	882	543	602	628
LOC141449817	1	3	0	0	0	1	0	0
LOC141448513	1	0	2	0	1	4	2	6
LOC141448505	99	70	87	88	117	86	95	119
MEP-1	2570	2188	2750	2754	4130	2953	3127	2920
CalpC	412	469	569	515	934	623	620	635
bmm	508	590	646	613	673	717	1018	459
LOC141448515	33	32	51	35	59	24	28	42
LOC141448514	5	1	1	1	3	0	1	10
LOC141449827	333	326	370	410	618	472	456	452
LOC141448506	256	263	257	245	239	143	189	164
LOC141448509	9	6	12	6	10	5	10	4
LOC141449834	187	333	238	247	116	507	597	111
LOC141449831	1	7	0	3	0	3	0	0
LOC141448512	0	0	0	0	0	0	0	0
LOC141449830	3	4	3	2	4	0	1	1
LOC141449822	16	13	11	19	11	12	15	10
LOC141448508	6	5	9	13	3	3	4	4
LOC141449839	671	615	824	726	1134	1036	1148	943
fry	2804	2150	3170	3143	4096	2403	2505	3288
LOC141449844	21	15	19	17	17	16	6	15
CNMaR	335	161	201	202	268	162	245	221
LOC141449835	1	0	0	1	0	0	0	0
LOC141449843	0	0	0	3	0	0	0	0
LOC141449838	3191	2700	3525	4352	4674	3030	2527	3124
LOC141449840	866	596	1106	975	1602	687	791	1322
LOC141449845	0	0	2	1	2	2	0	2
Ets65A	524	489	652	539	990	601	516	731
LOC141449847	4	5	3	3	2	2	2	2
LOC141449849	2029	1619	2081	2089	3230	1603	1679	2271
LOC141449848	71	88	100	84	183	298	206	152
LOC141449860	1640	1503	1936	1960	3141	1751	1839	2339
LOC141449866	0	1	2	1	4	4	0	2
LOC141449863	35	24	25	24	37	27	23	20
LOC141449855	20	13	3	10	2	3	5	1
LOC141449857	0	3	0	0	0	0	2	0
LOC141449852	328	361	411	466	293	294	261	215
LOC141449864	0	0	0	0	0	0	0	0
LOC141449853	6	2	4	5	4	3	5	1
Det	87	81	92	101	161	163	120	140
LOC141449854	1	2	2	1	1	1	1	2
LOC141449865	0	0	1	0	3	0	1	0
LOC141449859	276	335	322	323	420	383	329	304
LOC141449858	5	9	13	9	13	15	10	7
LOC141450445	77	58	57	47	10	27	100	7
LOC141449867	1019	942	1221	1137	1577	1087	1141	1176
LOC141449868	373	358	386	348	575	529	424	406
LOC141449869	252	400	361	346	271	650	701	232
LOC141449870	1	0	1	2	1	0	0	0
TRNAR-CCU_1	0	0	0	0	0	0	0	0
Awh	41	13	31	22	67	26	32	39
LOC141449875	0	0	2	0	0	1	0	0
SMC5	119	122	135	127	196	162	151	149
LOC141449874	377	613	651	617	769	586	519	558
LOC141449876	178	177	192	177	309	307	286	266
Oseg1	355	295	387	367	416	394	376	343
FIG4	459	483	538	569	779	500	457	560
wnd	1032	901	1110	1012	1224	1249	1271	881
LOC141449901	86	59	68	37	6	4	11	7
LOC141449906	0	1	0	0	0	1	0	0
LOC141449889	1335	1285	1618	1553	2392	1556	1549	1672
Spt5	1163	1148	1414	1289	1927	1703	1621	1331
Flo1	1233	1120	1459	1340	2016	1486	1470	1450
LOC141449884	3240	2963	3669	4033	7013	5094	4302	5844
Mical	3135	2559	3742	3732	4866	3191	3496	3712
NijC	27	27	25	36	40	45	20	40
TH1	1466	1466	1728	1253	1010	996	889	767
Ada3	650	629	635	619	1052	863	799	741
Surf1	383	371	343	383	568	465	467	363
LOC141449888	50	15	34	54	12	913	651	70
LOC141449904	0	0	1	0	0	8	7	1
LOC141449902	1	0	0	0	0	5	3	0
LOC141449905	0	0	1	1	0	0	0	0
mRpS21	79	79	69	59	113	104	94	106
LOC141449890	210	186	260	222	411	336	306	339
LOC141449903	5	11	4	2	3	1	1	4
LOC141449899	1300	1589	1217	1127	1560	1465	1316	1207
Mvd	383	348	352	328	427	436	452	350
LOC141449894	336	283	363	286	413	400	331	228
Cog6	830	819	935	864	1235	1250	1027	900
bin	1	1	5	0	3	0	2	1
LOC141449907	372	277	297	284	578	166	270	525
LOC141449910	162	167	195	185	344	314	226	240
LOC141449909	248	296	334	285	496	467	356	411
LOC141449912	1416	1284	1589	1450	2033	1437	1223	1291
LOC141449917	0	0	1	1	1	2	0	2
babo	2867	2339	3495	3437	5244	4469	6031	4786
LOC141449916	21	15	18	11	23	7	15	19
sgl	390	368	476	470	720	489	497	536
LOC141449915	3308	3305	3511	3471	6515	5131	4149	5125
LOC141449924	501	578	552	570	996	708	646	696
LOC141449920	688	687	799	705	1074	853	666	806
LOC141449921	586	518	599	550	845	588	552	568
LOC141449923	317	423	388	399	552	675	504	443
LOC141449922	26	35	41	45	48	36	59	33
LOC141449918	475	405	606	489	845	729	817	711
metro	1213	1091	1517	1370	1998	1294	1489	1554
mRpL9	170	210	202	200	408	477	404	323
SdhD	807	894	834	838	1412	1151	867	1039
LOC141449927	3	3	5	2	2	7	2	9
LOC141449929	1	0	0	0	0	0	0	0
LOC141449930	2	1	0	1	0	0	7	0
LOC141448634	0	2	0	0	0	1	0	0
LOC141449931	41	16	65	59	66	46	42	84
LOC141450446	0	6	8	1	7	4	0	0
LOC141449934	152	104	216	215	287	148	208	285
LOC141450586	0	0	0	0	0	0	0	0
sqh	1367	1387	1473	1376	1716	2100	1684	1388
LOC141449940	316	267	411	455	609	567	735	478
Jarid2	2591	2268	3312	3079	3849	2640	2916	2907
awd	1861	2129	2123	1970	3160	4270	3820	2764
LOC141449937	7340	10067	9546	10738	20688	18931	22855	20222
LOC141449945	58	78	56	54	146	237	104	120
LOC141449941	6	0	6	4	16	10	6	11
LOC141449942	15	16	13	19	30	21	19	16
LOC141449938	403	333	508	467	753	486	519	622
LOC141449946	0	0	0	0	0	0	0	0
LOC141449933	0	0	0	1	1	0	0	0
LOC141449953	939	941	989	1085	1259	921	521	787
LOC141449957	2	3	4	4	5	3	5	5
sxc	5496	4657	6066	5821	7379	4819	4766	5153
LOC141449958	1	1	4	2	2	1	1	4
LOC141449954	467	565	548	559	985	732	680	759
LOC141449956	267	361	273	256	451	434	298	389
LOC141449950	405	404	430	401	645	591	305	488
LOC141449948	300	343	387	376	427	499	361	304
LOC141449949	15	21	12	16	20	23	10	6
LOC141449952	1	0	0	1	0	0	0	0
LOC141449960	185	208	221	261	203	164	163	194
LOC141449962	589	636	638	577	736	611	569	555
LOC141449965	127	1	50	127	0	3	13	26
Csp	2615	2442	3300	3133	4877	3367	3470	3807
LOC141449959	47	73	58	60	88	69	55	46
Pur-alpha	359	296	428	500	797	615	767	735
LOC141449966	1	0	0	0	1	1	0	0
LOC141449969	189	184	260	214	230	181	142	177
LOC141449968	231	202	295	221	364	268	261	283
LOC141449970	2	4	4	4	2	6	4	2
LOC141449978	0	0	0	0	0	0	0	0
LOC141449976	69	36	69	48	68	35	42	94
LOC141449971	0	0	0	0	0	0	1	1
LOC141449973	1	1	4	1	1	0	0	4
LOC141449975	2	0	0	0	0	0	1	0
LOC141449979	1424	1221	1639	1525	2236	1301	1296	1766
LOC141449984	146	182	166	145	234	255	223	196
Hel89B	954	876	1083	1089	1582	1189	1265	1111
LOC141449987	3	1	6	3	6	3	0	3
LOC141449983	224	175	247	258	455	254	338	275
LOC141449982	955	909	1175	1137	1830	1636	1663	1453
UbcE2M	1000	1062	1141	1073	1932	1817	1596	1544
LOC141449990	515	410	631	574	784	457	439	378
Fkbp14	1304	1531	1500	1081	1014	2626	2923	913
LOC141448519	1	3	1	0	0	2	3	4
LOC141448518	0	0	1	0	0	0	0	0
MESK2	9431	8091	10884	10157	14037	9349	9436	10249
Deaf1	867	890	1066	959	1331	1073	856	904
AdipoR	1896	1729	2388	2050	2604	2060	2156	2202
LOC141448531	620	617	677	585	868	566	551	317
LOC141448534	8	12	6	8	6	6	0	6
LOC141448529	9	11	7	3	13	13	4	8
LOC141448520	2276	2111	2808	2846	3245	2425	2675	2636
LOC141448530	9	6	10	4	3	3	6	9
LOC141448533	0	0	2	1	6	4	2	3
UQCR-C1	3837	4053	4527	4058	4993	4525	4247	3829
LOC141448528	10	24	13	20	36	27	7	20
Mcad	1048	1107	1107	1010	1208	991	788	821
LOC141448535	117	105	133	171	266	150	215	180
LOC141448536	0	1	2	2	1	3	2	4
LOC141448537	39	53	100	67	76	60	42	18
Pdp1	317	295	385	430	397	495	731	268
LOC141448543	1	2	11	1	3	0	0	0
LOC141448541	32	31	179	67	117	62	16	43
LOC141448542	125	123	145	149	200	143	108	125
LOC141448538	113	135	117	119	162	80	78	65
LOC141450561	4	5	6	4	5	8	2	10
LOC141450559	0	0	0	0	0	0	0	1
LOC141449993	364	421	500	457	570	733	782	375
LOC141449995	0	0	2	0	1	0	0	1
LOC141449997	60	48	102	74	136	85	47	31
NUCB1	7908	7230	8991	8326	8787	8753	8594	6639
LOC141449996	569	460	523	541	753	375	535	528
ftz-f1	717	714	823	749	891	596	646	677
LOC141450002	0	0	1	0	0	0	0	0
LOC141450003	5	5	4	3	3	2	5	0
LOC141449999	108	123	130	112	170	143	179	138
LOC141450001	8	7	6	3	11	4	6	7
Parp1	771	696	812	804	1480	1117	1162	1173
Dhps	275	320	333	303	396	434	344	322
LOC141450016	840	714	1040	1110	1290	812	1144	1009
ATPsyngamma	2586	2751	2749	2707	3449	3499	3023	2815
LOC141450013	779	625	918	907	1133	688	823	928
LOC141450022	1	0	0	2	0	0	0	0
LOC141450015	18	18	17	22	3	28	8	6
LOC141450019	4	0	1	1	0	0	0	0
LOC141450005	855	1004	1149	1198	1497	1042	1177	1267
LOC141450008	516	438	523	588	807	444	473	561
LOC141450023	0	0	0	0	3	0	0	0
LOC141450012	388	264	316	299	501	317	280	399
LOC141450021	33	22	18	26	45	29	28	23
LOC141450007	579	449	615	565	847	521	532	529
LOC141450018	13	7	15	5	25	25	18	5
LOC141450017	25	14	24	16	17	14	14	13
Ccn	1301	997	1625	1358	2210	1151	1196	1836
LOC141450020	30	29	27	27	28	15	4	38
LOC141448490	0	0	0	0	2	0	0	4
LOC141450032	289	314	278	336	420	358	204	320
LOC141450026	2910	2348	3415	3587	4455	2941	3284	3400
LOC141450031	1	0	2	0	0	0	2	1
Tsc1	586	474	761	700	943	686	803	794
Prp4k	3960	3329	4183	4226	4474	2871	3024	2842
Prosalpha3	577	655	609	550	869	1038	970	689
Afg3l2	2590	2520	2994	2828	3983	3453	3191	3099
LOC141450029	0	0	0	0	1	0	0	0
LOC141450037	1	3	5	5	7	7	4	5
LOC141450035	851	716	977	858	1303	823	700	1051
scrt	2625	1470	3784	3459	3477	1372	1917	2985
LOC141448491	0	0	2	0	0	0	0	0
LOC141450582	0	0	0	0	0	0	0	0
LOC141448492	2309	3137	2952	3001	3583	2546	2537	2662
LOC141450036	25	29	31	13	36	42	32	12
LOC141448494	0	1	0	0	0	2	1	0
LOC141448495	0	0	1	0	0	0	0	1
LOC141450039	11	6	17	18	21	23	11	13
LOC141450038	42	2	0	7	5	0	38	1
LOC141450040	194	137	177	179	145	93	110	115
tex	164	167	180	211	422	397	446	368
LOC141450045	3803	3465	4150	4310	5679	3839	3716	3998
LOC141450560	0	1	2	0	0	0	0	0
LOC141450050	10	18	13	11	0	6	4	1
Hus1-like	290	252	316	279	343	295	236	300
LOC141450049	204	261	222	217	298	281	210	234
LOC141450043	43	76	47	38	48	47	25	32
LOC141448496	1674	2173	2568	1837	3011	2788	2458	2201
LOC141450044	5	9	14	6	8	16	3	10
LOC141450042	7	3	2	5	2	5	2	4
LOC141448497	0	0	0	5	0	0	3	0
LOC141450052	2	0	8	2	5	0	2	4
LOC141450051	296	252	370	305	406	354	311	300
LOC141450053	4	0	0	0	0	0	1	0
LOC141450056	60	19	59	13	10	15	49	4
LOC141450054	0	0	0	0	1	0	1	0
LOC141450062	0	1	1	1	0	0	0	0
LOC141450057	532	508	695	758	867	770	938	799
LOC141450063	161	275	184	178	213	206	180	216
LOC141450055	699	725	886	908	1259	947	931	1045
LOC141450059	3590	2693	4071	3942	5430	2594	3048	4090
LOC141450558	0	0	0	0	0	0	0	0
LOC141450058	19	22	24	27	23	17	19	16
LOC141450060	543	637	623	602	685	440	352	475
LOC141450061	158	175	176	232	190	148	121	172
LOC141450064	299	192	318	234	422	168	150	228
DENR	379	439	383	344	887	903	764	662
LOC141450066	105	54	109	81	171	63	72	120
LOC141450067	21	13	21	6	30	11	6	23
LOC141448581	294	268	342	354	678	267	316	401
LOC141448570	535	483	527	506	793	707	580	581
LOC141448572	867	801	868	976	1280	738	756	795
galla-2	147	219	186	184	289	293	253	238
LOC141448557	505	520	634	611	863	625	604	675
mle	2194	1988	2375	2222	4065	3407	3600	2982
LOC141448552	593	544	727	625	753	581	527	487
LOC141448586	73	6	66	12	16	11	9	6
LOC141448584	107	95	112	76	122	69	76	82
Rad17	72	75	97	116	180	148	209	210
LOC141448560	733	825	798	886	1742	1303	1280	1364
Atg101	394	462	465	464	674	614	493	529
LOC141448582	359	349	410	294	453	319	224	331
Unr	9004	7989	10035	9408	11897	8717	8413	8968
trc	2073	2036	2461	2386	3534	2291	2428	2769
Taf11	278	334	373	314	605	456	426	481
LOC141450070	7	14	18	8	40	222	113	77
LOC141450068	4	4	5	0	8	13	7	1
LOC141448567	0	5	3	5	4	4	2	12
LOC141448568	0	1	2	2	1	0	1	8
LOC141448583	0	0	0	2	0	0	0	0
sca	767	561	887	753	1306	686	747	1069
LOC141448574	2315	2321	2708	2701	3836	2750	2267	2659
Gorab	181	174	183	193	307	322	368	237
wcd	633	723	774	813	1046	966	1085	842
LOC141448553	831	652	958	916	1034	778	782	776
LOC141448578	399	409	432	413	564	451	414	445
csul	335	431	491	417	541	757	860	551
ppl	197	252	261	247	408	460	499	387
LOC141448585	3	4	10	15	13	8	10	4
AcCoAS	1609	1474	1841	1898	2849	2622	3219	2151
LOC141448550	339	313	374	193	276	263	173	230
LOC141448580	0	0	1	1	0	0	0	1
LOC141448498	1481	1357	1672	1579	1704	1414	1473	1270
LOC141448499	568	694	656	732	933	718	680	675
LOC141448569	264	311	290	227	352	297	302	275
LOC141448500	432	488	483	527	764	648	564	539
LOC141448555	22	17	8	10	22	23	14	28
LOC141448556	8	4	4	6	13	2	2	6
Spt-I	643	737	677	654	1042	901	858	810
LOC141448564	361	328	360	320	459	379	354	333
LOC141450072	0	0	0	0	0	0	0	0
LOC141450071	0	0	0	0	0	0	1	0
LOC141450073	1	0	0	0	2	0	0	1
LOC141450080	0	1	0	0	0	0	0	0
LOC141450079	1	1	4	1	0	6	6	3
LOC141450075	579	464	579	535	860	733	789	620
LOC141450077	549	562	711	634	836	878	929	567
Eip78C	64	46	86	76	87	26	44	63
TRNAM-CAU_1	0	0	0	0	0	0	1	0
NELF-B	210	197	250	193	300	239	266	266
Orc3	148	96	132	162	261	283	170	146
LOC141450081	25	30	29	31	25	25	13	31
LOC141450082	2405	2036	2795	2628	3335	2761	2630	2398
LOC141450091	1	0	1	0	1	0	0	0
LOC141450088	979	974	1279	1227	1540	1203	1451	1190
LOC141450089	563	565	768	829	472	401	536	358
LOC141450090	581	538	709	624	967	710	715	607
LOC141448502	523	481	652	588	784	640	722	519
LOC141448503	907	874	1060	964	1588	1060	1000	1132
TRNAS-GCU_1	0	0	0	0	0	0	0	0
LOC141450087	256	253	280	321	484	402	339	315
LOC141450099	966	1171	1323	1077	1133	2146	2025	1038
LOC141450105	0	2	1	3	0	0	0	1
LOC141450103	3384	2707	3801	4087	6073	3103	3621	4665
LOC141450092	0	0	1	0	1	1	0	0
LOC141450093	0	1	0	0	0	0	0	1
LOC141450094	1	2	2	1	4	0	0	0
LOC141450004	0	0	0	0	0	1	0	0
LOC141450098	209	194	251	202	262	191	154	195
Gs2	9155	9032	9349	10521	20232	13994	12120	14782
LOC141450106	36	26	24	74	57	35	43	28
Nthl1	1101	1081	958	931	859	723	605	680
PAN2	1378	1205	1469	1376	1916	1256	1091	1241
LOC141450104	94	93	59	72	107	64	53	72
LOC141450097	1	0	2	0	0	0	1	0
klu	109	150	166	143	167	146	93	154
bma	3954	2649	4409	3792	5453	2608	2862	3993
LOC141450113	0	0	1	0	0	3	0	1
LOC141450114	4	0	0	0	0	0	0	0
LOC141450112	2	4	2	1	1	1	0	0
LOC141450116	26147	35913	32819	26100	0	43687	30840	1626
LOC141450115	22286	28811	37916	21521	0	40995	20960	1526
LOC141450117	64285	75744	91286	63461	0	31649	14870	556
LOC141450118	127	212	196	173	4	170	147	6
LOC141450125	295917	393494	374398	301099	12	451115	314764	18789
LOC141450124	3773	5789	5780	4885	6	219	227	13
Dscam2	7073	5507	8427	6937	11133	5049	5148	6549
LOC141450123	1	2	2	2	3	0	1	2
LOC141450119	435	297	578	559	759	430	539	655
Cdk9	482	521	576	581	715	622	574	528
fax	6935	6222	9150	8643	14625	9052	9216	11962
LOC141450126	0	0	1	0	5	2	0	5
LOC141450129	299	285	354	356	525	372	375	370
PAN3	1810	1489	1839	1696	1390	888	1014	1021
LOC141450131	109	130	109	141	195	131	106	128
PIG-C	48	64	49	77	91	104	60	71
Nup205	885	921	1183	1064	2275	2313	2330	1862
LOC141450135	801	881	1028	952	1366	1136	883	977
LOC141448504	21	9	29	16	20	3	16	26
casp	298	309	315	276	348	350	364	329
LOC141450133	720	740	772	794	1340	890	851	956
LOC141450137	12	0	3	2	9	0	5	4
LOC141450136	98	52	59	82	117	64	78	83
Fhos	1933	1734	2326	2259	3298	2069	2180	2302
LOC141450138	1	1	10	0	2	3	5	7
LOC141450145	722	616	762	721	1189	806	834	808
LOC141450149	1	3	3	1	4	1	0	3
LOC141450146	205	219	274	247	466	492	463	345
LOC141450144	1242	1423	1404	1301	2010	1837	1738	1516
msk	480	465	636	672	1042	1162	1711	1068
GatB	315	320	297	291	337	299	285	282
LOC141450150	0	0	3	0	3	0	0	0
LOC141450148	7	14	5	6	10	7	9	2
LOC141450140	122	251	249	197	37	283	351	38
LOC141450142	428	356	526	506	731	424	389	577
Tmc	150	134	183	188	222	191	173	163
hiw	3445	2616	3997	3735	5305	2861	3002	4061
LOC141450155	312	345	398	346	277	443	665	299
LOC141450154	152	154	176	215	364	251	231	262
LOC141450156	669	582	848	638	1209	813	659	593
LOC141450153	2378	1940	2826	2617	2494	1591	1502	1966
LOC141450157	43	53	71	47	89	64	69	75
LOC141450158	643	566	737	726	870	525	548	566
LOC141450159	164	176	180	207	330	242	172	207
TRNAG-GCC	0	0	0	0	0	0	0	0
LOC141450160	1323	1199	1758	1350	1851	916	1052	1738
LOC141450161	169	169	176	185	274	294	242	200
LOC141450162	182	205	206	227	368	257	246	282
TRNAM-CAU_2	0	0	0	0	0	0	0	0
LOC141450163	61	43	85	67	90	59	53	66
LOC141450164	914	953	1023	776	887	743	541	629
LOC141448635	1	2	1	0	0	2	0	1
TRNAM-CAU_3	0	0	0	0	0	0	0	0
LOC141448591	23	27	23	10	12	13	18	13
LOC141448594	273	211	277	274	362	243	226	272
TRNAE-UUC_1	0	0	0	0	0	0	0	0
TRNAG-GCC_1	0	0	0	0	0	0	0	0
TRNAG-GCC_2	0	0	0	0	0	0	0	0
LOC141448599	17	14	19	21	14	12	6	7
LOC141448595	292	245	298	217	203	148	140	138
LOC141448590	2111	1998	2442	2370	2802	2042	1860	1926
LOC141448592	141	128	162	147	380	305	258	338
LOC141448596	143	142	142	154	319	351	330	266
LOC141448597	1	0	0	0	0	0	2	1
LOC141448598	102	90	103	97	172	189	167	132
trio	1820	1383	2573	2424	2626	1620	1986	2275
LOC141450165	2	1	2	0	1	3	0	6
LOC141450593	0	4	1	1	6	2	1	3
LOC141448604	2149	1925	2688	2907	4015	2254	2409	2883
LOC141448609	19	12	19	17	16	6	6	8
LOC141448602	162	166	158	209	394	219	256	331
LOC141448607	1486	1610	1845	1748	2900	2260	1798	2020
Evi5	3625	3079	4128	4014	5874	3569	3907	4349
ND-30	648	709	750	655	1052	1054	796	718
Pfdn6	431	396	460	455	886	921	807	738
LOC141448605	5	3	4	3	6	1	4	11
LOC141448606	1	1	1	1	7	0	2	0
LOC141450166	147	42	116	93	171	80	69	110
LOC141450167	337	174	327	207	343	269	204	264
Sumo	2309	2551	2642	2181	3255	3074	2452	2460
LOC141450169	818	779	822	840	1664	998	1115	1340
LOC141450172	2	3	2	1	0	2	1	2
LOC141450170	266	299	365	290	293	355	395	240
LOC141450168	2	1	0	0	3	0	12	8
LOC141451511	58	32	55	67	51	50	20	25
LOC141450629	558	577	516	513	419	544	423	292
LOC141450628	125	82	88	105	176	142	113	132
Sirt6	1005	904	1066	1042	1422	1183	987	1019
LOC141450633	75	73	88	89	139	86	69	108
Prx2	1631	1453	1606	1583	2677	2152	1758	2339
SMC2	946	817	1028	967	1668	1311	1358	1258
LOC141450638	791	865	1023	930	1428	1170	1192	1016
LOC141450647	1944	1852	2067	2000	3261	2102	1866	2193
LOC141450635	1461	1796	1902	2042	1474	3330	2980	1103
LOC141450641	11	15	14	22	13	28	14	9
LOC141450644	44	50	37	41	46	28	23	36
LOC141450643	25	17	27	15	31	23	27	13
Arpc4	477	521	516	546	957	1097	819	801
Vps50	797	696	820	736	945	859	857	702
bug	1652	1651	1684	1805	2515	1944	1688	1779
LOC141450639	71	54	58	88	36	64	29	33
Cad86C	287	305	328	361	440	313	268	307
eIF2Bgamma	1124	1146	1147	880	1005	1234	1211	798
LOC141450655	8	5	8	12	11	7	9	18
LOC141450650	0	1	2	3	1	3	1	0
LOC141450652	4	11	5	4	0	6	1	0
LOC141450654	1032	903	1187	1348	1738	998	1212	1395
LOC141450657	0	2	1	1	1	1	0	1
LOC141450658	3	4	0	0	6	14	2	0
LOC141450665	24	47	46	64	53	72	50	43
Asator	1799	1296	2224	2172	2830	1901	2191	2502
LOC141450666	797	809	954	878	1541	1109	1231	1061
LOC141450667	0	1	0	0	2	2	2	1
LOC141450663	2	2	0	0	4	3	1	0
LOC141450664	279	521	492	380	59	610	716	61
LOC141450662	176	178	203	200	320	271	272	263
LOC141450668	328	293	359	336	558	479	458	446
SerRS-m	352	322	371	315	484	354	348	310
Polr3A	470	473	532	507	731	679	698	567
LOC141450677	1956	2621	2285	1694	5	2850	2628	95
Polr1E	283	325	365	312	449	499	377	322
LOC141450674	3	1	1	6	4	4	5	2
LOC141450672	2	3	8	3	3	1	3	3
LOC141450671	974	751	1221	917	1263	821	910	985
LOC141450678	182	183	202	174	297	351	274	242
Mlf	3821	3328	4018	4117	6299	4835	4734	4807
LOC141450676	319	312	367	358	555	327	316	346
Pex12	182	222	204	189	291	200	219	193
LOC141450679	650	666	877	966	1062	683	745	755
LOC141450681	382	297	470	476	625	410	424	569
LOC141450682	595	515	745	669	760	596	717	729
LOC141451505	0	3	1	2	9	4	0	2
LOC141450683	0	0	0	0	0	0	0	0
Fas3	786	630	951	988	1231	877	1037	952
LOC141450684	0	0	3	1	6	5	0	3
inaE	663	490	855	797	1167	756	795	933
LOC141450687	949	917	1127	973	1463	1231	996	994
LOC141450689	2	7	6	8	18	17	12	17
LOC141450690	0	1	0	1	2	0	2	2
LOC141450688	21	14	18	46	17	28	28	18
LOC141451513	1	0	0	0	0	0	0	0
LOC141450691	38	36	21	38	21	163	227	10
OR53	0	0	0	0	0	0	0	0
LOC141450693	43	17	17	46	41	35	21	26
LOC141450692	1	1	0	2	2	2	3	3
LOC141451514	0	0	0	0	0	0	0	0
LOC141450694	18	2	8	30	45	0	55	339
LOC141450695	0	3	0	0	0	0	0	0
LOC141450701	5	8	9	5	12	5	8	2
Chsy	873	734	1033	1093	1005	939	948	899
LOC141450699	34	10	19	21	42	28	32	38
Hrb27C	3291	2932	3511	3343	6632	5659	5965	5294
LOC141450700	0	0	2	4	3	5	6	1
LOC141450702	52	72	35	43	44	207	70	39
LOC141450703	1	2	0	0	2	0	0	0
LOC141450705	2	1	6	4	1	2	3	0
LOC141450711	316	291	433	350	597	318	358	442
LOC141450707	532	596	658	689	632	441	495	512
LOC141450715	157	130	173	161	125	187	170	117
LOC141450709	142	280	230	186	13	128	110	14
LOC141450710	421	626	557	622	195	4485	3622	210
LOC141450712	60	53	68	106	79	67	60	89
LOC141450713	12	8	6	12	7	8	7	10
LOC141450708	146	141	139	247	148	150	104	118
LOC141450706	173	277	225	273	295	205	178	142
LOC141451515	0	0	0	0	0	0	0	0
LOC141450729	173	209	207	175	355	212	195	212
LOC141450723	9	2	12	2	11	9	7	11
PolrMT	762	623	905	829	1059	1103	1021	838
LOC141450727	215	304	258	220	331	400	373	270
bol	383	424	509	436	639	348	508	541
LOC141450733	5	1	6	5	6	10	3	3
Mlh1	109	134	141	116	190	141	141	111
Ate1	219	220	233	200	327	295	262	270
Hacl	605	577	691	621	936	1046	979	795
LOC141450731	51	40	57	47	87	93	52	65
LOC141450735	4	10	13	10	10	6	1	5
LOC141450732	204	257	211	220	321	234	180	211
Mtp	488	615	683	596	1793	1381	1223	1230
LOC141450719	379	381	371	416	675	474	628	487
yrt	882	909	1043	938	1179	912	792	753
Ipk2	662	843	756	618	594	533	487	434
LOC141450716	2011	1675	2248	2095	3300	2062	2054	2458
LOC141450728	910	451	746	822	1153	740	830	906
LOC141450737	31	25	24	31	60	14	18	22
LOC141450736	120	19	72	58	93	50	47	94
LOC141450738	2	0	0	0	1	0	0	0
LOC141450740	137	119	191	124	282	155	121	172
LOC141450741	105	84	117	138	188	109	136	180
LOC141451571	0	1	0	0	0	0	0	0
LOC141450742	208	175	217	159	377	221	191	256
LOC141450744	113	92	132	143	111	68	65	81
LOC141450747	645	578	657	635	549	354	344	374
LOC141450746	405	417	377	428	449	281	279	288
LOC141450743	74	67	104	58	100	51	48	81
LOC141450749	3	0	0	3	1	2	2	3
Rfk	275	380	313	341	504	1196	937	452
LOC141451516	685	621	732	749	1156	799	709	814
LOC141450750	1706	1667	2079	2005	3011	2525	2511	2265
HSPBAP1	252	253	290	265	354	285	226	229
LOC141450755	6673	7574	7012	6858	10786	11335	9497	8411
LOC141450752	1051	1116	1407	1187	1325	1576	1441	964
LOC141450757	0	0	1	0	0	2	0	2
Cdc5	1631	1630	1798	1489	1386	1215	1253	1144
LOC141450756	142	93	107	103	178	129	130	119
LOC141450762	101	134	121	158	165	111	74	74
LOC141450759	14	35	24	43	45	24	16	49
LOC141450760	139	232	166	134	214	162	174	108
LOC141450761	0	1	0	0	1	1	1	0
LOC141450758	1223	870	1492	1402	2215	1193	1342	1679
LOC141450763	1	1	0	0	0	0	0	3
LOC141451563	1	0	0	0	1	0	0	1
LOC141450764	17	19	10	27	40	19	18	45
LOC141450765	4	1	5	3	7	0	1	4
LOC141450767	3	0	0	0	0	0	0	0
LOC141450768	0	1	0	1	1	0	2	0
LOC141450769	4	12	11	8	4	3	5	5
OR12	0	0	0	0	0	0	0	0
LOC141450770	13	3	15	13	8	5	2	5
LOC141450777	31	25	39	45	55	24	16	34
LOC141450775	1504	1350	1579	1748	2522	1648	1573	1840
LOC141450771	2	1	2	3	1	0	1	0
Ncc69	716	568	515	697	662	807	1679	674
LOC141450776	175	217	159	223	197	160	180	186
LOC141450774	0	0	0	0	0	0	0	0
RIOK2	361	398	465	356	574	674	601	509
Pif1	77	68	83	64	132	129	104	107
spz4	541	479	508	488	669	560	475	444
LOC141450780	2073	1891	2293	2011	3143	2449	1988	1973
LOC141450781	10	15	43	21	23	42	41	29
LOC141450786	0	3	3	2	1	5	1	1
LOC141450785	0	0	0	0	0	0	0	0
LOC141450784	0	0	0	1	0	0	0	0
LOC141450782	50	58	48	43	87	66	65	77
LOC141450783	127	122	141	127	143	102	78	96
Hmgcr	378	380	428	453	696	554	566	547
LOC141450788	1227	1223	1664	1779	1335	1020	1093	984
LOC141450789	0	0	0	0	1	0	0	0
LOC141450790	313	338	327	272	492	731	646	462
LOC141450794	153	176	177	158	209	163	144	151
LOC141450793	257	239	265	220	386	227	176	175
LOC141450791	59	107	112	86	159	100	102	103
LOC141450796	72	16	20	10	5	17	71	3
LOC141450797	10	1	0	2	1	0	1	0
LOC141450795	935	862	1138	1068	1863	1181	1004	1384
LOC141450799	223	207	237	236	405	251	228	275
LOC141451517	17	7	19	8	26	15	12	18
LOC141450800	616	660	1138	651	5	3700	6540	14
LOC141450801	1	1	1	1	0	57	699	0
LOC141450802	4	4	10	8	1	12	28	3
LOC141450803	1758	2412	2137	2250	220	10375	10861	540
LOC141450798	87	228	140	127	1	477	751	37
LOC141450804	332	238	403	421	494	279	345	385
RpS17	1893	2253	1926	1712	2225	3287	2905	2067
LOC141450805	1637	1640	1973	1991	2741	2547	2868	2249
LOC141450807	0	0	0	2	2	0	4	2
fd102C	29	10	19	24	43	19	18	32
LOC141450809	1	1	0	1	0	0	0	0
fuss	19	19	22	26	44	36	23	37
LOC141450813	1341	1350	1591	1535	2088	1419	1245	1578
RpS15	3233	3897	3576	3050	3266	3818	3430	3126
capu	1291	981	1285	1117	1736	1081	1024	1233
LOC141450815	18	46	32	34	44	32	23	19
LOC141450812	894	685	1093	1074	1530	889	947	1132
LOC141451565	0	5	2	1	1	0	1	3
LOC141450816	0	0	1	0	0	1	1	0
LOC141450817	5	3	2	9	14	4	6	12
LOC141450820	2	1	2	1	2	0	0	1
LOC141450819	3	7	6	2	10	7	1	7
LOC141450818	24	27	27	17	56	35	19	27
LOC141450821	1	2	1	2	2	1	2	0
LOC141451566	2	0	0	0	1	2	1	0
Reph	1024	859	1102	1052	1883	1356	1090	1542
LOC141450822	923	771	1134	981	1384	935	961	1051
LOC141450824	23	22	39	30	27	34	29	28
LOC141450825	21	13	11	20	10	7	5	5
L2HGDH	144	139	137	123	245	233	222	166
Trim9	268	225	396	367	585	324	421	442
LOC141450829	1	0	3	0	1	1	1	2
LOC141450828	51	31	66	50	73	40	31	61
ATP8B	812	854	1072	1178	1599	1263	1542	1200
epsilonCOP	561	576	589	597	1232	1403	1195	888
Cbp80	739	656	776	770	1287	1156	1237	1056
LOC141450832	34	20	30	22	33	13	17	11
LOC141450833	3	3	5	4	11	9	10	7
LOC141450835	548	611	566	642	1249	2070	1776	1140
LOC141450837	1409	1352	1481	1564	1944	1826	1657	1440
LOC141450838	685	559	790	823	1035	674	682	586
LOC141450840	0	0	0	0	0	0	0	0
LOC141450839	0	0	0	0	0	0	0	0
LOC141450841	0	0	1	0	1	10	0	1
LOC141450845	5	0	4	18	11	3	1	6
LOC141450842	0	0	0	0	1	0	0	0
LOC141450846	3	2	5	3	22	3	4	1
LOC141450843	0	0	0	0	0	0	0	0
LOC141450847	1	1	8	1	0	1	0	0
LOC141450850	1226	1068	1532	1552	2339	1318	1374	1705
LOC141450848	1	0	1	0	3	0	1	0
LOC141450852	5	15	3	3	3	2	6	2
LOC141450851	54	65	89	52	57	71	59	41
LOC141450849	1	0	3	0	2	0	0	1
LOC141450857	3	0	3	2	6	2	0	4
LOC141450855	0	0	0	0	0	0	0	0
LOC141450854	0	2	0	2	0	0	0	0
LOC141450856	816	535	656	776	1548	963	621	622
LOC141450864	336	285	310	376	528	333	318	328
LOC141450865	14	12	11	17	26	14	13	16
frtz	387	372	376	397	611	411	446	447
mRpL48	206	233	224	206	414	402	338	313
Arp8	813	869	984	851	1203	1084	1038	900
LOC141450860	275	296	291	288	368	310	254	294
Hacd2	731	705	720	703	1344	1092	1000	1013
CrzR	404	324	471	463	708	402	527	566
LOC141450868	0	0	1	0	0	2	0	0
LOC141451518	1	2	3	2	0	3	0	1
LOC141450879	211	212	254	216	501	562	476	337
LOC141450880	661	576	770	616	1093	646	577	808
LOC141450895	0	0	0	0	1	0	1	0
LOC141450894	6	0	4	2	4	2	3	0
LOC141450881	134	113	108	158	190	107	102	164
LOC141450887	699	722	799	663	1039	1106	917	655
LOC141450873	143	136	176	175	222	162	164	169
LOC141450891	87	79	119	89	154	79	91	114
LOC141450896	4	1	1	1	4	1	2	3
LOC141450886	319	312	297	317	497	473	350	390
LOC141450889	296	271	292	255	408	252	190	194
LOC141450888	1644	1223	1680	1450	1516	890	1018	1116
slo	6879	5759	8457	8123	7943	4164	4374	5063
LOC141450893	13	13	29	24	10	11	6	6
LOC141450884	0	0	1	0	0	0	2	0
LOC141450883	740	787	807	696	939	912	693	732
LOC141450870	198	231	189	249	309	297	341	202
LOC141450869	3	0	0	1	0	1	1	3
LOC141450890	91	112	88	94	105	92	101	102
RpS6	6875	8495	7757	6569	6809	9519	8064	6132
LOC141450882	1429	1383	1783	1676	2120	1373	1294	1586
LOC141450875	205	896	445	547	74	398	400	201
LOC141450877	361	1610	779	956	244	911	1008	390
LOC141450878	302	1208	853	900	115	690	595	306
LOC141450874	82	298	97	213	36	127	106	48
LOC141450876	102	572	121	217	75	154	135	94
LOC141451520	388	380	434	324	702	392	386	477
LOC141451521	1	0	1	0	1	1	0	0
LOC141450897	2	1	6	2	6	1	1	3
LOC141451522	6	1	5	9	5	4	1	3
LOC141450898	2	1	9	0	1	1	0	1
LOC141450899	3	2	2	2	1	0	0	2
LOC141450903	0	0	0	1	0	0	0	0
LOC141450901	0	0	0	1	0	0	0	0
LOC141450902	0	0	1	0	0	0	0	0
LOC141451523	307	236	352	380	476	265	297	342
LOC141450913	404	426	428	381	517	644	512	453
Fkbp39	1918	1984	1891	1961	4902	7507	7158	4534
l(3)neo43	64	47	79	61	91	95	98	96
LeuRS-m	457	499	564	541	862	767	681	604
Cp190	901	779	1082	996	1295	897	913	1001
LOC141450910	82	56	99	83	123	78	39	56
LOC141450909	99	100	170	94	162	117	168	101
LOC141450911	1433	1373	1397	1190	978	1070	992	773
Ifrd1	1448	1509	1561	1554	1674	2141	2053	1389
Scamp	1100	1101	1298	1213	1980	1712	1718	1488
Rbcn-3A	1711	1263	2131	2074	2532	1550	2072	2107
LOC141450918	2	0	1	2	0	0	0	1
LOC141450917	58	72	87	63	68	109	117	68
LOC141450916	582	641	615	577	485	1206	1013	404
LOC141450921	0	0	0	0	1	2	0	1
LOC141450919	3750	3145	4176	4315	5732	3906	4022	4335
LOC141451542	1	2	4	1	2	3	0	2
LOC141451532	2605	1903	2919	2606	3702	1738	1884	2707
LOC141451539	799	782	761	751	1040	1011	916	859
ksh	198	240	161	181	250	259	241	211
LOC141451533	765	533	732	650	764	464	385	479
LOC141451535	1158	895	1403	1240	1487	1126	1067	1089
Rev1	271	232	316	272	292	227	227	223
LOC141451540	507	635	594	546	1133	1319	1047	884
LOC141451534	376	298	400	354	572	494	378	371
LOC141451544	3	2	4	1	3	0	2	4
Cdk1	8	6	12	19	52	196	136	91
foxo	325	342	448	350	287	440	389	230
LOC141451556	483	489	581	563	908	789	757	707
LOC141451554	26	28	43	41	34	36	26	33
LOC141451553	5470	6015	6678	6501	9829	5672	6146	7205
LOC141450922	11	11	30	5	31	7	6	36
Vha13	1918	1917	1630	1770	2646	2284	1920	2037
LOC141451546	695	784	919	862	1685	1412	1349	1276
RpL24-like	563	657	655	536	523	800	729	550
IntS3	875	1001	1028	948	1590	1319	1354	1181
AsnRS	837	995	1013	885	1957	2282	2166	1640
LOC141451550	569	579	628	541	931	675	680	683
SK	2137	1821	2037	1849	2481	1421	1561	1991
LOC141451561	0	0	0	0	0	0	0	0
LOC141451589	1	0	1	1	0	0	0	0
LOC141450923	0	0	0	0	0	0	0	1
LOC141451560	3	0	4	1	7	3	1	4
LOC141450924	0	0	0	0	0	1	0	1
LOC141450925	2	0	0	2	2	2	0	1
LOC141450926	0	1	0	0	0	0	0	0
LOC141451562	3	3	4	4	21	8	8	4
LOC141451555	372	401	343	386	607	546	472	466
DCAF12	589	455	674	631	783	515	509	636
vap	881	737	1139	1040	1393	951	1105	1130
LOC141450928	0	4	2	5	5	4	6	5
LOC141450932	408	670	502	387	4	497	534	30
LOC141450929	344	304	416	342	684	741	613	614
dsx-c73A	3	2	4	2	4	2	3	5
LOC141450931	2	4	9	1	6	4	0	5
aos	273	229	387	349	592	306	233	350
LOC141450930	3	10	0	3	1	7	2	1
LOC141450937	20	33	19	13	43	80	62	172
LOC141450938	239	191	353	202	264	193	197	214
LOC141450936	3	1	1	0	3	6	2	4
LOC141451507	0	0	0	0	0	0	0	0
LOC141450941	0	0	0	0	1	0	0	0
LOC141450939	220	174	233	276	381	233	290	344
LOC141451576	0	0	0	0	0	0	0	0
LOC141450942	0	0	0	0	0	0	0	0
LOC141450943	4	4	0	0	3	0	0	0
LOC141450945	292	307	350	335	436	442	389	305
LOC141450949	5	5	9	4	3	6	4	4
LOC141450944	130	136	159	132	259	148	113	142
LOC141450948	9	7	4	7	18	5	6	3
LOC141450950	0	1	5	3	1	0	0	0
LOC141450951	0	0	0	3	0	0	0	3
LOC141450946	0	0	0	0	0	0	0	0
LOC141450947	3	0	4	5	8	1	0	4
LOC141450954	7	6	7	11	3	3	4	0
LOC141450956	0	0	1	1	0	1	0	0
LOC141450953	1	0	0	3	0	1	2	4
LOC141450957	0	0	1	0	0	0	0	0
LOC141450952	0	0	0	0	0	0	0	0
LOC141450955	207	235	246	185	323	256	197	212
LOC141450972	1856	2123	2093	1782	2085	1753	1390	1468
Clic	1017	1076	1070	1144	1761	2250	2129	1446
LOC141451588	0	0	0	1	0	0	0	2
LOC141450976	7	1	8	0	4	1	3	4
LOC141450964	817	803	864	958	1333	1291	1307	983
LOC141450973	444	508	514	411	670	604	485	462
LOC141450970	334	289	317	366	328	356	398	317
LOC141450963	10634	9593	12270	12916	17249	11401	11069	12760
LOC141450975	191	210	193	173	246	224	187	189
Tsen2	139	180	175	151	272	306	204	270
LOC141450969	1061	1128	1192	1100	1552	1386	1220	1142
LOC141450968	33	41	22	16	46	44	23	30
l(1)G0004	617	712	728	588	376	717	560	415
LOC141450965	606	641	856	846	612	901	1089	557
LOC141450958	47	67	73	46	22	86	36	19
LOC141450960	4	7	5	12	6	3	3	3
LOC141450977	205	184	244	213	376	240	256	271
MED7	190	211	228	233	341	356	286	267
LOC141450962	1	2	0	0	2	1	1	1
LOC141450961	0	0	2	0	0	0	0	0
LOC141450988	866	691	1056	947	1474	824	745	974
LOC141450979	1	0	0	0	1	0	2	2
hdly	556	479	539	620	924	598	739	686
LOC141450982	2	2	5	7	7	3	4	6
LOC141450983	0	0	1	0	5	3	1	0
LOC141450984	0	0	0	0	1	0	0	0
LOC141450985	1	0	0	0	0	0	0	2
heca	2164	1834	2655	2273	2932	1575	1540	1906
LOC141450989	122	91	120	118	150	49	98	103
LOC141450990	5	0	0	3	0	4	0	0
LOC141450991	1	2	0	0	2	0	1	1
LOC141450995	0	0	1	1	1	7	14	1
LOC141450996	5	9	7	21	13	16	14	17
Ask1	685	662	826	802	948	801	976	719
LOC141450994	0	0	11	0	0	0	2	2
LOC141450993	2	0	0	1	4	2	1	2
ash1	1275	746	1465	1407	1141	505	694	915
LOC141450999	861	885	1020	853	655	656	572	499
Sod2	1931	2182	2060	1955	2509	2306	1816	1840
unc-104	7208	6032	7991	8042	12287	7238	7347	9427
LOC141451002	0	1	1	2	0	0	0	1
LOC141451005	79	96	89	84	143	182	122	106
LOC141451003	0	1	2	0	0	1	1	0
LOC141451010	3	1	5	1	4	1	6	1
LOC141451009	427	444	548	440	813	585	569	497
LOC141451008	1388	1373	1497	1415	2316	1780	1682	1712
LOC141451006	569	642	724	611	1355	1507	1315	1186
LOC141451011	1858	1555	2091	1841	2296	1560	1539	1592
LOC141451017	322	407	397	338	278	389	466	265
LOC141451012	766	764	896	874	1275	788	806	911
LOC141451567	0	0	0	0	0	0	0	0
TRNAQ-UUG	0	0	0	0	0	0	0	0
LOC141451020	36	25	33	25	73	42	30	46
LOC141451014	181	183	167	160	237	273	199	184
LOC141451019	733	789	854	720	500	250	273	251
Usp2	7535	7299	9702	7794	3193	2398	2427	2523
LOC141451016	7	22	43	28	4	12	38	38
LOC141451015	1551	1411	1739	1714	2624	1520	1538	1694
LOC141451021	238	202	224	271	336	209	241	268
LOC141451025	8	4	20	17	29	14	9	21
LOC141451026	0	0	1	3	0	1	3	0
LOC141451568	0	0	1	0	1	0	0	1
LOC141451024	105	76	139	123	152	86	108	163
LOC141451023	1	0	2	0	2	1	0	2
LOC141451027	29	18	35	32	40	23	15	34
LOC141451028	0	0	2	0	0	1	1	1
LOC141451029	51	28	60	74	109	62	74	102
LOC141451569	52	39	41	64	26	22	33	8
LOC141451030	281	245	312	289	467	377	389	380
Mppe	138	107	133	180	257	187	163	199
LOC141451036	19529	16679	25453	21192	21074	20024	17894	17187
LOC141451035	379	401	436	491	596	552	448	379
Elp1	344	281	375	355	570	567	614	493
Rlb1	164	149	140	160	317	304	310	266
LOC141451037	1559	1536	1738	1620	2890	1855	1680	1911
LOC141451525	4	3	3	4	2	3	1	5
LOC141451032	0	0	1	0	1	0	0	0
LOC141451038	4	4	9	3	23	4	1	4
LOC141451040	3	0	0	2	0	3	1	0
LOC141451041	335	291	413	353	707	586	639	556
Sema2a	1649	1224	1870	1771	2820	1707	1771	2156
LOC141451584	0	0	1	0	0	1	0	0
LOC141451044	1	0	3	2	2	1	1	1
LOC141451508	0	0	0	2	4	0	1	5
LOC141451049	16	14	37	27	32	19	22	44
LOC141451050	15	13	16	4	1	4	5	0
LOC141451045	1	0	2	0	6	2	2	1
LOC141451581	0	0	0	0	0	0	0	0
LOC141451048	0	0	4	0	2	1	0	0
LOC141451509	0	1	1	2	0	0	0	0
LOC141451046	500	468	495	506	702	489	421	486
LOC141451047	502	412	598	587	818	493	523	618
LOC141451526	0	0	0	0	0	0	0	0
LOC141451051	0	0	0	0	0	0	0	0
LOC141451052	50	43	67	62	93	42	52	69
TRNAD-GUC_1	0	0	0	0	0	1	0	0
Xrcc2	640	728	654	679	179	248	213	183
PIG-X	146	144	140	165	211	239	151	140
LOC141451054	201	218	219	194	259	301	238	195
LOC141451053	2	0	0	0	0	0	0	0
LOC141451057	0	1	0	0	0	0	0	0
LOC141451061	0	0	0	2	3	1	1	0
LOC141451063	0	0	0	0	0	0	0	0
LOC141451060	58	104	133	115	154	193	140	147
nAChRalpha1	887	649	1017	1034	1495	831	906	1148
LOC141451058	13	17	26	19	20	3	4	19
LOC141451062	3	0	5	1	3	2	1	1
LOC141451572	0	0	0	0	0	0	0	0
LOC141451528	5	8	7	8	7	1	4	6
nAChRalpha2	956	868	1046	1054	1888	1177	999	1343
nAChRbeta2	3340	3506	3427	3446	5565	4346	3728	4224
LOC141451067	11	1	9	4	8	3	1	3
LOC141451068	0	1	0	0	2	0	0	0
LOC141451066	159	149	138	145	245	170	146	194
EndoA	8126	6628	8511	8575	11878	6667	6838	8479
LOC141451070	1	0	0	0	10	0	0	10
LOC141451069	5	1	3	3	4	0	0	0
LOC141451075	15	8	17	17	25	5	20	14
Hgsnat	20	5	8	27	10	6	26	5
LOC141451074	598	630	774	819	753	540	510	583
LOC141451529	0	0	0	0	0	0	1	1
LOC141451072	60	47	30	57	55	37	37	43
LOC141451089	0	0	2	2	0	0	0	0
LOC141451081	49	33	32	33	62	30	41	37
LOC141451085	268	270	259	308	386	376	362	343
LOC141451076	504	575	572	573	823	817	694	539
LOC141451083	136	163	192	157	224	283	219	230
PRL-1	3709	3688	3925	4192	6551	4958	5773	4875
LOC141451088	11	5	21	15	19	10	8	8
LOC141451087	2	2	1	0	2	2	0	0
LOC141451071	1995	1960	2166	2102	2419	2912	3178	1801
LOC141451086	141	127	178	161	139	101	125	104
LOC141451079	212	243	244	244	452	492	491	391
Vlet	192	207	259	236	424	449	403	326
LOC141451090	9	11	42	16	35	17	23	9
LOC141451094	1114	771	1165	1255	1718	858	888	1297
LOC141451573	5	5	1	2	9	0	2	6
LOC141451096	50	49	69	45	69	43	23	36
LOC141451091	2	0	3	4	5	2	4	5
LOC141451092	5474	6833	7215	7632	11777	7023	5138	7443
LOC141451095	25	28	40	28	26	23	13	17
LOC141451097	1	1	0	0	0	0	0	0
Bet1	4202	5089	5103	3982	1056	1100	962	848
LOC141451098	649	592	641	620	950	620	559	667
pygo	140	89	193	180	225	164	218	173
polybromo	1302	1313	1791	1738	2172	1936	1922	1877
LOC141451103	651	742	743	748	1320	1101	893	993
LOC141451116	156	162	191	150	336	239	176	250
LOC141451106	288	293	388	331	438	452	439	361
Idh3a	2068	2027	2067	1984	2829	2654	2190	2326
Zpr1	448	537	546	557	981	979	986	729
LOC141451108	1258	1115	1451	1342	2024	1376	1378	1494
hwt	1174	914	1490	1534	2426	1200	1485	1943
LOC141451104	1	0	0	0	0	2	0	0
LOC141451118	11	5	8	9	11	3	3	3
LOC141451110	263	260	260	315	468	374	388	355
LOC141451117	1512	1591	1666	1584	2210	1404	1439	1423
LOC141451112	5682	5226	6252	5737	12584	8942	8260	9044
LOC141451105	258	236	292	152	11	287	403	17
LOC141451121	4	1	0	1	0	0	0	0
LOC141451120	552	467	632	627	827	1064	1020	609
LOC141451119	1	0	0	0	0	0	0	0
gro	820	908	1138	1045	1436	1154	1198	1033
LOC141451131	211	171	207	186	278	213	156	174
Kdsr	883	980	952	969	1770	1529	1320	1292
Pmvk	264	289	253	254	359	331	303	263
Mat89Ba	481	554	590	552	968	1031	1142	873
CrebA	1638	1888	2152	1964	2797	3248	3490	2327
GABA-B-R3	905	674	974	905	1336	790	650	1032
LOC141451140	0	0	1	0	0	0	0	0
LOC141451124	0	2	1	1	1	2	3	3
LOC141451123	9	16	17	19	6	11	5	5
LOC141451144	0	0	0	0	0	1	0	0
LOC141451137	116	224	180	167	135	478	333	141
Rpn11	637	684	656	686	1605	1954	1887	1349
VhaSFD	2427	2733	2861	2589	3268	3141	2848	2453
LOC141451129	391	330	350	407	600	611	665	477
mTor	1803	1549	2090	2009	2885	2029	2118	2196
MED24	3169	2638	3548	3477	4897	3613	3731	3614
Spase12	593	594	560	591	1163	1314	1265	937
LOC141451138	3	1	2	2	4	8	0	8
LOC141451134	3132	3136	3523	2836	2964	2308	2158	1807
mRpS30	316	279	319	310	586	552	468	446
Mccc1	471	584	553	547	726	1160	1109	612
Syx18	131	126	133	133	230	232	182	205
Zn72D	2360	2163	2615	2620	4346	3333	3249	3120
mRpL34	240	288	260	265	324	317	285	285
LOC141451145	2040	1856	2273	2279	2720	1971	1768	1931
Su(Tpl)	239	149	322	346	264	262	393	287
unc-13	4766	3189	5549	4364	6493	3360	3414	5190
LOC141451150	1	0	0	0	0	0	0	0
LOC141451151	17	3	26	10	11	9	1	18
LOC141451155	16	8	23	12	22	13	10	28
LOC141451156	0	0	0	2	1	0	0	2
Syt4	6199	5009	5860	6387	11605	5362	5340	7210
LOC141451160	0	1	1	0	1	2	0	0
LOC141451157	2	0	1	0	1	4	0	4
LOC141451158	1	0	0	1	0	0	0	0
Tm2	4718	4637	6388	11492	1463	3794	1970	3274
LOC141451161	5	7	7	6	10	4	2	1
LOC141451169	5	2	1	2	10	2	0	5
Tm1	7835	7925	9570	12510	7795	7760	6346	7043
LOC141451197	385	351	363	324	514	444	350	397
LOC141451196	242	229	200	210	355	331	282	307
Lac	2024	1823	2279	2388	3026	1796	1632	1868
Snx27	1034	922	1170	1071	1446	1010	969	1081
LOC141451175	2193	2325	2278	2442	2637	2277	1901	1902
LOC141451201	8	12	16	5	11	3	4	7
dmt	243	226	298	260	392	340	308	346
LOC141451186	1222	1338	1364	1087	1007	1041	899	796
LOC141451188	12	18	24	14	32	12	22	15
Smn	438	431	445	433	619	618	553	545
LOC141451173	80	76	88	71	83	58	35	47
LOC141451170	1438	1220	1666	1662	1981	1285	1273	1237
LOC141451199	0	0	0	0	0	0	0	0
LOC141451200	2	5	3	4	1	1	0	3
Upf1	4326	4413	5176	4790	3141	3391	3872	2815
PNKP	176	230	197	191	356	347	272	300
tank	281	340	321	294	384	396	323	291
muc	641	698	691	724	995	1003	854	753
Trs23	0	0	0	0	0	0	0	0
LOC141451193	150	191	127	174	202	207	184	174
alc	522	479	437	407	551	469	369	344
LOC141451183	631	590	816	704	637	527	354	411
LOC141451189	832	837	884	871	914	905	885	735
Slh	657	662	813	725	1092	910	944	745
LOC141451198	31	37	43	41	2	11	18	2
TRNAE-UUC_2	0	0	0	0	0	0	0	0
dpp	61	135	147	121	75	79	97	71
LOC141451204	0	1	2	0	1	0	1	0
LOC141451210	563	674	662	577	3	773	783	56
LOC141451207	19	26	27	32	24	27	28	32
LOC141451206	403	339	413	420	672	461	448	422
LOC141451214	277	274	305	302	398	307	316	304
LOC141451209	51	34	46	66	70	25	32	38
LOC141451208	27	18	27	22	40	31	19	40
LOC141451218	30	33	28	35	31	33	23	29
LOC141451205	0	0	1	3	2	0	0	1
LOC141451212	53	30	51	37	40	23	10	30
LOC141451215	49	29	45	51	11	59	32	10
LOC141450626	0	0	0	0	0	0	0	0
LOC141451219	26	53	40	84	58	44	52	18
LOC141451222	2360	2040	2786	2620	3661	2413	2557	2751
LOC141451230	3	5	3	6	0	3	5	0
LOC141451231	0	0	3	3	2	0	1	3
LOC141451226	88	135	146	89	46	113	108	33
LOC141451225	541	702	543	468	150	1359	1165	214
jar	3283	2850	3614	3660	3672	2479	2780	2534
cn	80	51	51	78	20	110	107	28
LOC141451229	170	298	324	213	58	186	122	86
LOC141451228	266	353	333	302	300	281	228	177
hlk	232	138	347	746	79	145	119	216
Gdap2	1929	1785	2210	1968	2564	1827	1695	1834
LOC141451237	111	53	120	178	65	68	96	75
LOC141451233	919	1057	1122	993	1396	1081	1107	1036
LOC141451232	305	263	327	306	521	457	330	410
GABPI	420	419	435	420	674	595	639	451
LOC141451236	3312	131	4	5	15	2	1036	3
LOC141451239	7	3	1	1	0	1	1	1
LOC141451241	4	0	2	0	5	4	2	6
LOC141451238	25	20	23	24	26	7	12	12
LOC141451240	149	195	349	184	48	199	182	64
LOC141451245	1677	2087	2378	1936	2189	2103	1827	1629
LOC141451244	1462	1766	1875	1716	2196	1705	1583	1602
LOC141451247	20	51	53	23	5	40	10	2
LOC141451246	214	383	184	291	58	75	747	45
LOC141451243	131	177	65	72	0	0	14	2
LOC141451249	8	115	289	19	2	1	0	2
LOC141451250	447	362	511	436	772	400	406	575
LOC141451258	1	0	0	0	0	1	1	0
LOC141451253	902	951	1009	1053	1621	1647	1610	1333
ttm50	545	555	547	564	1140	1156	896	853
ear	73	61	72	62	86	54	66	76
PIG-K	802	763	837	795	1234	1183	938	967
LOC141451261	352	358	362	408	719	485	499	517
LOC141451268	244	282	224	233	219	162	122	123
LOC141451265	1288	1447	1528	1273	1509	1439	1194	1089
Cisd2	1194	1412	1187	1113	1224	1436	1157	926
TORIP	291	300	278	280	430	491	499	404
LOC141451266	8	2	3	2	8	1	2	8
ChT	2804	2179	3255	3050	5021	2434	2571	3808
Muc91C	8	6	10	29	19	8	4	33
LOC141451271	0	0	5	0	2	0	1	0
LOC141451269	8	18	20	19	13	4	5	6
VAChT	1615	1303	2251	2164	2682	1889	2103	2467
ChAT	4085	3179	4683	4244	5545	3137	3215	4299
LOC141451259	2099	1742	2186	1801	2939	1862	1343	1777
LOC141451273	498	449	537	516	889	491	477	551
Npc1a	2194	2238	3102	2840	2960	3734	3563	2401
LOC141451274	1	4	9	1	2	5	4	1
snRNP-U1-C	198	208	209	201	404	420	367	307
LOC141451275	327	277	345	328	529	345	351	338
Sap-r	12730	13227	15319	13978	17576	13178	12230	13514
Ptx1	136	163	179	184	257	185	192	244
LOC141451279	0	0	0	0	0	0	0	0
LOC141451282	423	376	522	499	561	501	508	481
LOC141451291	194	270	233	186	76	149	130	80
Vps33B	123	111	124	119	189	224	174	160
LOC141451289	298	325	305	305	427	402	324	318
LOC141451294	93	81	97	100	150	105	80	100
LOC141451298	1	4	6	5	3	4	3	8
LOC141451293	2103	1383	2405	2377	3145	1785	1945	2681
LOC141451510	843	339	639	545	627	373	460	550
LOC141451280	24428	18924	27748	28498	37912	21835	22228	27582
LOC141451299	14	5	6	12	8	4	2	10
Nf-YB	359	397	392	370	659	655	477	472
LOC141451297	0	0	0	0	0	0	1	0
eff	2439	2666	2735	2280	2814	2451	2326	2077
LOC141451285	3	2	7	1	10	3	8	8
LOC141451286	2858	2824	3390	3636	4671	3124	3117	3572
LOC141451284	12	6	2	4	21	8	7	5
LOC141451295	2	1	6	0	3	5	5	3
LOC141451300	349	291	402	329	551	404	346	396
NHP2	170	217	215	205	434	446	412	395
Mtr3	82	74	89	80	215	269	245	182
Sf3b5	144	163	158	140	332	339	324	294
LOC141451303	287	307	330	342	343	320	375	275
LOC141451321	1	0	0	0	0	0	1	0
LOC141451310	1329	1130	1405	1355	2076	1610	1540	1677
Prx4	733	912	929	840	1085	1579	1398	842
LOC141451318	448	418	363	387	601	504	476	492
Kap-alpha1	1765	1775	2072	1952	2415	2236	2223	1921
LOC141451323	1	1	0	0	4	3	4	1
LOC141451319	727	914	971	786	969	1178	882	742
LOC141451309	2255	2435	3146	3091	8022	5354	4860	5950
LOC141451320	31	34	27	39	25	25	25	30
LOC141451315	245	240	260	212	436	436	443	328
LOC141451322	0	0	1	0	0	1	0	2
LOC141451311	586	768	744	675	685	3616	3110	667
Dap160	2197	1791	2888	2796	3542	2319	2652	2973
LOC141451324	2	0	1	0	2	2	2	1
LOC141451314	1	1	0	0	1	0	0	1
LOC141451308	135	187	164	128	204	155	124	107
LOC141451530	0	1	0	1	0	0	3	0
LOC141451332	338	309	351	394	645	423	399	519
LOC141451333	0	0	1	0	0	0	0	1
LOC141451327	38	26	21	35	28	11	28	34
Hpf1	318	346	345	326	693	627	495	547
LOC141451331	1107	1095	1239	1206	2290	2130	1940	1808
LOC141451329	104	308	342	150	22	124	92	27
LOC141451325	5	8	11	2	2	2	1	0
LOC141451334	2896	4255	3789	4123	12388	10199	9848	9115
LOC141451335	0	1	1	0	6	3	3	1
LOC141450619	1	2	0	1	1	0	2	0
LOC141451336	1478	1191	1695	1722	2371	1315	1434	1766
LOC141451337	3	1	3	0	0	2	6	12
LOC141451338	1	1	2	0	0	1	0	4
LOC141451339	0	1	2	4	0	0	2	2
LOC141451340	41	66	92	96	24	75	75	39
LOC141450620	0	1	0	0	0	0	1	0
LOC141451343	6	20	18	15	2	2	6	0
LOC141451346	450	813	993	525	108	131	139	58
LOC141451344	377	1041	1053	563	303	426	338	186
LOC141451348	0	0	0	3	0	1	0	1
LOC141451352	27	29	36	48	53	36	29	27
LOC141451351	63	58	48	74	86	53	47	72
LOC141451350	49	45	38	30	70	45	32	38
LOC141451354	25	31	34	40	31	112	40	16
LOC141451353	695	949	941	723	612	2572	1840	511
LOC141450621	0	1	0	0	0	0	0	0
LOC141451355	72	117	104	53	0	39	9	2
LOC141451369	0	0	0	0	0	0	0	0
LOC141451356	161	158	200	170	192	614	881	158
LOC141451367	3	1	2	0	2	0	1	0
LOC141451362	546	472	569	573	845	529	549	720
LOC141451368	0	0	0	0	0	0	1	0
LOC141451365	105	61	105	79	33	25	27	40
LOC141451364	474	433	451	428	679	456	375	459
LOC141451358	1079	1061	1280	1244	1881	1289	1108	1319
LOC141451360	1462	1475	1645	1568	2502	2292	2224	1952
LOC141451357	1070	1445	1265	1127	1172	1884	1553	922
LOC141451361	32	32	46	38	46	29	29	28
LOC141451366	5	4	3	1	2	5	10	1
LOC141451370	860	957	902	797	1138	1368	1230	873
LOC141451380	705	808	751	706	1176	1138	954	912
LOC141451379	2	5	4	8	8	4	1	8
LOC141451371	167	172	165	166	278	186	166	186
mora	919	998	959	799	878	895	750	741
LOC141451373	603	615	636	574	868	710	566	624
Faa	2461	3352	3024	1944	1241	4285	2988	1029
LOC141451377	642	644	711	669	1083	917	706	894
LOC141451376	1226	1599	1387	1235	2116	3311	3735	1596
cpb	1058	1010	1303	1206	1647	1257	1508	1279
eEF5	1924	2073	2346	2067	2699	3262	3543	2442
Dmtn	1414	1484	1742	1586	2119	1652	1565	1512
P5cr-2	298	610	596	378	132	352	363	108
LOC141451390	68	47	57	69	76	43	42	47
LOC141451389	83	120	91	92	123	101	95	60
LOC141451384	270	266	288	315	389	277	291	265
TM9SF3	1886	1842	2052	2106	3241	2874	3251	2530
LOC141451392	533	553	607	485	453	325	244	316
LOC141451393	159	102	76	102	109	78	44	65
LOC141451396	0	0	0	0	1	0	0	1
TRNAE-CUC_1	0	0	0	0	0	0	0	0
SKIP	707	546	795	740	1067	709	681	871
LOC141451580	0	0	0	2	0	0	0	0
LOC141451397	137	116	132	141	200	135	100	148
LOC141451399	169	224	137	165	210	204	188	129
dati	1457	1288	1524	1481	2228	1301	1273	1667
LOC141451400	31	49	45	28	61	43	34	31
LOC141450622	0	0	0	0	3	0	0	1
LOC141451404	1	0	0	0	0	0	0	0
LOC141451403	14	24	20	13	15	18	9	21
LOC141451405	4889	2562	5527	4522	5317	2432	3437	5327
LOC141451413	14	8	8	16	17	5	6	25
LOC141450623	0	0	2	1	2	0	0	2
Rad1	381	306	325	289	563	325	284	406
LOC141451406	1001	935	1080	971	1396	1332	1294	1046
Vti1a	326	298	449	379	616	410	458	357
LOC141451412	57	70	70	48	95	75	65	45
LOC141451422	892	858	1040	1008	858	1391	1807	613
LOC141451428	6	2	3	0	5	4	2	4
LOC141451425	8	13	5	19	27	18	23	19
LOC141451421	4	1	1	3	0	0	1	2
LOC141451414	17	13	16	22	16	18	12	4
LOC141450624	0	0	0	0	1	0	0	0
LOC141451583	0	0	0	0	0	0	0	0
LOC141451417	204	142	239	223	322	236	208	199
RpL24	1902	2162	1760	1631	2423	3078	2807	2141
LOC141451426	53	65	90	72	113	75	82	81
LOC141451419	234	280	235	206	180	349	365	129
Tim23	1593	1860	1709	1310	951	1114	896	776
Efa6	1181	1020	1289	1310	1874	1162	1183	1299
spz	377	417	498	414	619	456	330	337
LOC141451427	0	0	1	0	0	1	0	0
ec	237	145	261	321	320	170	206	306
chm	293	271	387	353	418	322	307	294
Rassf	1335	1202	1524	1504	2147	1418	1350	1668
LOC141451434	99	96	81	74	147	101	80	82
LOC141451435	141	162	177	174	192	103	110	116
LOC141451445	383	323	405	370	453	329	374	335
LTV1	155	198	172	154	300	385	321	240
LOC141451439	1227	1034	1549	1321	1511	1063	1138	1013
LOC141451447	107	135	117	95	108	92	89	53
LOC141451448	0	0	0	1	0	0	0	0
Nak	1431	1339	1948	1846	2111	2018	1745	1653
LOC141451444	331	395	390	288	426	325	245	281
Nurf-38	717	746	784	685	1075	1354	1217	886
LOC141451450	688	892	848	651	668	611	467	449
Sar1	8503	7860	8636	7473	5401	4373	4287	4306
LOC141451451	377	449	500	507	646	456	471	408
LOC141451453	794	855	966	1024	1221	833	742	906
LOC141451436	1	17	8	0	0	5	0	1
LOC141451449	1623	1540	1817	1777	2526	2034	2037	1945
LOC141451456	483	593	559	468	785	661	726	562
MED4	135	149	135	133	246	210	164	190
LOC141451479	7	6	4	4	8	4	2	5
LOC141451476	1470	1774	1452	1345	1760	2971	2141	1386
DCTN4-p62	766	918	887	761	1035	795	661	759
LOC141451472	11	27	20	8	5	2	5	2
LOC141451463	1280	1260	1312	1125	793	682	676	575
LOC141451468	1453	1615	1610	1568	2856	2673	2602	2030
LOC141451458	4782	4230	5475	5255	7431	4895	5872	5494
LOC141451470	438	448	529	440	672	511	338	473
LOC141451477	0	0	0	0	0	1	0	1
LOC141451475	308	321	374	389	704	671	741	521
Herc4	1059	953	1239	1215	1895	1817	1880	1555
LOC141451465	1768	1072	1783	1749	2527	1389	1393	1843
qm	900	659	1056	1101	1595	1035	1365	1400
LOC141451461	5261	4941	6475	6470	9561	7647	7485	8081
LOC141451464	127	28	11	16	23	54	83	10
LOC141451478	0	0	0	0	0	0	1	0
LOC141451469	113	38	28	53	51	31	108	56
LOC141451495	32	25	27	32	45	31	19	19
LOC141451494	339	376	395	401	533	451	397	335
LOC141451485	570	504	689	653	661	585	462	503
EMC3	775	776	838	751	1335	1318	1134	992
ND-75	2626	2580	2861	3153	4833	4209	3784	3722
LOC141451487	584	664	649	641	932	944	739	650
eEF1beta	0	0	0	0	0	0	0	0
LOC141451531	799	747	772	831	1329	905	844	954
LOC141451482	228	180	250	181	284	406	370	225
LOC141451481	84	74	98	74	135	92	107	88
LOC141451484	380	389	460	424	664	610	522	526
LOC141451492	164	172	148	149	288	309	276	261
LOC141451489	293	254	307	311	430	370	368	370
LOC141451488	20	17	18	12	28	7	14	16
LOC141451497	462	290	501	415	718	340	475	616
LOC141451499	1	0	0	0	0	0	0	0
LOC141451496	19	70	34	78	23	36	33	65
LOC141451501	16	59	35	28	46	35	30	11
LOC141451503	62	72	78	96	88	50	84	96
LOC141450625	0	1	2	0	1	1	1	0
LOC141451500	1	3	0	0	0	1	1	3
LOC141451598	15	8	16	11	18	10	14	12
tutl	2296	1486	3173	3026	3621	1697	2355	3312
TRNAG-GCC_3	0	0	0	0	0	0	0	0
LOC141451601	105	241	180	125	157	155	132	95
LOC141451599	151	78	107	104	157	118	103	97
LOC141451602	20	30	25	19	15	11	18	21
LOC141451603	1	0	1	2	1	5	1	5
LOC141451605	2	4	4	1	1	0	4	0
LOC141451604	8	10	12	13	0	1	0	0
LOC141451620	17	23	23	20	33	14	17	15
LOC141451618	11	16	23	23	23	9	9	25
LOC141451615	2	7	15	10	1	3	1	5
LOC141451622	29	30	69	50	71	21	16	38
LOC141451621	78	43	66	64	100	35	36	73
LOC141451619	278	309	333	350	352	281	253	241
LOC141451614	1446	1300	1677	1531	2032	1379	1278	1430
Crag	1564	1122	1776	1637	1733	1344	1409	1379
Ras85D	532	559	633	608	1026	789	702	770
LOC141451607	131	134	145	147	237	162	132	158
LOC141451623	196	128	201	196	310	198	166	216
LOC141451608	0	0	0	0	0	0	0	0
LOC141451610	2	0	0	1	1	1	0	2
LOC141451609	0	0	0	0	0	0	0	0
LOC141451611	3	0	1	2	0	0	0	0
LOC141451625	5	5	7	5	9	7	2	12
LOC141451624	0	0	3	0	0	0	1	0
LOC141451627	56	32	40	54	84	58	41	58
LOC141451629	0	20	4	5	0	10	4	4
LOC141451626	7	1	1	3	6	3	3	3
LOC141451630	291	268	279	285	356	305	240	241
LOC141451631	449	301	497	470	670	372	482	585
LOC141451632	20	21	38	15	38	34	33	59
LOC141451633	0	1	4	0	3	0	0	6
TRNAG-GCC_4	0	0	1	0	1	0	0	0
TRNAG-GCC_5	0	0	0	0	0	0	0	1
LOC141451941	0	3	3	0	0	0	2	0
TRNAG-GCC_6	2	0	0	0	0	1	0	0
LOC141451636	0	0	0	2	0	1	0	0
OR4	0	0	0	0	0	0	0	0
LOC141451635	0	0	0	0	0	0	0	0
LOC141451637	1	4	1	1	4	2	0	1
LOC141451638	0	1	0	0	0	0	0	0
LOC141451927	0	0	0	0	0	0	0	0
LOC141451639	3	3	2	4	15	0	3	4
LOC141451641	389	336	388	443	613	383	409	540
LOC141451926	58	0	0	0	0	0	13	0
LOC141451640	3	16	3	3	3	3	7	4
LOC141451652	1025	881	643	583	0	566	257	12
LOC141451642	367	1056	948	281	0	718	713	37
LOC141451643	1119	25	6	862	0	5	2	29
LOC141451648	2	0	0	0	0	0	0	0
LOC141451644	136	215	183	178	0	94	48	0
LOC141451647	0	0	0	0	0	0	0	0
LOC141451650	0	0	0	0	0	0	0	0
LOC141451646	6010	4823	9291	4162	0	6692	4672	481
LOC141451649	1965	1889	5277	2790	1	2593	1914	462
LOC141451653	0	1	0	2	0	1	0	0
LOC141451651	11	5	19	6	0	23	41	0
LOC141451935	0	0	0	0	0	0	0	0
LOC141451668	177	34	58	140	75	93	104	78
LOC141451657	1073	822	1326	1144	1609	893	888	1276
LOC141451670	1152	1221	1287	1312	1183	893	660	1037
LOC141451666	30	26	43	51	92	87	41	77
LOC141451669	461	530	464	382	310	2488	1843	372
LOC141451667	567	776	709	508	401	268	172	236
OR2	1	0	2	0	1	0	1	2
LOC141451655	14	43	55	17	4	6	8	9
LOC141451663	650	535	785	740	1122	627	730	930
LOC141451661	14	25	24	27	39	25	24	22
Gug	2109	1577	2574	2369	2587	1756	1902	1900
LOC141451671	28	24	35	34	39	32	22	25
Idh	813	900	1002	1073	1682	4284	4457	1542
LOC141451660	90	135	89	61	106	109	97	62
LOC141451664	415	388	491	503	727	549	511	517
LOC141451672	0	0	0	0	0	0	0	0
LOC141451673	0	0	0	0	0	0	0	0
LOC141451675	1551	1618	2032	1584	2144	1759	1884	1729
LOC141451677	381	311	384	386	543	516	497	478
LOC141451678	19	26	17	26	26	44	25	24
LOC141451679	3	0	2	0	2	5	2	3
LOC141451680	2303	1785	2351	2495	3659	2098	2257	2515
LOC141451681	385	330	352	369	471	281	268	295
LOC141451683	162	170	210	173	354	257	216	241
LOC141451684	527	407	634	637	869	472	474	625
LOC141451674	2	0	0	0	0	1	0	0
mRpL54	316	352	304	286	306	309	285	271
LOC141451688	983	916	1403	1252	1816	1335	1572	1522
LOC141451686	253	401	410	314	333	484	419	257
LOC141451690	59	68	68	59	74	52	57	56
LOC141451687	17	11	5	21	22	12	13	6
LOC141451685	160	118	151	158	243	185	201	182
LOC141451691	59	62	67	70	86	80	46	55
LOC141451693	588	673	717	561	767	643	554	476
LOC141451692	201	138	152	228	314	202	179	279
LOC141451694	5	3	5	3	2	0	4	3
LOC141451696	60	42	68	54	76	48	55	100
LOC141451697	93	63	105	96	111	70	75	67
LOC141451695	679	621	726	735	886	571	589	645
LOC141451938	0	0	0	0	0	0	0	0
LOC141451698	447	351	442	396	728	422	335	540
LOC141451709	57	53	75	69	140	116	96	88
LOC141451711	34	67	63	41	54	52	39	37
LOC141451704	139	169	163	140	254	200	218	164
LOC141451706	21	12	24	14	34	6	8	5
LOC141451710	6	9	6	10	22	6	11	13
LOC141451705	8	11	18	12	23	16	12	27
LOC141451703	125	178	224	198	364	336	262	295
LOC141451701	44	33	70	35	45	33	39	21
LOC141451708	95	64	84	86	153	83	78	98
Tps1	784	455	737	955	847	727	878	797
Reck	1251	1177	1441	1612	2323	1530	1614	1794
LOC141451713	11	15	24	31	36	33	52	52
mrn	575	610	659	656	933	1191	1103	786
LOC141451930	0	0	0	0	0	0	0	0
mRpL27	168	173	174	165	279	305	247	271
LOC141451716	4	3	10	6	1	2	4	3
LOC141451719	10	15	8	18	28	12	14	18
LOC141451717	56	81	61	85	156	72	59	62
LOC141451721	4	0	2	3	6	3	0	1
LOC141451724	11	1	1	0	0	2	3	0
LOC141451723	22	10	8	1	2	253	91	0
LOC141451720	0	0	0	1	1	6	3	0
LOC141451722	0	0	0	0	0	1	1	0
LOC141451725	0	1	0	1	1	0	0	0
LOC141451727	0	0	0	0	0	0	0	0
LOC141451726	13	15	15	18	12	15	14	9
LOC141451731	2	1	3	2	1	5	4	2
LOC141451730	27	17	57	43	39	31	55	28
LOC141451729	495	530	618	575	1101	1192	1201	848
LOC141451728	884	859	945	956	1296	930	919	1028
LOC141451732	4	1	6	2	3	3	7	1
LOC141451733	1851	1478	2175	1793	3083	1411	1578	2115
GR23A	0	0	1	0	0	0	0	0
GR23B	0	0	0	0	0	0	0	1
LOC141451736	1	2	4	3	5	0	0	2
LOC141451735	6	3	6	6	4	13	13	3
LOC141451737	3467	2757	4077	3810	5745	3701	3940	4601
LOC141451739	290	423	441	388	453	434	347	308
LOC141451738	380	486	458	440	610	676	540	432
LOC141451740	295	278	359	344	490	407	392	371
LOC141451748	997	1030	1192	992	1165	1009	1099	958
LOC141451761	282	247	332	323	471	447	415	386
LOC141451766	159	192	259	160	225	232	273	107
LOC141451765	578	482	458	485	612	355	312	405
RnrL	850	894	976	934	1785	1750	1330	1282
LOC141451756	577	651	693	771	1337	938	962	942
Rbp1	1524	1417	1739	1594	3494	2580	2156	2635
LOC141451751	102	191	265	150	75	172	204	102
Tnpo-SR	1143	973	1165	1171	1634	1171	1228	1273
LOC141451753	1198	1156	1462	1548	2440	2052	2386	1866
LOC141451750	9	8	13	8	20	6	3	7
LOC141451754	0	0	0	0	1	0	1	0
LOC141451768	6	0	3	0	3	1	0	5
LOC141451763	0	2	0	2	0	0	0	1
LOC141451743	186	145	233	217	249	133	188	184
LOC141451764	266	226	221	283	492	365	299	312
LOC141451770	0	1	2	4	3	1	1	1
LOC141451759	286	252	326	266	428	310	258	248
LOC141451771	4	0	4	2	2	3	1	3
LOC141451747	359	357	475	405	609	402	347	429
LOC141451760	230	210	308	268	457	331	471	350
LOC141451757	157	164	170	151	241	213	213	162
LOC141451749	102	67	108	166	84	56	53	93
TRNAM-CAU_4	0	0	0	0	0	0	0	0
LOC141451767	0	0	1	1	0	1	0	0
LOC141451742	36	17	38	37	42	29	10	39
LOC141451769	0	0	1	0	0	0	0	0
LOC141451755	1	0	0	1	0	0	0	2
LOC141451744	934	850	1169	1078	1620	889	948	1037
TRNAH-GUG_2	0	0	0	0	0	0	0	0
TRNAH-GUG_3	0	0	0	0	0	0	0	0
LOC141451798	0	1	0	0	0	0	0	0
LOC141451774	89	56	78	92	102	80	80	106
LOC141451772	1064	929	1143	1123	1529	1161	1241	1170
LOC141451796	1	1	1	1	0	0	3	1
LOC141451788	156	132	124	135	194	128	96	116
LOC141451785	175	176	182	165	267	216	178	166
LOC141451786	3	2	1	2	5	3	3	5
LOC141451781	138	92	119	144	182	130	140	112
DCTN6-p27	313	348	306	334	672	530	505	509
LOC141451791	64	90	88	75	90	110	79	80
Dbp21E2	254	262	305	286	506	476	398	402
LOC141451775	1132	831	1311	1108	1533	1023	940	1177
LOC141451780	1207	1059	1634	1483	2131	1461	1440	1570
LOC141451776	527	388	708	616	845	486	533	700
LOC141451784	474	427	491	461	698	516	428	395
ArgRS	455	499	418	506	922	1587	1337	839
Pomp	355	369	405	381	700	698	701	578
LOC141451787	234	265	225	210	261	336	175	243
LOC141451782	432	468	407	358	333	342	253	285
LOC141451790	197	185	158	179	325	367	268	233
Sirt1	1640	1508	2247	1824	1480	1157	1272	1124
RpS24	2167	2605	2246	1856	2233	3155	2845	2068
LOC141451793	9	30	10	18	10	19	17	10
LOC141451789	546	120	410	519	163	139	68	421
LOC141451797	1	0	0	0	1	0	0	1
LOC141451900	4933	4212	6179	6190	6554	3687	4136	4522
LOC141451911	0	0	3	1	1	0	2	3
Had1	518	515	502	624	847	709	571	757
LOC141451902	335	297	378	671	123	625	111	159
LOC141451912	0	0	2	0	0	0	0	0
Pkg21D	92	80	47	43	38	72	61	28
LOC141451910	0	0	21	0	2	1	3	0
LOC141451904	2833	2913	2993	2835	3586	4168	5795	2353
LOC141451906	10	28	8	2	4	20	10	6
LOC141451909	4941	5338	4851	4348	6378	10104	8036	4686
LOC141451913	1	0	0	0	3	2	2	0
CNT2	477	374	376	259	397	353	687	207
LOC141451919	362	324	420	414	664	798	1028	553
LOC141451915	161	198	188	171	393	413	399	315
LOC141451920	243	363	418	362	257	506	420	214
LOC141451923	7	7	23	16	12	8	8	8
LOC141451922	6	22	12	8	5	22	13	1
LOC141451918	2	2	0	3	1	0	1	0
LOC141451921	345	281	402	285	327	183	180	248
LOC141451917	2	0	0	1	2	3	0	2
LOC141451914	701	533	874	801	1022	518	562	766
LOC141451799	0	0	0	0	1	3	0	0
LOC141451924	0	0	0	0	0	0	0	3
MRP	1536	1242	1998	1976	2411	1755	1923	1902
LOC141451801	613	490	702	708	1115	518	592	761
LOC141451800	2	4	8	5	9	7	11	4
LOC141451809	1	0	2	0	4	2	1	3
GR14A	0	0	0	0	0	0	0	0
GR14B	0	0	0	0	0	0	0	0
LOC141451811	0	0	0	0	0	0	0	0
LOC141451808	0	0	0	0	0	0	0	0
LOC141451802	0	0	2	0	1	2	0	1
LOC141451804	0	0	0	0	2	0	0	0
LOC141451803	434	555	556	516	7	645	585	29
Ced-12	335	302	441	443	454	295	331	357
LOC141451805	113	53	120	107	136	55	101	115
Ent1	663	503	848	936	1151	745	848	940
Gbeta76C	36	34	48	36	47	32	33	37
LOC141451818	169	172	156	101	161	178	184	102
LOC141451812	0	0	0	0	0	0	0	0
LOC141451819	1573	1317	1625	1623	2512	1682	1651	1738
LOC141451817	7	9	11	16	8	12	9	11
LOC141451815	2087	2330	2497	2434	2945	2175	2065	2220
LOC141451816	0	0	0	0	0	0	0	0
LOC141451820	0	1	0	2	0	7	0	0
LOC141451821	3	0	1	0	0	0	2	1
LOC141451822	1315	903	1509	1283	2167	972	1093	1754
LOC141451824	20	11	27	19	21	19	20	49
Mdh1	2103	2353	2472	2030	2170	4669	4733	1819
fusl	1823	1539	1981	1708	2923	1405	1177	1814
LOC141451827	56	35	52	57	84	45	14	48
LOC141451828	4	3	5	4	1	0	1	1
LOC141451832	52	44	70	69	60	142	18	54
Mnn1	1565	1288	1901	1581	2315	1211	1208	1837
LOC141451829	3399	3436	4835	3903	3760	3324	3590	2914
me31B	3567	3136	4322	4330	6520	4631	5151	5180
LOC141451834	2602	1574	2775	2855	5946	2608	3579	4952
LOC141451835	5	1	1	2	2	3	3	3
LOC141451836	4	1	4	3	5	4	3	4
TRNAK-CUU_1	0	0	0	1	0	0	0	0
TRNAV-CAC	0	0	0	0	0	0	0	0
LOC141451837	7599	5966	9861	9423	10832	6088	6994	8336
LOC141451840	1	2	4	2	1	2	1	1
LOC141451931	1	0	1	0	0	0	0	3
LOC141451838	119	33	106	154	14	156	97	67
LOC141451845	0	0	0	0	0	0	0	2
LOC141451842	298	474	347	299	176	196	186	163
LOC141451844	7	4	5	13	3	9	3	4
LOC141451843	1201	1340	1337	1108	665	579	519	536
LOC141451841	1772	1481	2013	1937	2615	1656	1823	2123
LOC141451847	16	10	29	22	26	18	20	27
LOC141451846	0	0	0	1	0	1	0	0
Task6	1419	1308	1674	1618	2864	1531	1652	2002
LOC141451848	1	0	2	1	1	2	1	1
LOC141451854	0	2	1	0	3	0	0	0
LOC141451853	19	27	22	14	15	14	20	5
LOC141451852	240	208	217	209	448	285	215	276
LOC141451849	410	428	454	449	712	804	691	518
OSCP1	0	0	0	0	0	0	0	0
drm	133	156	213	200	22	108	89	239
LOC141451856	0	0	0	0	0	0	0	0
LOC141451928	0	0	0	0	0	0	0	0
LOC141451857	47	40	82	84	74	53	35	40
LOC141451861	0	1	4	1	0	0	0	1
LOC141451859	0	0	0	0	0	0	0	0
LOC141451860	0	0	0	0	0	0	0	0
LOC141451858	320	605	368	212	7	821	603	38
LOC141451873	953	943	1001	948	1189	859	696	868
alien	561	593	714	653	1248	1014	895	856
LOC141451866	192	231	254	233	385	511	435	348
Arpc2	959	1008	1042	1151	1922	2239	2407	1473
Vps11	1131	1152	1310	1207	1598	1213	1057	1192
nes	661	679	768	662	881	993	880	709
LOC141451874	299	445	382	293	392	468	402	291
LOC141451864	3	4	3	4	3	5	1	7
LOC141451865	1218	1277	1348	1321	2345	2020	1930	1819
rb	1179	1066	1208	1108	1742	1431	1325	1285
LOC141451936	0	0	1	0	0	0	0	1
LOC141451870	12	5	1	7	2	6	1	1
LOC141451867	1	1	5	2	3	4	0	3
Men-b	1403	1346	1623	1766	2563	1835	1653	2006
LOC141451876	285	152	261	438	149	150	302	131
TRNAT-UGU_1	0	0	1	1	0	0	0	0
Ube4B	732	729	885	882	1187	1151	1199	1002
LOC141451878	1	0	1	1	0	0	1	1
LOC141451879	1293	884	1413	1112	1953	871	926	1344
LOC141451881	2	0	2	1	2	5	1	0
nord	481	406	434	418	699	470	340	534
Tti1	650	691	812	699	1040	1016	866	830
LOC141451885	4937	4774	5622	5108	8641	7050	6639	6077
LOC141451886	6315	5721	6486	5501	7489	5918	5030	5439
tkv	1460	1230	1620	1883	2751	1800	1973	2154
LOC141451889	1801	1957	1604	1547	1997	2690	2460	1783
LOC141451891	1187	1120	1291	1569	2554	1673	1032	1678
LOC141451933	0	0	0	1	2	0	0	0
LOC141451934	0	0	0	0	2	0	0	1
LOC141451892	270	296	327	313	651	392	345	503
LOC141451893	125	99	139	117	226	190	101	170
LOC141451894	195	303	186	156	22	382	305	36
LOC141451896	555	871	653	403	9	1051	948	62
LOC141451895	110	110	148	154	155	105	126	203
LOC141451897	1016	1212	1495	1381	2406	1355	1349	1288
LOC141451898	55	71	60	49	81	55	40	33
LOC141451956	1	0	1	0	0	0	0	0
LOC141451957	0	0	0	0	1	0	0	0
LOC141451958	0	0	0	0	0	0	0	0
LOC141451984	8	1	0	0	0	1	0	3
LOC141451985	45	16	31	25	29	19	21	25
LOC141451986	0	0	0	0	4	0	0	0
LOC141451959	0	0	0	0	0	0	0	0
LOC141451961	1	0	0	0	7	0	1	1
LOC141451962	0	0	0	0	0	0	0	0
LOC141451979	0	0	0	0	0	0	0	0
LOC141451963	0	0	0	0	0	0	2	0
LOC141451964	0	0	0	0	0	0	0	0
LOC141451965	0	0	0	1	0	0	2	1
LOC141451966	0	1	1	0	3	0	0	1
LOC141451967	1	0	0	0	0	0	0	0
LOC141451968	0	0	0	0	0	0	0	0
LOC141451969	0	0	0	0	0	0	0	0
LOC141451970	0	0	0	0	0	0	0	1
LOC141451953	0	0	0	0	0	0	0	0
LOC141451971	0	0	0	0	0	0	0	0
LOC141451954	0	0	0	0	0	0	0	0
LOC141451982	0	0	0	0	0	0	0	0
LOC141451980	0	0	0	0	0	0	0	0
LOC141451972	0	0	0	0	0	0	0	0
LOC141451973	0	0	0	1	0	0	0	0
LOC141451955	0	0	0	0	0	0	0	0
LOC141451975	0	0	0	0	0	0	0	0
LOC141451976	0	0	0	0	0	0	0	0
LOC141451977	0	0	0	0	0	0	0	0
LOC141451978	0	0	0	0	0	0	0	0
LOC141451989	0	0	0	0	0	0	0	0
LOC141452031	0	0	0	0	0	0	0	0
LOC141452030	0	0	1	0	0	0	0	0
LOC141452028	0	0	0	0	0	0	0	0
LOC141451990	0	0	0	1	0	0	0	0
LOC141452032	1	0	0	0	0	0	0	0
LOC141451991	10	0	0	0	0	0	4	0
LOC141451992	0	0	0	0	0	0	0	0
LOC141451993	0	0	0	0	0	0	0	0
LOC141451994	0	0	0	0	0	0	0	0
LOC141452039	16	25	21	7	9	4	7	10
LOC141451995	31	38	2	63	61	4	18	1
LOC141451996	1	3	1	4	0	0	0	1
LOC141451997	0	0	0	0	0	0	0	0
LOC141451998	12	7	5	3	9	7	6	7
LOC141451999	0	0	0	0	0	0	0	0
LOC141452000	0	0	0	0	0	0	0	0
LOC141452001	0	0	0	0	0	0	0	0
LOC141452002	1	0	0	0	0	0	0	0
LOC141452003	0	0	0	0	0	0	0	0
LOC141452004	0	0	0	3	0	0	0	0
LOC141452005	0	0	1	0	0	1	1	0
LOC141452006	0	0	0	0	1	0	0	0
LOC141452007	1	0	1	0	0	0	0	0
LOC141452008	0	0	0	0	0	0	0	0
LOC141452009	0	0	0	0	0	0	0	0
LOC141452010	0	0	0	0	0	0	0	0
LOC141452011	0	0	0	0	0	0	0	0
LOC141452034	3	2	1	10	4	6	48	5
LOC141452012	0	0	0	0	0	0	0	0
LOC141452013	44	0	20	23	25	0	12	13
LOC141452035	22	0	16	23	29	0	1	4
LOC141452014	1	1	1	0	0	0	0	2
LOC141452016	1	1	0	3	2	0	0	1
LOC141452017	0	0	0	0	3	0	0	0
LOC141452018	1	0	0	0	0	0	0	0
LOC141452019	0	0	0	0	0	0	1	0
LOC141452037	3	0	1	1	1	1	0	0
LOC141452038	0	0	0	1	0	0	0	0
LOC141452021	0	0	1	0	0	0	0	0
LOC141452022	1	0	0	0	0	0	0	0
LOC141452023	0	0	0	0	0	0	0	0
LOC141452024	3	1	2	1	1	0	4	1
LOC141452026	0	0	0	0	1	0	0	0
LOC141452027	0	0	0	0	0	0	0	0
LOC141452041	0	0	0	0	0	0	0	0
LOC141452042	0	0	0	0	0	0	0	0
LOC141452043	0	0	0	0	0	0	0	0
LOC141452044	0	0	0	0	0	0	0	0
LOC141452046	0	0	0	0	0	0	0	0
LOC141452047	0	0	0	0	0	0	0	0
LOC141452067	0	0	0	0	0	0	0	0
LOC141452048	0	0	0	0	0	0	0	0
LOC141452049	0	0	0	0	0	0	0	0
LOC141452050	0	0	0	0	0	0	0	0
LOC141452068	0	0	0	0	0	0	0	0
LOC141452052	0	0	0	0	0	0	0	0
LOC141452069	0	0	0	0	0	0	0	0
LOC141452070	0	0	1	0	0	1	1	0
LOC141452053	0	0	0	0	0	0	0	0
LOC141452054	0	0	0	0	0	0	0	0
LOC141452056	0	0	1	1	0	1	1	0
LOC141452057	0	0	0	0	2	0	0	0
LOC141452058	0	0	0	0	0	0	0	0
LOC141452059	0	5	1	2	4	1	0	0
LOC141452060	0	0	0	0	0	0	0	0
LOC141452061	3	0	3	0	0	0	1	0
LOC141452062	0	0	0	0	0	0	0	0
LOC141452063	0	0	0	0	0	0	0	0
LOC141452073	0	0	0	0	1	0	0	1
LOC141452074	0	0	0	0	0	0	0	1
LOC141452076	0	0	1	0	0	0	0	0
LOC141452077	0	0	0	0	0	0	0	0
LOC141452075	0	0	0	0	0	0	0	6
LOC141452064	1	6	10	17	11	10	13	5
LOC141452080	2	3	2	2	5	0	0	2
LOC141452079	2	0	0	0	2	0	0	0
LOC141452066	1	2	1	1	0	2	2	0
LOC141452081	0	0	2	0	0	0	0	0
LOC141452083	73	69	103	84	95	53	34	47
LOC141452088	2835	1776	3018	2713	3801	2713	2839	3357
LOC141452095	231	2	313	229	325	69	135	419
LOC141452089	4111	3814	5464	4842	5133	3124	2459	3730
LOC141452087	968	863	1117	1122	1572	1067	1128	1188
LOC141452093	361	369	399	414	728	487	444	558
cnn	2743	2205	3164	3280	3860	2153	2339	2654
LOC141452097	31	22	29	32	49	33	17	32
LOC141452086	21	24	41	49	47	25	38	27
LOC141452094	990	1124	1153	1069	1602	1030	786	1000
mbl	7956	5734	9981	10071	10234	6488	7750	7901
LOC141452096	1	2	0	0	0	1	0	1
LOC141452098	4	6	0	3	5	2	4	1
LOC141452100	7655	7027	8433	8528	14647	9435	9179	11244
LOC141452099	250	205	260	215	327	271	252	264
LOC141452101	209	171	201	227	367	234	158	179
LOC141452102	111	103	84	102	198	81	69	117
LOC141452105	172	76	283	374	402	295	179	162
LOC141452106	240	259	220	220	416	408	380	316
fu	454	439	539	554	780	638	661	598
LOC141452109	13	8	10	14	16	11	16	7
Hdc	22	24	24	30	38	20	28	28
LOC141452104	7	8	12	8	17	11	11	6
LOC141452112	566	413	650	562	919	524	517	709
LOC141452110	0	0	0	4	1	0	0	1
LOC141452111	9	17	23	25	31	14	19	24
LOC141452113	4	7	15	7	9	2	2	7
LOC141452114	0	3	4	2	10	5	0	3
LOC141452115	322	219	269	221	453	286	205	323
LOC141452118	0	0	0	0	0	0	0	0
LOC141452117	0	0	0	0	0	0	0	0
LOC141453009	143	145	103	221	328	212	132	113
LOC141452192	54	51	55	127	178	147	80	100
LOC141453010	13147	11948	14031	13495	22774	17442	15845	16224
Polr3I	467	455	483	428	670	584	502	540
LOC141453725	8	33	12	26	48	39	31	19
LOC141453723	361	387	409	372	497	485	460	370
LOC141453721	2	3	2	11	9	5	5	4
zfh1	1720	1751	2347	2412	2777	1724	1725	1983
LOC141452842	0	0	0	0	0	1	0	0
LOC141453018	2	0	0	1	0	0	0	0
LOC141453013	2914	3846	4736	4800	5695	3428	2228	2626
LOC141453016	360	325	337	357	346	267	282	236
mRpL44	281	284	324	331	536	520	421	439
LOC141453014	1280	891	1312	1064	1224	627	631	819
LOC141453426	1222	1191	1249	1109	2067	1634	1578	1463
LOC141453425	75	51	71	115	117	88	84	128
LOC141453427	290	291	353	310	346	311	271	235
LOC141453429	12	11	14	19	26	11	11	10
LOC141452133	104	117	124	112	147	131	118	98
Naxe	223	228	265	160	261	246	221	241
LOC141452788	14946	12254	16416	14794	22849	13480	12943	18782
TRNAV-UAC	1	3	2	6	6	1	2	4
TRNAV-UAC_1	0	2	4	2	4	6	1	0
TRNAV-UAC_2	0	0	0	0	0	0	0	0
LOC141452785	45	24	77	39	58	34	29	66
LOC141452790	474	519	607	470	781	586	493	589
Asciz	683	661	821	706	1073	689	731	708
LOC141452786	1426	1123	1542	1490	2319	1258	1289	1665
TRNAD-GUC_2	0	0	0	0	0	0	0	0
LOC141452791	5	14	8	11	28	15	6	10
MED16	787	880	965	868	935	860	810	713
Iml1	1285	1068	1201	1238	1296	1017	917	882
LOC141452417	1298	9	1035	1472	15	25	29	848
drn	8388	7944	10433	7952	6951	5613	5542	4416
LOC141452421	305	397	358	422	731	785	720	580
Pex11c	131	133	121	141	234	228	188	170
orb	63	73	47	35	32	15	52	35
Cdc16	316	404	387	356	697	566	494	494
LOC141452425	257	289	273	269	348	330	268	312
Srp19	318	363	294	320	555	581	564	425
Coq2	165	166	135	151	320	374	350	282
LOC141452360	4	4	1	4	6	1	9	1
LOC141452361	0	0	0	0	0	0	0	0
LOC141452468	0	0	0	0	0	0	0	0
LOC141453409	1227	1073	1475	1320	2241	1200	1241	1623
LOC141453411	0	0	0	0	0	0	0	0
LOC141452198	0	0	0	0	0	0	0	0
LOC141453410	2	0	0	4	0	1	0	1
LOC141452136	0	0	3	0	4	5	2	2
LOC141452403	2	2	3	3	10	2	8	6
LOC141452606	409	1098	473	632	7	1217	581	35
LOC141453713	7	4	2	1	9	4	1	3
LOC141453712	186	246	206	297	397	397	454	321
LOC141453716	1	2	0	0	4	2	0	0
LOC141453715	0	0	1	2	3	6	4	1
LOC141453714	7	14	32	45	48	30	36	39
LOC141453679	1	2	0	1	1	5	82	0
LOC141453682	25	26	22	30	27	20	19	30
LOC141453681	747	926	775	792	1060	788	1308	871
LOC141453680	1589	1638	1619	1341	1144	1262	1201	735
LOC141452121	68	73	90	89	120	57	51	89
LOC141452122	3	3	6	13	11	2	4	7
LOC141452404	0	0	3	9	1	0	4	0
LOC141452849	56	138	95	88	17	28	17	16
spab	13170	11567	13866	13817	22049	12453	13702	15800
LOC141452848	1687	1380	1543	1482	2514	1597	1300	1811
LOC141452926	0	0	0	0	0	0	0	0
LOC141452203	0	0	2	0	2	0	0	0
Gr22e	0	0	5	0	3	3	3	2
Pld	648	610	887	1063	1135	864	1158	868
LOC141452843	611	523	684	677	978	667	751	749
LOC141452846	27	8	9	14	22	13	14	11
LOC141452161	230	237	165	125	348	219	154	199
LOC141452159	5	4	7	7	12	7	10	7
emei	221	223	230	243	437	384	420	337
LOC141453671	186	193	232	236	455	511	545	348
LOC141453672	3	1	1	9	12	8	3	10
LOC141453668	70475	68347	85190	84295	110616	71262	58082	80420
LOC141452835	9201	11524	11373	9489	57	12683	13418	499
LOC141452838	582	576	618	656	1135	946	848	839
LOC141452833	180	165	161	250	238	143	246	207
LOC141452840	0	0	0	0	0	0	0	0
LOC141452836	893	689	1142	1001	1648	774	873	1223
LOC141452369	3	2	8	7	4	8	4	4
LOC141452839	0	0	0	0	0	0	1	0
LOC141452210	123	124	173	160	88	127	64	76
ics	330	347	334	351	531	385	296	339
LOC141452722	256	278	310	299	576	397	334	413
Usp1	869	587	1040	1174	1661	988	1363	1313
LOC141452723	0	0	0	0	0	0	0	0
LOC141452717	2647	1806	3215	2728	3051	1762	1876	2229
LOC141452721	2	0	1	0	2	4	1	1
Fas1	2483	2331	3056	3134	4663	2618	2761	3285
LOC141452497	28	44	21	33	31	29	36	30
LOC141452493	21	13	16	5	19	12	7	11
LOC141452491	678	662	711	664	1156	1021	836	787
LOC141452498	56	77	81	61	106	69	61	52
Strip	575	491	729	643	872	581	634	655
LOC141452494	289	304	311	296	437	308	301	318
LOC141452499	0	0	0	0	0	0	1	0
LOC141452495	2680	2285	3180	3024	4128	2453	2401	3270
LOC141453601	326	308	328	317	434	385	329	311
Vps35	1053	1001	1173	1284	1879	1594	1600	1520
LOC141453608	8	4	6	1	7	8	13	5
LOC141453607	291	319	359	330	497	474	401	384
LOC141452206	3	4	0	0	1	2	0	1
LOC141453594	1520	1288	2015	1487	1307	1902	1960	893
LOC141453595	269	236	271	254	444	251	259	315
LOC141453606	1	7	6	3	15	5	5	6
LOC141452359	3	3	7	4	2	5	0	2
nAChRbeta1	912	666	1167	1300	1692	813	1076	1541
LOC141453603	309	567	498	510	505	563	524	378
LOC141453609	68	57	51	55	97	68	62	50
LOC141453597	1148	1070	1558	1619	1146	866	992	791
LOC141453596	1385	1212	1446	1444	2436	1817	1961	1842
milt	2684	2445	3306	3024	3442	2348	2552	2401
LOC141453610	9	0	12	4	4	1	6	2
Nct	872	860	1024	1067	1773	1681	1722	1499
IP3K1	1463	1254	1494	1254	2003	1242	1001	1421
LOC141452513	303	312	304	294	469	375	333	328
Lis-1	2519	2268	2881	2888	4549	3028	3178	3392
Rrp40	214	232	220	199	426	509	441	338
dpy	2090	1894	2878	3196	3168	2161	2040	2742
LOC141452162	1	0	0	0	0	0	0	0
LOC141452207	0	0	0	0	0	1	0	0
LOC141452428	25	9	14	3	2	0	3	27
LOC141453038	0	2	0	0	0	0	0	0
LOC141453718	769	839	931	906	1145	744	528	710
LOC141453719	5	11	5	12	25	5	10	5
LOC141453720	136	97	115	103	111	82	48	55
LOC141453744	710	496	615	693	899	787	1111	772
P58IPK	866	1141	1026	1216	2142	2000	2331	1699
ND-B8	1091	1104	1187	1144	1220	1144	940	1027
LOC141453750	416	411	480	411	617	373	327	392
LOC141453747	424	408	302	314	47	571	554	75
LOC141453751	41	39	62	44	62	63	50	53
LOC141453753	71	63	72	90	78	123	90	50
LOC141453746	508	495	570	546	928	776	850	705
LOC141453742	156	184	155	155	171	124	222	193
LOC141453756	4	9	1	6	11	5	5	4
LOC141453739	0	0	0	0	2	2	0	1
LOC141453738	66	37	75	62	89	56	27	26
LOC141453754	33	21	36	22	32	16	28	37
LOC141453737	260	227	317	308	395	653	592	348
LOC141453749	1638	1660	1855	1700	2080	1496	1196	1659
LOC141453745	2535	2561	2724	2984	4434	3433	4405	3759
LOC141453748	909	935	934	974	1230	1149	903	824
LOC141453740	1257	1350	1390	1625	2605	2565	3180	2369
LOC141453755	2	2	1	2	5	0	5	4
Sp1	41	22	29	33	49	33	25	30
LOC141453031	2	0	1	1	1	0	1	1
LOC141453030	16	5	11	17	24	21	8	8
LOC141453032	0	0	0	0	0	0	0	0
LOC141453033	0	0	0	0	0	0	0	0
LOC141453035	0	1	0	0	1	0	0	0
LOC141453034	780	741	892	773	1536	1579	1434	1200
LOC141453037	234	192	274	177	278	215	207	230
Nop17l	675	679	700	708	969	863	817	792
Np	128	112	157	103	57	134	128	54
PIG-U	1284	1341	1405	1216	998	984	841	815
Lst8	368	400	399	338	451	317	238	272
LOC141452484	61	44	54	62	67	87	49	29
LOC141452488	59	58	57	59	84	73	103	63
LOC141452485	383	400	434	473	1007	787	540	615
LOC141452474	49	48	54	56	108	94	76	71
LOC141452490	1	0	0	1	0	0	1	0
LOC141452482	163	157	149	123	85	72	49	48
LOC141452481	1097	1026	1085	1102	481	571	563	434
LOC141452487	210	155	244	213	324	71	161	169
LOC141452486	0	2	1	2	3	2	0	0
LOC141452477	734	841	786	931	1465	1170	1042	969
LOC141452476	296	192	262	294	370	245	279	232
BORCS6	0	0	0	0	0	0	0	0
Tif-IA	2065	1934	2130	1908	1650	2457	2370	1506
LOC141452483	210	218	229	187	318	292	233	242
LOC141452473	24	8	11	22	43	102	86	41
LOC141453431	370	246	475	422	598	319	429	562
LOC141453433	541	527	515	469	715	519	418	365
LOC141453432	322	235	344	245	351	246	263	323
LOC141453434	11058	16823	15266	9306	1123	12048	9468	1497
LOC141453452	617	402	500	479	248	479	140	74
LOC141453441	1109	761	1398	986	1306	964	341	459
Hs3st-A	114	70	177	150	125	48	61	108
LOC141452211	2	1	2	0	0	0	0	1
LOC141453460	2	2	0	2	8	3	2	2
LOC141453439	415	341	455	369	540	434	430	433
Pat1	308	289	440	341	545	386	380	365
IFT20	342	298	327	280	542	614	491	409
Chchd2	1807	1967	1715	1620	2629	3131	2725	2127
LOC141453440	639	604	759	715	1075	1052	952	900
snsl	31	33	38	40	50	49	41	28
LOC141453443	867	826	885	935	1152	1129	1087	961
LOC141453461	0	2	1	0	4	0	0	0
LOC141453451	6	4	3	7	20	2	6	3
LOC141453450	5	1	0	6	5	3	0	1
LOC141453445	4	7	5	2	2	2	4	0
LOC141453446	238	177	198	178	245	173	157	147
LOC141453447	1337	1099	1574	1496	1793	1154	1516	1308
VhaPPA1-1	2018	2092	2090	2217	3650	3043	2774	2685
LOC141453437	1131	1072	1256	1066	347	323	250	270
ctrip	3018	2684	3708	3464	4925	4150	4717	4082
LOC141453456	2	0	3	0	0	0	1	3
LOC141453459	223	218	242	187	164	172	161	124
LOC141453462	18	38	19	27	29	23	27	25
LOC141453463	4	3	4	11	0	0	5	1
LOC141452212	1	2	5	4	0	0	0	0
LOC141453465	288	261	333	324	383	341	234	289
LOC141453464	229	223	188	231	334	205	226	211
LOC141453467	11	8	6	7	10	4	7	13
LOC141453474	144	114	168	144	218	181	117	110
LOC141453472	334	277	320	302	429	287	269	271
LOC141453470	580	574	608	612	908	635	567	674
LOC141453471	1712	1342	1646	1631	2576	1366	1485	1860
LOC141452182	0	0	0	0	1	0	0	0
LOC141453468	247	258	254	316	394	328	307	301
LOC141452412	166	186	192	200	304	279	233	226
LOC141452409	338	391	408	353	641	694	636	500
nac	528	591	618	523	481	436	355	388
Glut4EF	664	641	789	765	837	633	788	570
LOC141452411	102	158	121	120	159	135	148	159
eIF2A	588	531	857	940	1299	1118	1577	1196
LOC141452408	1	0	2	0	3	0	2	0
LOC141453071	135	124	89	120	362	156	163	144
Cdep	1912	1643	2214	2157	2856	2236	2247	2113
LOC141452183	1102	660	1204	1094	1624	763	790	1260
ich	0	0	0	0	0	0	0	0
LOC141452801	143	6	100	153	407	24	165	171
LOC141452799	19	7	4	10	7	9	4	6
LOC141452213	37	5	36	88	221	52	154	140
LOC141452802	0	0	0	0	0	0	1	0
LOC141452798	3	0	3	8	33	2	14	9
LOC141452800	55	32	41	50	48	31	45	40
Sarm	1063	940	1093	1158	1445	1387	1490	1178
LOC141452797	0	0	2	1	1	2	1	0
LOC141452803	4	3	0	1	1	0	0	0
LOC141452804	10	9	10	17	15	8	6	7
LOC141453683	1	1	5	7	2	2	2	6
LOC141452603	2	2	4	3	4	5	1	0
LOC141453685	0	0	1	1	2	2	0	0
thoc6	158	177	181	174	344	361	314	273
Rpp14a	12	22	23	13	24	14	14	19
LOC141453684	76	71	177	106	149	173	163	202
LOC141452194	68	91	76	64	70	53	59	37
LOC141452193	27	21	37	49	34	42	45	45
LOC141452214	244	364	380	301	12	181	127	14
LOC141452291	7	3	2	0	5	8	9	4
LOC141452292	21	18	4	6	0	5	5	2
LOC141452400	17	15	7	20	31	29	22	22
rhea	6307	5268	7524	7625	9127	5917	5957	6282
LOC141452401	13	20	5	8	11	11	10	8
LOC141452399	6	11	5	9	3	0	2	1
LOC141452396	241	104	123	124	6	17	99	42
LOC141452398	13	5	4	1	0	1	2	0
LOC141452215	2	9	43	4	1	0	3	0
LOC141452394	102	44	72	89	94	83	42	67
LOC141452393	254	237	277	220	324	224	178	232
LOC141452219	209	203	191	188	276	167	127	130
LOC141452397	478	437	459	330	588	415	257	469
Mtmr6	476	504	541	552	915	773	614	655
LOC141453509	1876	1634	2187	2086	2629	2112	2687	2029
LOC141453518	63	35	55	57	80	32	46	43
Mdh2	2782	2953	3167	2940	2729	3246	2651	2220
LOC141453516	537	579	573	467	754	585	552	518
LOC141453507	6595	5584	8364	8401	10339	6752	7238	8237
LOC141453520	91	82	91	57	74	72	66	69
LOC141453521	1	0	0	3	5	3	0	1
LOC141453519	30	38	38	31	48	26	25	39
lama	2469	3510	3216	2813	1440	3712	4049	1152
LOC141453508	5	3	4	5	3	11	1	8
LOC141453515	25	17	19	37	36	25	54	15
LOC141453517	1103	1087	1347	1201	1715	1230	1240	1183
retm	1595	1546	1825	1816	2335	1936	2004	1713
LOC141453513	427	441	527	542	840	753	637	662
Gprk1	1895	1310	2475	2554	2723	1742	2257	2498
LOC141453525	774	855	839	795	1071	1102	862	777
Git	511	505	631	664	1041	773	816	814
LOC141453526	249	229	245	264	361	259	270	199
LOC141453524	690	825	965	955	1155	1354	1707	886
LOC141453160	540	552	662	643	1018	850	843	699
RpL10	2962	3407	3054	2637	3421	5293	4521	3318
Mrgn1	1212	1098	1361	1274	1857	1477	1406	1379
MED9	1011	1059	1064	966	1675	1844	1847	1430
GTPBP1	2927	3026	3501	2938	3849	3093	3313	2767
Psf2	160	144	142	191	372	329	299	260
Traf4	29	59	38	46	69	62	61	80
Set8	304	330	376	339	553	395	317	390
LOC141453182	22	13	20	7	26	17	3	9
dila	54	43	63	81	82	50	55	69
Ssrp	1294	1245	1438	1338	2357	2318	2408	2043
dx	477	394	557	535	851	578	707	719
LOC141453185	1	3	1	1	0	1	0	0
Usp30	753	697	896	896	1249	1180	1263	1032
LOC141453179	26	21	19	37	32	17	24	20
LOC141453183	18	12	19	19	32	19	21	21
sad	45	42	47	16	11	55	33	15
LOC141453178	409	397	485	516	753	631	683	690
LOC141453172	0	0	0	0	0	0	0	0
LOC141453184	33	34	34	38	68	48	43	29
RpL29	637	722	672	533	941	1280	1357	801
Xbp1	1809	1595	1897	1464	1815	2242	2062	1723
Der-2	267	332	349	353	458	573	599	367
LOC141453170	1126	1150	1196	1200	1785	1809	1479	1447
LOC141453186	7	2	2	7	4	3	3	0
Taf7	543	612	588	575	829	705	682	640
LOC141453161	443	500	524	541	842	791	762	637
RpL6	4843	5584	5122	4423	4162	6820	5858	4119
LOC141453195	3	2	4	1	6	0	3	0
MESR4	844	691	973	938	1216	914	980	971
LOC141453188	782	669	801	718	943	673	624	734
LOC141453190	449	495	476	516	692	542	540	527
LOC141453189	42	42	39	41	70	58	490	52
LOC141453191	79	177	164	106	30	625	1785	32
LOC141453194	0	0	0	0	0	0	0	0
LOC141453853	0	1	0	0	1	0	2	0
TRNAV-UAC_3	0	0	0	0	0	0	0	0
LOC141453588	0	0	0	0	0	0	0	0
LOC141453413	0	0	0	0	0	0	0	0
tio	789	650	925	1125	1437	837	966	1044
LOC141453486	4	5	6	8	15	11	7	6
TRNAP-AGG_2	0	0	0	0	0	0	0	0
LOC141453488	0	0	0	0	0	0	0	0
LOC141453076	6	11	5	17	12	7	4	5
LOC141452569	0	0	1	0	1	0	0	0
LOC141453083	313	300	227	232	293	246	255	289
LOC141453077	1332	1573	1698	1514	1463	1979	2096	1266
LOC141453078	5160	4576	6004	5699	9209	6023	5785	7187
LOC141453082	2175	2827	2277	2171	19	2780	4802	171
LOC141453081	298	380	278	162	0	270	195	5
LOC141453084	6	10	2	8	15	8	2	7
LOC141453080	3	1	0	2	1	11	9	0
LOC141453863	0	0	0	0	0	0	0	0
cyr	24	14	21	26	30	19	33	25
LOC141453792	2090	1992	2309	2344	4000	2428	2501	3124
Gad1	2591	2330	3063	3164	4191	2491	2656	3317
LOC141453793	0	0	1	0	3	2	0	2
LOC141453785	197	221	270	236	235	145	156	156
LOC141453787	1	1	2	2	5	4	0	6
LOC141453788	5	12	12	16	65	25	52	21
LOC141453791	5104	4252	5884	5728	7275	5350	5447	5458
Esyt2	3678	3335	4159	4201	4644	3383	3290	3260
LOC141453810	55	53	80	53	122	111	74	87
LOC141453660	1	2	1	0	0	1	0	0
PIP5K59B	2662	2198	3047	2699	3818	2364	2714	2827
LOC141453805	14	5	12	12	17	7	15	10
LOC141453812	84	70	90	67	54	63	63	42
RpL23	2279	2769	2228	2009	2634	4191	3729	2413
LOC141453801	280	319	323	293	509	413	375	444
pio	587	530	621	714	761	586	593	627
LOC141453804	1849	1920	2567	2098	1769	1312	1432	1346
LOC141453795	603	541	679	726	1059	764	782	711
LOC141453808	1090	1256	1273	1053	990	934	828	723
LOC141453799	943	1004	1106	960	1528	1432	1213	1214
Alg9	1070	1047	1121	1082	2048	1681	1605	1482
LOC141453806	44	30	44	26	34	25	22	24
LOC141453798	545	497	659	682	818	610	655	596
Nup358	3092	2760	3890	3694	5716	4467	4810	4888
LOC141453815	7	3	3	10	0	14	12	0
LOC141453807	16	42	19	48	2	96	64	6
fng	1178	1358	1293	1429	2277	1761	1555	1708
LOC141453816	0	1	0	0	0	0	1	0
LOC141453814	39	53	37	56	73	41	38	54
LOC141453813	34	52	44	60	61	39	43	26
LOC141453276	195	244	210	240	243	192	99	125
LOC141453277	15	8	9	8	12	7	18	19
LOC141453273	1066	856	1171	1203	1569	874	838	1086
LOC141453275	40	23	45	31	43	42	28	26
LOC141453279	12	13	21	6	20	13	12	10
LOC141453729	2176	2269	2473	2680	3620	3233	3421	2938
LOC141453851	2	1	0	0	0	0	0	1
LOC141453850	226	183	244	236	366	234	261	277
LOC141452690	0	0	0	0	0	0	0	0
LOC141452567	0	0	0	0	1	0	0	0
LOC141453852	0	1	0	0	0	0	0	1
LOC141453849	5	2	7	2	11	1	1	4
LOC141453844	3	10	14	14	18	5	7	15
LOC141453824	5107	4290	5574	5502	6710	4208	3786	4774
LOC141453828	7052	6660	7861	7896	10901	6927	5656	8701
LOC141453841	506	445	508	479	520	309	242	275
hyd	5223	4560	6249	6052	8053	6090	7211	6522
LOC141453842	68	58	90	84	82	58	58	53
LOC141453831	88	50	62	38	63	56	29	53
LOC141453832	409	541	457	442	728	813	970	583
Cbp20	161	186	187	136	269	306	254	227
LOC141453830	245	197	199	235	332	257	237	205
LOC141453845	0	3	3	2	1	1	0	1
LOC141453835	33	38	40	56	68	52	51	50
LOC141453840	71	56	79	95	114	95	69	75
LOC141453837	24	28	33	70	86	73	42	34
LOC141453834	45	32	40	83	130	104	67	100
Rpn2	5387	5206	6248	5297	4533	4422	3947	3696
5-HT2A	174	124	156	174	231	151	151	183
5-HT2B	1399	855	1394	1378	1341	980	981	953
LOC141453494	4	4	0	5	2	1	4	0
LOC141453843	138	119	138	114	141	123	61	86
Hao	7194	9994	9391	5600	985	1001	924	757
LOC141453839	349	307	328	348	324	247	193	195
LOC141453838	352	345	395	347	349	296	236	274
LOC141453826	552	599	559	606	1032	910	715	772
LOC141453628	34	59	69	68	99	527	1057	150
LOC141453630	0	0	1	1	0	3	10	0
LOC141453627	0	2	2	0	2	1	4	2
LOC141453631	6	8	13	18	7	6	27	5
LOC141453127	18	18	15	40	51	43	27	55
LOC141453129	318	301	348	366	551	488	476	408
LOC141453130	7	13	6	5	18	5	13	14
Pabp2	1500	1472	1563	1498	2755	2432	2381	2166
Bre1	2389	2249	2714	2509	3937	2548	2579	2984
LOC141453126	8	3	0	8	15	7	10	16
LOC141453625	533	528	477	531	868	821	792	694
BBS9	10	9	13	14	20	18	24	18
cv-2	904	947	987	1110	1866	1293	1172	1283
LOC141453626	0	0	3	0	0	0	0	0
clu	3410	3525	4919	3834	3643	3553	4314	3063
LOC141452996	3	3	5	6	6	0	5	4
LOC141453000	0	0	4	2	1	3	2	4
LOC141452999	595	705	689	668	1039	853	692	816
fliI	1255	1226	1360	1281	1966	1901	1799	1545
Dus4	250	272	274	268	342	302	241	220
LOC141452997	385	708	547	710	339	6632	8151	491
Tsp47F	56	32	52	37	84	46	32	31
CycT	986	886	1111	1020	1514	1303	1349	1115
LOC141452221	21	20	7	26	27	28	26	32
LOC141452980	417	278	537	516	701	529	759	606
LOC141452981	84	59	76	77	56	65	56	33
YME1L	1265	1231	1396	1336	1849	1854	1835	1390
wit	1918	1735	2226	2119	2968	2022	2090	2266
LOC141453674	279	304	245	236	218	218	105	169
O-fut2	462	446	501	482	790	735	586	625
Bap55	1103	1028	1195	1131	1834	1666	1425	1360
LOC141453675	30	20	19	15	56	44	50	34
ND-19	454	545	470	492	835	877	771	714
Sqor	688	633	720	706	809	776	1035	491
LOC141452962	408	324	367	343	448	335	273	276
enc	3226	2641	3797	3531	3421	2381	2657	2543
LOC141452966	5	4	12	6	6	6	2	3
LOC141452965	2	2	1	1	0	0	1	0
E(Pc)	934	839	1154	1085	1498	1157	1171	1129
LOC141452541	37	33	35	40	38	26	34	19
LOC141452539	481	569	546	506	649	581	560	486
LOC141452542	49	49	67	58	61	41	38	27
LOC141452540	625	792	671	788	897	730	553	598
LOC141452543	65	71	75	54	60	41	19	38
LOC141452546	4	9	8	2	8	4	3	8
LOC141452544	577	514	804	888	873	684	651	630
LOC141452548	64	44	38	57	164	110	104	109
trsn	452	399	561	543	821	740	620	629
LOC141452545	87	114	167	158	84	80	125	162
LOC141452550	0	0	0	1	0	0	0	0
LOC141452549	3	1	2	0	1	1	2	0
LOC141452364	1	2	4	2	3	6	10	4
LOC141452666	96	167	225	95	48	11	23	42
LOC141453690	728	574	895	819	1160	627	628	835
LOC141452281	2	0	0	0	4	1	0	0
LOC141453696	3	5	2	6	14	15	3	5
LOC141453697	0	0	0	0	0	2	0	0
LOC141453695	21	66	82	88	65	27	49	38
LOC141453691	550	510	681	695	957	596	574	734
LOC141453693	4587	9014	7407	7825	906	23120	12795	1533
LOC141452225	0	2	1	3	1	3	0	0
LOC141453694	2143	2271	2701	2706	3720	2818	2766	2982
LOC141452226	417	746	718	419	85	845	815	147
LOC141453698	8	11	13	11	2	10	4	3
LOC141453706	1580	1498	1639	1408	2196	1351	903	1588
LOC141453701	1205	1410	1331	1460	1446	1391	1140	1029
LOC141452227	825	1166	1093	825	1028	1513	1629	823
LOC141453704	88	145	102	90	97	102	77	53
LOC141452184	418	532	536	455	339	428	362	233
LOC141453703	466	496	477	427	610	408	399	521
LOC141453709	11	13	11	4	7	8	7	3
LOC141453702	3958	5050	4239	3151	2128	2353	1765	1377
LOC141453699	50	37	63	102	126	100	85	71
LOC141453700	15	26	26	8	5	21	17	13
LOC141452228	345	286	368	386	473	363	318	276
LOC141453707	99	126	117	63	0	136	215	1
LOC141453708	12	27	25	11	4	40	206	5
LOC141453705	807	918	908	732	445	675	802	338
LOC141453006	3	11	5	2	3	6	10	0
LOC141453007	219	249	270	198	317	269	203	194
LOC141453005	2737	2602	3086	2825	3878	3098	3259	2649
LOC141453008	621	666	620	579	724	576	435	502
LOC141452134	84	88	76	58	93	56	43	43
LOC141452135	1	1	2	1	3	0	1	1
RabGGTb	518	529	623	609	1158	1043	1015	933
LOC141453648	0	0	0	0	0	0	0	0
LOC141453676	607	363	723	772	924	479	655	849
LOC141452595	0	0	0	0	0	0	0	0
LOC141452594	1	1	2	0	0	0	1	1
LOC141452596	0	0	0	0	0	0	0	0
TRNAL-CAA_2	0	0	0	0	0	0	0	0
LOC141452592	0	0	0	0	0	0	0	0
LOC141452591	243	304	365	355	391	323	249	259
LOC141452593	333	303	309	374	527	440	403	360
sing	5	2	2	3	0	1	3	3
LOC141452598	2600	2426	3024	2690	5025	3316	2874	3556
LOC141452599	4	3	13	3	3	5	1	4
LOC141452600	7	1	16	5	21	7	5	27
LOC141453483	0	0	0	0	0	0	0	0
LOC141452831	47	4	3	40	0	0	1	1
Pex23	1155	1101	1392	1351	2199	1682	1696	1524
Mhc	23689	18008	31669	53642	5414	9478	7416	11174
Vps20	245	286	282	251	389	403	348	295
LOC141452987	672	631	727	696	991	693	718	706
LOC141452991	2820	2609	3260	3136	5623	3665	3397	3918
LOC141452988	408	443	453	419	574	527	372	473
LOC141452989	586	556	580	589	972	771	641	739
LOC141452986	130	75	161	103	169	158	102	110
superdeath	868	663	937	863	915	555	746	804
aralar1	1294	1079	1243	1251	1719	1619	1864	1350
LOC141453493	6	0	6	4	6	6	8	15
BORCS5	423	387	509	413	721	493	434	508
LOC141453491	13	0	2	0	1	1	8	1
LOC141453492	0	0	0	0	0	0	0	0
tmod	2310	2609	3086	3044	3400	2928	2676	2650
LOC141453768	0	0	3	0	0	0	1	0
LOC141453765	2	0	0	1	0	0	0	3
LOC141453769	166	151	179	171	290	153	140	176
LOC141453771	84	87	85	77	116	65	68	50
LOC141453764	170	183	200	207	376	298	270	301
LOC141453761	276	276	264	270	453	374	303	269
skd	2204	1842	2533	2435	3154	1889	2173	2336
LOC141453770	11	8	22	13	15	9	12	13
mRpL50	437	422	420	381	661	658	486	549
hob	948	775	1147	997	1209	821	891	949
LOC141453767	2163	2307	2081	1954	3095	2919	2283	2475
LOC141453760	995	874	960	991	1206	818	910	863
LOC141453757	1554	1204	1796	1429	1890	1190	1298	1355
LOC141453775	619	1037	820	555	12	1034	934	57
LOC141453779	8	13	23	12	2	8	9	0
LOC141453776	1669	1596	1808	1736	3132	1991	1736	2276
LOC141453773	257	306	318	262	345	413	351	347
LOC141453772	1333	1330	1676	1573	2082	1408	1427	1427
LOC141453777	36	55	66	51	18	29	23	11
LOC141453778	13	5	12	11	3	2	1	8
LOC141453619	26	12	35	12	24	43	32	47
Ubc2	1051	1082	1169	1190	2265	1636	1441	1581
LOC141453617	2224	2456	2370	2237	2560	3024	2362	2126
pths	545	685	626	524	493	551	499	437
wash	223	247	287	219	429	405	411	333
LOC141452144	251	225	280	303	387	292	275	292
LOC141452147	515	545	540	565	1025	920	821	812
LOC141452152	690	954	603	690	371	1245	551	349
LOC141452138	1413	1214	1547	1582	2102	1351	1379	1659
LOC141452145	2	5	4	11	27	50	36	24
LOC141452143	1376	1585	1437	1572	1746	1882	2012	1037
LOC141452146	456	497	524	467	841	826	790	605
Pmi	720	735	699	650	850	744	650	702
LOC141452137	36	51	29	33	37	21	21	21
LOC141452153	31	20	20	18	40	15	15	35
LOC141452154	137	165	107	106	132	135	55	41
LOC141452139	389	289	490	412	714	493	584	593
LOC141452155	40	44	47	34	77	61	44	57
LOC141452140	2640	2287	3153	3225	4405	2857	3082	3047
LOC141452157	5	5	18	8	5	5	9	7
LOC141452156	0	3	0	2	1	2	0	0
cta	215	240	251	211	307	253	219	214
LOC141452151	1213	1086	1295	1256	1774	1064	915	1220
LOC141453847	147	109	163	189	247	149	210	177
Septin4	732	669	747	797	1537	991	890	1028
LOC141453368	5	3	9	4	12	6	12	11
LOC141453362	3599	2663	1529	1335	1591	756	819	1004
RfC3	994	896	901	855	1508	1101	904	977
LOC141453361	1117	1087	1208	1154	1120	977	987	894
LOC141453367	48	45	73	53	62	65	56	43
LOC141453365	594	655	719	747	966	757	673	784
rdgB	2897	2854	3540	3586	4286	2769	2977	3321
LOC141453366	282	213	295	284	379	274	330	271
LOC141453359	3390	2634	3657	3407	4617	3012	2899	3142
mRpS14	766	836	750	596	765	738	608	690
GluRS-m	300	332	336	284	443	496	383	349
LOC141453374	477	551	491	513	714	1003	864	578
LOC141453373	1282	1434	1411	1193	693	716	646	575
LOC141453375	653	529	621	660	1028	816	700	731
caz	2800	2674	2791	2534	2955	2129	1851	1918
BI-1	7737	8589	8437	7611	7658	10796	9204	6129
LOC141453378	1552	1529	1749	1722	2526	1829	1621	1926
LOC141453369	4	3	10	5	7	6	4	8
LOC141453379	1039	1253	1589	1493	1068	978	950	644
LOC141453381	877	984	929	735	1301	1265	1311	1007
LOC141453380	1083	1230	1231	1165	2147	1892	1643	1549
LOC141452932	1256	1216	1668	1656	2161	1550	1438	1644
Polr2J	276	307	255	248	447	395	308	320
rl	1239	1322	1512	1371	2284	1939	1734	1747
CLIP-190	4101	3275	4578	4277	3397	3219	2965	2563
pelo	583	613	606	585	1015	872	790	856
LOC141452940	948	1089	1118	944	1356	1718	1813	1204
LOC141452943	4779	4945	5013	5131	8161	6330	5572	5603
LOC141453878	3	2	5	4	5	4	4	6
LOC141452955	23	14	18	14	18	11	5	15
psidin	371	415	459	477	986	1053	1187	904
gzl	1275	1408	1524	1407	2016	1658	1591	1341
SCCRO	517	498	604	518	831	764	685	648
LOC141452938	4657	4331	5260	5295	8082	5390	5381	5926
Archease	650	705	681	684	956	898	747	670
MED11	167	202	156	177	236	214	208	203
LOC141452941	121782	130188	137698	122354	118112	114814	99662	95787
LOC141452954	1	1	1	5	2	0	2	2
LOC141452934	738	659	885	840	1096	817	839	781
Stt3A	1731	1944	1990	1901	3164	4666	4673	2540
LOC141452953	241	269	323	241	279	268	263	188
LOC141452946	962	963	1074	992	1814	1776	1514	1326
LOC141452936	2954	2390	3254	3141	4487	2327	2551	3011
LOC141452958	43	15	56	73	56	22	50	47
LOC141452957	35	32	49	37	61	47	19	37
LOC141452605	0	2	0	1	4	0	0	0
LOC141452572	68	69	75	84	108	69	43	81
Nlg3	572	456	573	668	1011	585	595	745
LOC141452388	1	0	0	0	0	0	0	0
LOC141453121	3	0	0	0	0	0	0	0
LOC141452387	1	4	0	2	0	2	1	0
LOC141452382	7	4	4	1	3	6	1	0
LOC141452385	0	0	0	0	0	1	0	0
LOC141452374	84	58	103	133	78	82	39	54
LOC141452386	5	6	2	2	2	3	4	4
LOC141452377	955	821	1055	1062	1771	1021	976	1341
LOC141452381	0	0	0	0	0	0	0	0
LOC141452247	0	0	0	0	0	3	0	0
LOC141452231	0	0	0	0	0	0	0	0
LOC141452383	221	381	233	251	265	276	87	84
LOC141452380	375	421	421	406	694	676	584	545
pbl	1871	1520	2191	2086	2106	1584	1455	1471
LOC141453498	2606	1895	2814	2706	4187	2154	2391	3150
LOC141453501	1	2	10	1	1	1	2	7
LOC141453499	61	29	63	49	50	22	22	14
LOC141453502	1	0	0	0	0	0	0	0
LOC141453855	15	16	11	12	15	12	3	9
Rep	286	270	270	307	550	452	438	445
Gle1	432	391	506	460	773	612	551	545
LOC141453497	1063	1024	1272	1199	1930	1755	1954	1642
Ube4A	1222	1092	1415	1313	1827	1782	1854	1361
LOC141452158	96	100	108	137	115	101	127	113
ALiX	1773	1534	1733	1958	2946	2580	3283	2348
put	306	297	553	295	344	464	450	611
LOC141452129	0	3	5	1	0	2	4	8
LOC141452174	963	951	1034	989	1262	918	929	900
LOC141452172	7392	7911	8065	8249	8915	7681	6376	5678
l(3)73Ah	136	142	162	133	227	183	158	183
LOC141452170	23	25	41	13	14	9	9	19
hoka	418	643	535	342	3	445	290	13
LOC141452165	976	878	931	965	964	727	759	822
LOC141452181	2	6	3	4	8	6	1	3
LOC141452168	1152	1256	1142	1132	2187	2368	2147	1659
LOC141452178	6	5	1	2	4	8	3	3
LOC141452167	154	149	136	180	138	142	81	83
LOC141452173	2718	2674	3266	3385	4963	3090	2964	3612
LOC141452179	0	0	0	1	0	0	0	2
LOC141452169	1214	1202	1311	1140	1345	1222	1297	1037
LOC141452175	767	933	892	761	913	1058	956	693
LOC141453579	491	407	541	496	789	492	426	540
LOC141452362	0	0	0	0	7	1	0	1
LOC141452363	0	0	1	0	1	1	0	2
LOC141453272	0	0	0	0	0	0	0	0
LOC141452992	0	0	2	0	0	1	3	4
LOC141452805	7	3	12	5	8	0	2	7
LOC141453582	1	3	3	1	1	2	0	0
LOC141453581	6	8	2	3	6	3	9	6
LOC141453578	832	967	1056	978	1276	2621	2450	1077
sNPF	1266	1471	1854	1450	1656	1686	1443	1417
LOC141453527	0	0	1	1	0	0	1	0
LOC141453572	0	0	0	0	0	0	0	0
LOC141453575	0	0	0	0	1	0	0	0
LOC141453574	2	7	2	3	7	8	5	2
LOC141453577	0	0	0	0	0	0	0	0
LOC141453576	357	449	466	342	10	717	592	39
LOC141453571	78	76	75	48	45	52	48	29
xmas	271	275	321	300	439	450	417	373
LOC141453122	317	248	373	405	467	322	488	540
LOC141453870	1	0	0	0	0	0	1	0
LOC141452811	137	163	168	148	242	154	121	145
LOC141452810	726	668	858	854	1205	953	837	856
LOC141452809	35	32	39	30	73	76	40	54
LOC141452814	102	90	87	98	125	102	118	122
LOC141452812	158	145	148	131	250	176	172	177
Myo95E	407	405	514	419	676	429	364	520
LOC141452813	1621	1863	1715	1970	173	700	234	373
LOC141452815	6882	7529	7627	6320	4410	3486	3313	3419
lab	3	4	13	9	5	3	10	9
Fcp3C	6	4	8	6	14	9	12	6
LOC141452204	51	64	73	62	101	79	72	78
LOC141452234	30	32	41	32	74	44	42	54
LOC141452427	0	0	1	2	1	0	3	0
LOC141453586	0	0	0	0	0	0	0	0
pb	64	78	63	43	98	67	63	80
LOC141452287	0	0	2	0	1	0	0	0
LOC141453001	0	0	0	0	0	0	0	0
LOC141452235	0	0	0	1	0	1	0	0
LOC141452627	10	12	19	6	15	12	7	19
LOC141453862	0	0	0	0	0	0	0	0
LOC141452240	0	0	0	0	0	0	0	0
Dfd	54	41	42	114	48	35	61	102
LOC141452222	0	0	0	0	0	0	0	0
LOC141453386	1108	1171	1112	1057	1374	917	866	951
LOC141453384	609	653	734	746	1459	1644	1431	1128
Yod1	327	323	378	405	612	571	556	477
LOC141453220	50	38	41	35	56	38	25	31
LOC141453221	0	0	0	0	0	0	0	0
lili	183	144	254	274	280	195	193	205
LOC141453219	3234	3191	3398	3216	4751	3468	3317	3281
LOC141453217	9	10	17	10	31	27	18	25
LOC141453066	0	0	0	0	0	0	0	0
LOC141453003	0	1	0	0	0	0	1	0
Abd-B	43	35	80	59	90	66	44	36
LOC141453476	3	5	6	2	4	4	0	1
LOC141452248	11	37	41	34	97	48	24	20
LOC141453846	1211	836	1841	1299	141	692	953	474
LOC141452500	5	10	17	13	8	11	10	1
LOC141453478	354	764	984	844	117	970	944	381
LOC141453480	61	233	285	178	12	76	41	32
LOC141453358	1	0	0	0	0	0	0	4
LOC141452416	0	0	0	0	2	0	0	0
LOC141453479	20	23	49	54	39	18	32	26
LOC141453482	0	3	7	3	5	1	1	4
LOC141453481	0	1	0	0	0	0	0	0
LOC141453156	4	6	5	4	10	6	8	5
LOC141453151	0	0	0	0	0	0	1	0
LOC141453154	474	440	560	730	822	510	573	602
LOC141453155	1	0	1	2	0	0	2	1
LOC141452232	0	1	2	0	0	3	0	3
LOC141452233	0	0	0	0	0	1	0	0
LOC141452199	19	18	8	19	39	17	19	17
LOC141453223	5	0	2	1	3	5	2	1
LOC141452200	2	2	4	5	5	2	4	5
LOC141452238	0	1	2	0	0	2	0	0
LOC141453717	193	224	220	177	94	232	243	248
LOC141453025	5	10	17	15	0	0	2	4
r	407	431	483	586	1186	1481	1738	1208
LOC141453026	10	21	28	11	2	7	1	5
LOC141453024	492	543	489	479	898	966	902	731
Brr2	2076	1779	2396	2209	3141	2477	2653	2416
mRpS29	721	691	702	624	1031	1096	980	756
LOC141453023	383	369	372	348	611	618	567	522
LOC141453021	1	2	2	5	43	117	33	26
LOC141452130	585	646	690	810	1342	720	701	646
LOC141453562	15	40	21	25	9	13	0	0
LOC141453558	2	4	2	4	2	15	69	2
LOC141453564	1	0	0	0	0	1	0	1
LOC141453563	7	3	6	0	6	3	2	2
LOC141453561	0	0	0	0	0	0	0	0
LOC141453560	0	0	0	1	2	4	0	0
LOC141453565	189	124	205	207	304	230	183	188
LOC141453566	0	2	1	0	0	0	0	0
LOC141453567	0	0	0	0	0	0	0	1
LOC141452239	1	0	0	1	0	0	0	1
LOC141452568	0	0	0	0	0	0	0	0
SERCA	6057	3539	9515	18110	3167	4405	4021	5559
LOC141452767	5	5	5	10	5	6	5	6
LOC141453864	0	0	0	0	0	2	0	0
LOC141452766	544	510	617	714	1023	600	641	799
LOC141453865	0	0	0	0	0	0	0	0
LOC141452768	307	365	361	344	382	428	421	241
LOC141452769	24	15	15	25	30	30	22	9
LOC141452197	57	37	47	115	25	604	752	74
LOC141453068	0	0	0	0	0	1	4	1
stw	2	5	4	5	19	24	19	11
LOC141453736	163	156	208	98	14	36	34	11
LOC141452634	97	111	138	90	83	88	56	55
LOC141452637	198	229	224	162	181	153	115	138
LOC141452631	1051	953	995	917	1077	968	785	760
LOC141452639	3	2	1	4	2	0	0	1
LOC141452630	6475	5952	7727	7383	10427	7694	6747	8010
LOC141452635	2	4	3	3	1	1	2	3
LOC141452638	0	1	4	1	3	2	0	0
Cap-G	399	493	571	362	560	709	368	368
LOC141452633	682	696	649	705	919	869	674	677
LOC141452659	132	194	199	145	62	136	125	71
Mettl5	831	918	924	749	695	638	558	510
LOC141452641	2450	2115	2809	2833	3637	2565	3002	2783
LOC141452663	6	3	4	6	4	6	3	3
cathD	6348	6741	6017	5731	7916	6650	5092	5738
MED8	371	408	393	343	526	466	357	392
LOC141452646	421	359	436	446	737	500	435	551
LOC141452658	349	391	410	326	328	404	265	260
egg	510	471	588	492	696	493	419	503
LOC141452649	440	453	547	575	780	654	681	604
Vav	813	740	920	758	1299	954	900	877
CycG	435	388	451	389	561	379	305	376
LOC141452653	437	484	457	409	655	524	514	454
LOC141452660	221	195	216	213	420	427	357	401
LOC141452643	882	770	1026	920	1109	769	695	756
LOC141452642	2682	3014	3141	2969	3124	3102	2919	2023
BTBD9	422	496	539	488	986	992	916	814
ArgRS-m	300	294	301	313	497	420	398	316
LOC141452645	381	488	474	440	509	489	469	430
LOC141452664	14	16	14	5	9	5	8	6
Ns2	1783	1853	1922	1687	641	639	759	502
LOC141452665	3	5	3	11	5	4	2	7
LOC141452655	271	303	268	279	444	347	313	278
LOC141452657	601	771	666	551	590	601	471	412
alpha-Spec	20922	19462	24720	24631	32541	22329	22424	23670
LOC141452310	33	26	42	39	99	79	48	64
LOC141452305	72	94	100	112	189	95	117	126
LOC141452350	0	3	0	0	0	0	0	1
LOC141453781	0	1	1	0	1	1	0	1
LOC141452322	2	8	5	8	1	9	3	7
moody	1253	1248	1290	1430	2539	1712	1396	1779
LOC141452852	1	1	0	0	0	0	0	0
OR24	0	0	1	0	0	0	0	0
sll	688	676	706	672	1157	1047	937	860
LOC141452319	409	461	465	431	809	663	619	639
LOC141452337	145	210	179	131	291	377	303	213
LOC141452314	75	84	85	52	90	79	103	85
LOC141452300	12	19	24	31	44	21	12	43
LOC141452354	13	15	34	15	17	19	9	38
LOC141452349	29	19	74	47	70	47	20	81
LOC141452317	9	2	12	7	3	3	6	4
LOC141452277	7	0	3	2	3	1	2	0
LOC141452278	2	7	13	1	10	12	3	8
LOC141452323	12	15	25	26	23	20	5	37
LOC141452282	6	8	16	0	2	6	3	11
LOC141452306	96	68	81	84	139	42	39	74
LOC141452304	1146	840	1006	1086	1485	636	763	860
Gp210	849	596	1038	927	1340	1237	1206	1126
LOC141452318	298	239	314	271	437	380	316	347
LOC141452339	16	18	15	25	29	46	37	36
LOC141452321	90	80	120	91	113	92	63	64
LOC141452299	2	0	0	3	1	0	0	0
LOC141452327	0	0	0	0	0	0	0	0
LOC141452312	0	0	0	0	0	0	1	1
LOC141452326	65	49	76	76	100	85	70	70
LOC141452311	22	11	51	30	33	34	56	55
LOC141452320	8	7	24	8	16	16	16	21
LOC141452313	1840	1399	1785	1858	2350	1427	1353	1453
LOC141452343	226	227	215	196	360	277	250	209
LOC141452330	613	611	750	621	714	450	424	490
LOC141452298	968	838	1027	1035	1138	606	539	605
LOC141452352	0	0	0	0	0	1	1	1
LOC141452402	14	82	55	41	38	17	9	28
LOC141452220	0	1	0	0	1	0	0	0
LOC141452344	0	2	0	0	0	1	0	1
LOC141452347	2249	2368	2722	2793	2745	1731	1224	1789
LOC141452353	15	9	15	21	17	3	3	12
LOC141452346	4	0	4	1	0	0	0	0
LOC141452283	29	0	32	60	5	1	8	41
lin-52	122	116	136	138	240	209	168	160
LOC141452338	9	14	9	14	27	9	3	4
LOC141452309	7	8	12	12	11	18	4	5
LOC141452325	5	8	7	2	12	7	7	2
LOC141452315	434	307	437	403	563	268	302	418
mRpL17	161	205	204	212	395	260	291	319
LOC141452185	554	587	640	541	725	679	659	573
LOC141452333	8	3	2	3	7	3	2	8
LOC141452186	0	0	0	1	4	2	2	1
LOC141452336	0	0	0	0	0	0	0	0
LOC141452341	0	0	1	0	0	20	64	0
LOC141452340	581	1193	1108	1080	438	1731	707	567
LOC141452345	122	207	198	162	63	311	97	79
LOC141452348	1	1	0	0	0	4	0	0
LOC141452342	3	1	2	0	0	0	0	0
LOC141453711	3	0	1	2	0	1	3	4
LOC141452303	3	2	10	5	9	8	11	8
LOC141452329	5	0	6	1	11	2	2	3
Mcm3	90	145	124	105	305	438	280	238
LOC141452332	3	2	2	12	10	5	6	7
LOC141452296	494	380	629	569	668	541	636	572
mlt	1003	760	1136	1081	942	695	511	579
LOC141452351	14	6	9	26	24	30	39	20
LOC141452324	97	153	135	138	222	440	353	236
LOC141452295	1227	983	1268	1404	2265	962	1132	1431
LOC141452415	1	2	6	4	8	2	1	10
LOC141452218	9	11	38	3	13	14	16	20
LOC141453132	0	1	4	0	1	1	2	2
LOC141453875	1	0	0	0	0	0	0	0
LOC141452355	1	0	0	3	0	0	0	0
LOC141452302	8	8	10	6	8	9	6	4
LOC141452335	0	0	2	0	1	0	0	0
Ms	767	609	718	789	1446	807	724	1107
LOC141452284	0	0	0	0	1	0	1	1
LOC141452773	0	0	0	1	0	0	0	0
LOC141453287	3705	2933	3790	3458	4780	3046	3155	3032
LOC141453289	2	1	0	1	2	0	4	1
LOC141453288	1521	1507	1505	1642	2114	2018	2266	2028
LOC141453290	1	1	1	2	4	1	5	4
LOC141452124	63	56	71	56	41	43	51	36
Pka-C1	4012	3490	4869	4750	7267	4787	4787	5401
LOC141453633	0	0	0	0	0	0	0	0
LOC141453876	0	0	0	0	0	0	0	0
LOC141453157	3	1	2	3	5	0	3	2
LOC141453611	0	0	0	1	0	0	2	0
LOC141452969	0	0	0	0	0	0	0	0
LOC141453286	0	0	0	0	0	0	0	0
LOC141453731	0	0	0	0	0	0	0	0
LOC141452469	0	1	2	2	2	0	1	2
LOC141453730	0	0	0	0	2	0	0	2
LOC141452552	0	1	0	1	0	0	0	0
LOC141452551	0	0	0	1	1	0	0	0
LOC141453261	0	0	0	0	1	0	0	0
LOC141452553	2	1	1	3	4	3	2	1
Dh31	4288	4044	4225	4006	7089	4611	3646	5490
LOC141453735	1	0	0	3	3	1	0	2
LOC141453733	0	1	1	3	3	0	0	2
LOC141453732	4	0	1	2	0	1	0	6
LOC141452607	2	2	3	5	5	1	2	1
TRNAI-UAU_1	0	0	0	4	3	0	0	1
LOC141453728	0	0	0	0	0	0	0	0
LOC141453678	27	13	18	15	37	40	40	40
LOC141453677	19717	19670	25053	22508	24786	15431	12509	18105
LOC141452573	63	7	10	10	19	9	481	7
Coprox	1019	1025	1089	1008	1263	1203	1210	933
Tomosyn	5774	4909	6358	5963	8796	5328	4980	6081
ATPsynB	4586	4928	4844	4221	4387	4345	3896	3615
LOC141452450	1890	1736	1982	1840	2286	1644	1501	1644
LOC141452453	144	124	183	158	85	176	118	93
mRpL49	141	154	159	174	357	316	260	280
LOC141452459	0	0	0	0	0	0	0	0
LOC141452458	25681	40757	29850	23957	36	10502	8317	648
LOC141452456	306	310	450	472	625	552	412	563
LOC141453430	0	0	1	0	0	1	0	0
LOC141453661	760	674	820	652	566	411	198	295
LOC141453667	5	8	3	8	2	2	1	4
LOC141453664	10	2	2	1	4	2	9	2
LOC141453666	8	14	13	6	5	2	0	0
LOC141453663	1	0	2	0	0	0	1	1
LOC141453322	5557	7509	12225	4980	956	3694	2902	1269
LOC141453318	119	278	394	184	37	171	92	53
LOC141453320	0	0	3	6	1	1	5	0
LOC141453317	0	0	0	0	0	0	0	0
LOC141453319	224	4	8	96	8	2	227	7
LOC141453316	1	2	0	0	0	1	5	1
LOC141452288	0	0	0	0	0	0	0	1
LOC141452426	1	0	0	0	0	0	0	0
spri	2646	2038	3030	3148	4143	2321	2531	2849
GR13	2	2	4	1	1	1	0	5
GR12	1	0	1	0	0	0	0	0
LOC141452582	51	44	98	84	129	47	33	35
LOC141452579	705	658	874	885	1231	947	1022	816
LOC141452578	10	14	18	8	7	10	13	9
LOC141452588	0	0	0	0	0	0	0	0
LOC141452389	0	0	12	14	0	0	2	0
LOC141452202	0	0	1	0	0	0	0	0
LOC141452201	23	82	41	14	5	19	11	3
LOC141452366	0	0	0	0	3	1	0	1
LOC141453152	0	0	0	1	0	0	3	5
LOC141452285	27	7	29	24	17	55	40	56
LOC141452367	56	119	77	84	124	49	44	88
LOC141452390	23	21	16	19	37	36	8	14
LOC141452774	1	8	4	9	13	9	4	2
LOC141452289	0	0	0	0	0	0	0	0
LOC141452131	0	0	28	2	50	25	29	23
LOC141453820	2	3	0	2	10	1	11	28
LOC141453818	1	4	2	0	3	1	3	0
LOC141453819	0	0	1	0	0	0	0	0
LOC141453817	1	0	1	1	0	0	0	0
LOC141452290	0	0	0	0	0	0	0	0
LOC141453216	0	0	0	0	0	0	0	0
LOC141452126	22	109	180	172	313	113	124	369
LOC141452127	2	10	10	10	7	7	0	6
LOC141452128	25	12	27	28	39	16	60	57
LOC141452467	211	1	66	188	2	0	13	10
LOC141452725	38	43	36	43	18	10	6	15
LOC141453069	0	0	0	0	0	0	0	0
LOC141452729	37	68	80	69	434	145	236	216
LOC141452727	594	571	626	642	981	702	777	745
Actn	16803	18418	20069	18264	7120	11044	9659	5916
LOC141452413	0	1	1	1	0	2	0	2
LOC141452728	5	7	10	9	3	9	3	1
LOC141452959	0	0	0	0	0	0	0	0
Blimp-1	18	23	29	31	173	107	60	104
LOC141452196	3	13	13	8	10	18	11	10
LOC141453096	0	0	0	0	0	0	0	0
lin-28	53	57	66	54	73	47	46	47
byn	0	0	0	1	3	2	0	1
LOC141453296	297	331	313	368	579	398	329	398
LOC141453305	8	6	8	13	9	2	7	6
Ogdh	6103	5389	7067	7422	7903	6013	5358	6611
LOC141452293	0	0	0	0	0	0	0	0
LOC141453297	285	463	364	372	683	1632	1488	850
LOC141453307	2451	2958	2545	2350	2951	3965	3301	2434
Cep164	1187	874	1305	1272	1852	1057	1141	1382
Tip60	171	183	185	185	323	277	214	205
Zasp52	3062	2649	3660	4032	1735	1628	2256	1577
LOC141453310	273	113	278	286	428	148	273	382
Blos2	279	301	300	326	507	436	477	358
LOC141453298	40	44	53	39	86	101	31	52
nudC	933	1135	1052	887	975	1068	925	805
LOC141453311	4	0	3	3	6	4	7	3
LOC141453306	38	54	47	50	37	31	29	39
LOC141453302	0	0	0	0	0	0	0	0
LOC141453309	0	0	0	0	0	0	0	0
LOC141453300	801	824	1025	1120	1545	1131	1159	1157
LOC141453303	1228	1302	1309	1353	2007	1804	1696	1613
AANATL7	2145	1291	1818	1893	3940	2561	3086	3202
LOC141453314	198	241	199	211	403	424	427	384
eIF5	10369	9819	11367	11175	15985	12886	11704	12160
LOC141453315	720	697	709	699	1202	887	707	728
Klc	3872	3398	4451	4311	6273	4119	4199	4634
LOC141452372	0	0	0	1	0	0	0	0
LOC141452371	0	0	0	0	1	0	0	0
LOC141452445	0	8	6	1	6	4	2	6
LOC141452709	0	0	0	0	0	0	0	0
LOC141452708	0	0	0	0	0	0	0	0
LOC141452601	0	0	2	0	0	0	0	0
LOC141453131	0	0	0	0	0	0	0	0
LOC141452576	1	0	2	1	2	1	0	1
LOC141453874	0	0	0	0	0	0	0	0
LOC141453134	0	0	0	0	0	0	0	0
LOC141452807	0	0	0	0	0	0	0	0
LOC141452808	0	0	0	0	0	0	0	0
LOC141453612	0	0	0	1	0	0	0	0
LOC141453133	0	0	0	0	3	0	0	0
LOC141453067	0	0	0	0	0	0	0	0
LOC141452123	0	0	0	0	0	0	0	0
LOC141452571	0	0	0	0	0	0	0	0
LOC141452724	3	1	4	6	1	2	0	6
LOC141453689	0	0	0	0	0	0	0	0
LOC141452574	2	3	1	1	3	0	4	1
LOC141452245	268	256	277	307	607	645	576	507
LOC141452243	308	275	320	303	574	466	381	386
LOC141452244	418	428	422	467	761	592	523	559
LOC141452241	6917	6141	7917	8087	9868	8829	8622	7939
LOC141452242	7714	7888	8560	8594	23820	15884	15243	19581
LOC141452246	726	697	761	635	1103	1174	1400	663
LOC141452250	14	19	14	14	1	2	1	0
LOC141452251	2	2	2	2	0	2	0	0
LOC141452279	11	8	14	0	0	1	2	1
LOC141452280	0	0	0	4	0	0	0	0
LOC141453877	0	0	0	0	0	0	0	0
LOC141452368	0	0	2	2	1	0	0	0
LOC141452602	7	22	7	7	3	6	4	0
norpA	3287	2616	3438	3815	4516	3084	3585	3621
LOC141452433	4372	3617	4918	4943	8174	4334	4469	5202
LOC141452444	2	6	3	0	1	0	1	0
LOC141453585	9	2	15	8	10	4	0	8
LOC141452443	5	7	13	16	14	8	12	10
THADA	548	459	613	643	907	697	784	685
LOC141452414	147	280	256	205	50	511	595	65
LOC141452667	0	0	0	0	0	1	0	1
LOC141452437	1	7	1	5	2	6	5	1
LOC141452440	768	891	868	702	1218	1220	1187	929
Agpat1	944	931	1099	998	1640	1061	965	1241
LOC141452442	443	496	501	520	694	608	475	517
Trmt6	238	225	284	220	310	381	399	258
LOC141452438	213	201	190	180	274	314	304	234
Sec22	322	316	314	346	652	777	902	551
Sec16	4002	3369	4699	4422	4860	4040	4512	3935
LOC141452356	64	94	66	61	37	34	27	43
LOC141452432	1	1	2	0	3	0	0	3
LOC141452434	212	25	162	225	62	35	1366	1830
LOC141452604	8	9	6	4	10	12	4	5
LOC141452120	0	0	0	0	0	0	0	0
LOC141452446	459	471	446	431	157	503	453	195
LOC141452447	7	11	10	19	22	10	10	10
LOC141452448	0	0	1	1	1	0	3	0
Sem1	558	651	583	594	821	734	652	666
LOC141452460	429	365	433	396	515	313	374	266
LOC141452463	4	15	10	2	0	1	2	2
LOC141452465	0	3	2	0	0	0	0	0
LOC141452466	0	0	0	0	2	0	0	0
LOC141453424	0	0	0	0	0	0	0	0
LOC141452464	92	9	71	146	15	1	85	166
LOC141452471	241	249	364	401	609	264	308	313
LOC141453222	0	0	0	0	0	0	0	0
LOC141452472	1	0	0	0	0	0	0	0
lap	3740	3383	4378	4192	6656	4510	4472	4952
LOC141452505	9	5	14	6	8	6	6	10
LOC141452506	1	0	13	7	9	4	1	9
CycK	402	388	416	403	752	705	621	614
Pez	355	324	385	441	558	334	441	361
LOC141452507	2948	2476	3348	3496	4308	3066	3483	3508
LOC141452511	0	3	1	5	3	2	6	4
RfC38	566	752	630	517	504	607	452	382
LOC141452509	575	614	711	688	895	722	661	613
RpS27A	3017	3477	2993	2610	2666	3674	3327	2487
Ip259	813	996	978	892	965	1527	1506	989
LOC141452523	1016	1049	1294	1265	1869	1195	1012	1336
Teh4	185	152	235	201	351	183	165	207
Teh2	2723	2371	3101	3106	4490	2479	2398	3192
Teh3	663	449	836	837	1040	561	698	868
Unc-76	4152	4117	4547	4461	6697	4244	3828	4641
LOC141452531	280	317	299	317	533	416	333	332
slpr	1027	1007	1319	1255	1532	1128	1127	1132
eEF1gamma	7220	8679	7579	6441	5576	9443	8330	5406
LOC141452535	1172	1263	1226	1171	1731	1918	1698	1299
pcx	1956	1748	2195	2011	2414	2018	2126	1711
LOC141452532	624	625	704	693	1010	874	899	847
LOC141452529	2327	2857	2997	2340	2611	2627	2266	2056
LOC141452533	133	139	163	135	178	249	193	174
LOC141452536	342	316	372	340	446	376	325	323
LOC141452534	1545	1873	1698	1384	1526	2050	1875	1159
mnb	477	384	640	640	764	437	533	635
LOC141452537	572	479	567	532	723	584	536	522
LOC141452577	0	5	3	1	3	8	1	2
LOC141452563	1764	2042	2103	1871	1624	1908	1876	1168
shtd	1024	820	1057	944	1269	985	1077	1012
LOC141452559	2	10	10	5	12	9	4	11
SrpRalpha	1500	1443	1605	1643	2575	2799	2702	2058
LOC141452562	465	455	584	557	779	647	622	628
fs(1)N	86	75	58	62	113	46	48	64
DAAM	2093	1668	2181	2147	4088	2429	2454	3021
LOC141452565	0	0	0	0	0	2	1	0
LOC141452357	0	1	0	0	3	0	0	1
LOC141452564	19	11	13	2	10	11	4	5
LOC141452561	7	12	15	8	25	16	12	21
LOC141452566	3	2	3	2	1	0	2	0
LOC141452585	437	265	465	381	643	293	410	535
LOC141452628	2	1	7	1	5	0	0	1
LOC141452586	0	0	0	0	0	0	0	0
LOC141452584	19	11	20	29	34	70	51	37
LOC141452587	5	3	2	3	6	11	4	1
LOC141452618	140	4	80	123	90	60	146	136
LOC141452616	64	25	64	75	35	69	131	81
LOC141452615	5676	6755	5305	4366	4	8150	9564	260
LOC141452623	131	87	106	98	34	98	91	67
LOC141452617	1077	2195	1589	1221	8	1110	1034	21
LOC141452613	13	6	9	15	5	10	9	10
Alg13	177	159	157	179	301	232	231	221
LOC141452621	676	752	750	728	1239	854	714	818
Tim9a	336	369	369	326	470	565	446	397
LOC141452611	101	199	228	146	31	150	90	49
Setd3	592	469	605	734	974	668	807	797
LOC141452609	16	6	8	17	18	12	18	12
LOC141452612	533	526	589	450	477	469	407	361
LOC141452608	1206	1151	1438	1417	2205	1740	1805	1729
LOC141452624	193	122	197	198	214	161	156	211
Pits	3918	3146	4243	4464	5376	3631	3396	4227
LOC141452626	3	8	4	4	4	2	2	4
TRNASTOP-UCA	0	0	0	1	0	0	0	1
LOC141452841	0	0	0	1	4	6	1	1
LOC141452806	0	0	1	0	0	0	0	0
LOC141453043	0	0	4	3	0	1	1	0
LOC141452675	226	227	210	226	439	251	244	334
LOC141452689	2	0	0	0	1	1	0	1
LOC141452680	0	3	1	0	0	2	0	1
LOC141452676	1	0	2	2	2	0	1	3
Arl6	3	0	0	0	0	0	1	0
LOC141452687	0	0	5	0	1	3	1	4
LOC141452688	1	0	0	0	1	5	1	1
LOC141452685	0	2	4	0	2	1	1	0
LOC141453070	0	3	1	1	1	0	0	3
LOC141452668	4	5	12	3	6	4	1	4
LOC141452669	1	1	12	1	1	8	0	1
LOC141452674	506	827	915	616	60	1367	795	127
LOC141453880	0	1	1	0	0	0	2	0
LOC141452684	2	2	14	3	1	3	0	1
LOC141452671	980	1003	1285	1152	1090	897	824	802
LOC141452683	16	12	16	20	13	11	16	14
LOC141452670	1663	1281	1819	1802	2747	1581	1548	1947
Akt	916	756	904	1064	1173	1114	1181	1014
LOC141452681	33	20	45	57	32	61	24	28
LOC141452677	245	292	297	221	329	267	240	269
LOC141452691	2767	3194	3386	3056	5913	3855	3248	4023
LOC141452692	1	5	3	10	15	5	5	6
gdl	185	177	189	134	149	156	118	145
LOC141452698	1393	1161	1172	1216	1592	2490	3096	1351
Polr3B	414	389	509	449	864	740	803	742
TyrRS	920	933	974	818	1366	1461	1265	1205
LOC141452700	269	270	339	311	467	365	406	395
LOC141452707	54	59	49	63	94	91	77	54
LOC141452706	14	4	19	12	22	7	14	14
LOC141452705	70	73	76	74	91	126	61	52
Pdxk	647	662	644	641	930	1088	963	685
LOC141452701	21	40	27	36	99	111	59	64
LOC141452693	191	148	162	142	201	140	161	129
LOC141452697	1287	1473	1429	1385	2139	1923	1843	1763
LOC141452699	2972	2390	3614	3389	4467	2479	2391	3374
LOC141452712	4	0	0	1	0	1	0	0
Pus7	273	228	289	271	448	351	302	305
C901	364	501	434	359	876	594	305	422
LOC141452772	0	2	0	1	0	0	0	1
LOC141452736	0	0	0	0	0	0	0	0
LOC141452713	1	0	0	0	1	0	0	1
LOC141452716	0	0	4	0	1	0	0	0
LOC141452714	4	0	5	8	1	0	7	0
LOC141452715	3	0	0	1	0	3	0	7
LOC141452737	0	0	0	1	0	0	0	0
LOC141453153	18	21	5	1	4	0	0	0
LOC141452730	152	119	161	131	194	158	144	179
alphaCOP	1803	1995	2212	2248	3828	3891	4039	3111
LOC141452733	209	222	310	319	400	284	390	368
LOC141452732	391	600	759	434	166	345	324	159
LOC141452734	13	28	15	25	41	26	16	24
LOC141452756	967	907	873	861	1291	776	618	826
LOC141452757	13	11	6	15	17	8	23	13
LOC141452762	63	60	55	64	94	61	46	36
LOC141452760	37	42	58	54	60	92	55	55
PCB	2380	2302	2902	2522	1537	1138	1087	964
LOC141452751	2	3	0	0	0	0	1	0
pdgy	182	148	176	197	88	79	129	42
LOC141452763	2	0	6	1	2	0	2	1
Hsl	665	759	826	793	1282	970	888	840
LOC141452761	558	499	538	498	739	449	418	465
Sik2	806	584	956	972	1353	733	965	1065
Rpt3	1144	1336	1362	1214	1919	2047	1855	1532
LOC141452771	4	2	4	12	0	0	0	6
LOC141452783	0	0	0	0	12	1	3	10
LOC141452738	0	0	0	0	0	0	0	1
LOC141452782	7	2	3	8	5	5	5	8
MCU	407	369	502	508	714	444	519	586
LOC141452777	2642	2053	2254	3101	5492	3743	4639	4649
LOC141452781	1	0	1	0	7	2	5	1
IFT57	32	1	43	4	1	2	4	44
Fas2	3303	2984	3864	4215	5208	3419	3356	3991
LOC141452784	1	0	6	4	4	5	1	3
LOC141452794	0	0	1	1	1	1	3	0
LOC141452793	1	3	3	3	2	0	1	1
LOC141452792	53	4	0	0	1	1	48	0
LOC141452821	1955	83	46	45	11	4	497	7
LOC141452820	42	11	41	75	39	8	19	36
LOC141452824	43	22	33	37	23	11	10	6
LOC141452825	10	18	0	0	1	5	3	0
LOC141452822	5	32	9	39	22	13	12	11
LOC141452823	5	0	6	3	3	0	0	7
LOC141452819	25678	22853	26009	27613	35248	23984	21625	29925
LOC141452827	80	52	75	90	20	49	164	142
LOC141452828	1371	208	571	1318	259	1256	5050	5235
LOC141452826	295	18	114	316	79	157	1065	1399
LOC141452829	0	0	0	0	0	0	0	0
LOC141452861	91	101	124	128	189	132	99	111
LOC141452856	1031	875	1003	1060	1382	1560	1550	1189
Mf	1830	2227	2794	3527	663	825	736	875
RpL7A	6835	8128	7171	6067	6044	8355	7167	5460
drosha	887	920	1093	1065	1809	1347	1409	1290
bif	731	1018	968	958	1186	1171	1127	874
LOC141452858	429	404	420	391	425	468	465	387
LOC141453123	0	2	1	2	1	0	0	0
LOC141452857	106	86	179	184	265	142	162	192
LOC141452470	6	1	5	5	6	5	4	3
LOC141452862	2	0	0	0	0	0	0	0
LOC141452850	2	1	3	2	7	4	4	13
cm	193	203	185	207	375	378	418	331
LOC141452875	6	3	4	2	11	7	2	2
LOC141452866	4421	3975	4639	4248	3273	2574	2471	2663
LOC141452865	329	352	391	348	259	167	139	166
LOC141452872	813	687	692	801	1010	826	665	783
crb	1552	1289	1621	1700	1707	1415	1426	1181
LOC141452868	723	595	837	785	865	676	650	648
LOC141452874	0	1	0	3	0	2	1	1
LOC141452873	38	43	65	47	34	21	27	49
LOC141452870	13	11	22	20	40	48	34	35
Fbl6	1167	1032	1476	1297	1735	1044	1034	1238
raw	1261	1329	1493	1366	1991	1281	1088	1446
LOC141452739	0	0	0	0	0	0	0	0
LOC141452892	53	53	62	43	76	51	71	57
Cyt-b5	2191	2388	2467	2340	3875	3776	3386	2887
LOC141452894	1079	1178	1263	928	944	1453	1154	603
LOC141452897	69	93	108	77	62	37	41	53
LOC141452896	531	440	693	781	607	763	775	486
LOC141452883	958	1081	1308	1092	1281	816	896	991
LOC141452899	46	71	56	62	50	42	58	76
LOC141452888	1	1	1	1	0	0	1	2
Cap-D3	224	209	233	235	357	323	328	276
LOC141452889	3349	3091	4065	4688	6025	3962	3813	4250
LOC141452901	0	3	0	1	0	0	5	1
LOC141452740	41	36	35	26	20	14	13	10
LOC141452893	712	723	796	744	1541	1292	1221	1219
Nup214	1382	1159	1581	1330	1967	1596	1651	1577
LOC141452877	5115	3333	5546	5757	7688	4043	4782	6461
LOC141452902	0	0	0	1	5	3	1	0
Dcr-2	1723	1594	1904	1827	2987	2484	2596	2339
TfIIEalpha	398	408	420	374	542	445	405	375
LOC141452890	285	230	305	246	448	459	358	315
PCNA	323	372	313	350	732	971	651	654
LOC141452906	499	473	509	545	637	572	473	447
mad2	22	21	17	17	51	72	34	40
RpL18A	3012	3261	2782	2514	3240	4286	3923	3062
LOC141452904	369	329	386	326	477	373	357	334
LOC141452912	586	646	699	692	909	1007	875	684
LOC141452909	292	302	315	301	391	466	343	320
Baldspot	594	925	1032	1576	734	3525	3504	1029
LOC141452907	623	578	753	727	1227	750	704	865
MFS9	79	72	113	106	91	81	60	102
LOC141452903	0	3	1	1	1	1	0	1
LOC141452915	164	103	137	120	257	162	152	205
LOC141452914	4	0	1	3	1	2	0	5
LOC141452916	1	0	1	0	0	0	0	1
LOC141452917	1	0	0	0	3	0	3	0
sbm	4124	3756	4747	4562	5509	3958	3513	3252
LOC141452925	15	7	28	16	21	7	9	14
Snm1	1416	1166	1387	1335	1635	1105	950	982
B9d1	49	47	84	61	69	45	49	60
LOC141452924	3	2	3	3	8	5	4	7
BRWD3	770	731	875	873	1213	1061	1151	881
Dhdds	242	291	250	250	502	489	540	445
cv-d	233	344	486	266	152	484	557	235
LOC141452928	737	746	783	784	1323	1187	882	952
LOC141452927	1095	494	598	746	914	588	511	629
LOC141452931	275	276	340	288	641	393	472	532
LOC141452929	354	236	241	344	503	253	190	240
LOC141452930	161	122	152	111	149	97	68	105
LOC141452974	114	103	147	137	226	142	120	125
aft	264	238	311	306	500	349	341	342
LOC141452975	515	433	565	482	682	501	454	446
Cip4	1379	1273	1583	1640	1929	1329	1448	1468
LOC141452977	0	0	2	0	0	0	1	0
LOC141452970	9	11	2	5	8	4	4	0
Hr39	1217	1026	1466	1379	2117	1516	1428	1680
LOC141452967	10	14	42	12	27	22	14	45
hyx	295	337	319	341	498	442	419	347
LOC141452984	2	5	3	2	3	2	1	4
LOC141452851	0	0	0	0	0	0	0	0
LOC141452993	7	1	4	11	7	4	7	11
LOC141453097	1	1	0	4	0	0	0	0
LOC141453027	1487	1145	1587	1638	2409	1327	1310	1652
LOC141453028	7	2	5	1	12	3	0	5
LOC141453002	0	0	0	1	0	0	0	0
LOC141452741	8	0	2	28	1	4	0	7
LOC141452742	3	0	0	1	0	0	0	0
LOC141453405	139	5	0	0	0	0	37	0
LOC141452968	14	0	0	0	0	0	14	0
LOC141452832	62	3	0	0	4	0	19	0
LOC141453120	7	0	0	0	0	0	1	0
LOC141453040	113	4	0	0	0	0	211	0
LOC141453039	47	1	0	0	1	0	44	0
LOC141452570	102	3	0	0	0	0	71	0
LOC141453412	330	13	0	0	0	0	119	0
LOC141453042	157	8	0	0	0	0	27	0
LOC141453041	0	0	0	0	0	0	2	0
LOC141453484	45	0	0	0	0	0	47	0
LOC141453044	109	1	0	0	0	0	52	0
LOC141453048	42	3	0	0	0	0	8	0
LOC141453046	61	1	3	1	0	0	16	1
LOC141453045	145	6	0	1	2	1	65	0
LOC141453050	204	256	236	215	322	318	243	290
LOC141453054	401	417	430	409	610	744	575	533
Ctr9	1005	864	1027	1080	1512	1203	1317	1148
LOC141453053	290	374	336	264	426	588	447	331
GCC88	1571	1641	1965	1647	678	567	678	511
LOC141453052	3714	3734	4052	3660	6601	4980	5138	5178
LOC141453059	0	0	0	0	0	0	0	0
hrm	1824	1850	2041	2227	2294	1233	1368	1384
SdhC	879	944	924	981	1392	1130	885	1070
SmD2	188	219	224	203	479	492	448	405
LOC141453061	704	790	738	708	1087	1326	1137	957
Mps1	129	106	153	160	257	255	243	181
LOC141453063	701	802	749	640	711	800	542	545
LOC141453062	120	126	124	116	247	254	236	217
CycE	2	1	1	1	2	2	3	0
PIG-S	484	525	600	546	1065	1222	1105	888
LOC141453060	35	27	31	28	41	28	13	15
LOC141453088	15	10	6	9	23	15	4	5
LOC141453086	49	10	30	43	33	33	19	19
LOC141453089	122	2	46	102	166	56	54	37
LOC141453091	6	4	0	4	4	1	1	0
NO66	342	503	433	434	795	1019	1097	705
LOC141453090	393	344	387	395	450	280	296	368
LOC141453093	16	9	4	13	19	11	9	19
LOC141453092	10	11	16	14	15	5	6	7
ASPP	885	609	1116	1021	1284	688	865	1055
LOC141453095	164	344	194	154	0	724	655	15
LOC141452743	1564	2948	2111	1927	0	7203	6383	138
Polr2F	771	842	843	860	1594	1392	1225	1220
LOC141453108	181	148	227	171	284	179	198	196
Obp73a	52	79	69	43	90	85	99	67
LOC141453106	221	196	229	233	487	393	330	352
TrpRS-m	307	407	359	367	527	577	499	396
ATPsyndelta	1674	1760	1634	1458	1829	2006	1776	1450
LOC141453116	25	20	17	40	29	26	36	19
LOC141453101	78	72	84	63	134	64	70	55
LOC141453100	1723	1609	1492	2146	2877	1838	2216	2380
LOC141453102	956	1190	1283	1203	1389	1123	1162	860
LOC141453104	348	511	377	301	9	499	468	20
LOC141453109	129	100	120	144	483	281	340	552
LOC141453111	141	131	99	86	156	153	95	74
	158	118	91	120	218	185	205	168
LOC141453105	0	0	0	1	1	0	0	0
LOC141453118	0	1	0	0	3	0	4	0
LOC141453098	445	415	449	467	783	621	766	579
LOC141453115	55	58	55	56	74	68	50	51
LOC141453117	0	1	0	2	3	1	1	0
LOC141453119	1	0	0	0	1	1	0	1
Dop2R	776	565	807	785	1270	711	668	1117
LOC141453147	29	47	39	23	22	32	36	18
LOC141453879	0	0	0	0	0	0	0	0
LOC141453144	1677	1332	1665	1975	3750	2298	2704	3008
XRCC1	306	300	348	325	522	416	370	326
LOC141453146	281	302	268	286	448	373	311	265
LOC141453145	475	429	524	510	928	939	868	641
LOC141453148	208	190	174	165	249	161	158	148
LOC141453139	527	553	549	578	921	678	587	681
Psn	167	175	182	215	334	331	408	310
LOC141453143	272	243	278	387	284	271	287	332
LOC141453141	988	684	1328	1375	1776	1270	1899	1730
LOC141453149	63	78	60	58	80	51	51	60
LOC141453136	48	36	32	31	20	46	18	20
LOC141453135	389	356	443	541	620	275	393	367
LOC141453150	0	1	7	0	3	0	2	1
LOC141453200	1621	1451	1950	2017	2248	1685	2028	1600
LOC141453208	6	0	4	0	0	0	0	0
LOC141453198	835	713	912	888	1203	885	902	850
SA1	965	812	1055	1048	1584	1108	1198	1274
Nprl3	331	280	373	345	482	507	486	391
AlkB	392	385	432	405	533	396	362	344
mbt	688	637	811	821	1098	729	692	683
LOC141452744	0	2	1	2	1	0	2	2
LOC141453205	8	4	5	9	10	4	6	4
LOC141453204	285	265	327	226	549	448	340	311
LOC141453206	2	2	2	7	6	3	0	2
LOC141453207	14	6	2	5	11	5	5	5
Dhc64C	5203	4117	6073	6047	9831	6341	7101	8232
LOC141453210	461	448	442	430	787	539	437	557
LOC141453209	102	56	94	70	162	95	64	130
LOC141453214	8	1	8	7	6	11	8	1
LOC141453211	4407	3996	5230	4722	5829	4689	4680	4356
LOC141453215	28	26	31	21	43	39	23	26
LOC141453212	463	427	575	518	665	528	510	452
LOC141453213	166	113	168	227	259	142	165	199
LOC141453226	6	2	3	7	11	1	4	8
LOC141453225	2	1	5	4	4	4	4	3
Nup133	411	427	474	495	1233	1124	1093	891
LOC141453227	1040	894	1005	938	1402	872	931	869
sif	4031	2434	5115	3889	4940	2019	2349	4332
LOC141453230	4	4	9	4	8	5	2	5
LOC141453075	1	0	0	0	2	2	0	0
LOC141453231	6	3	5	9	19	22	7	13
LOC141453237	40	23	23	26	60	28	25	31
LOC141453240	0	0	2	1	2	0	2	2
LOC141453241	13	7	3	8	16	8	11	4
cin	283	399	395	324	489	486	413	392
LOC141453242	6	1	9	0	7	1	6	4
LOC141453235	4109	4058	4866	3925	3566	2905	2677	2633
Pp4-19C	423	456	415	388	651	615	577	504
LOC141453239	344	406	497	535	640	635	777	488
LOC141453232	152	124	146	123	181	216	182	156
LOC141453234	0	1	0	1	1	0	1	0
LOC141453250	0	0	0	1	2	0	0	0
Grx5	518	527	595	603	1074	796	670	808
LOC141453243	916	781	1177	1105	1340	904	1151	1033
LOC141453244	1878	1760	2181	1903	1900	1584	1479	1408
LOC141453251	7165	8887	9903	7459	9463	7912	6178	7781
Rh50	5	0	7	6	4	4	3	5
LOC141453245	179	101	144	168	215	113	108	145
LOC141453253	104	83	84	90	148	142	114	122
LOC141453256	11	21	18	12	24	12	15	20
LOC141453255	75	87	88	80	126	75	89	70
LOC141453254	31	36	43	37	56	46	33	33
LOC141453326	1106	1126	1339	1198	2073	1512	1372	1373
LOC141453329	773	825	885	826	1067	896	853	749
LOC141453328	652	540	811	783	839	683	635	632
LOC141453330	11	18	32	32	41	20	10	15
sfl	1850	1638	2213	2079	2632	2332	2543	1987
LOC141453331	0	3	0	1	3	1	2	2
LOC141453333	211	228	259	180	207	211	167	176
eIF3f1	887	923	921	834	1541	2126	1990	1404
sdt	3582	2959	4134	3968	4759	3236	3757	4003
LOC141453257	459	760	702	514	462	462	600	470
LOC141453258	18	4	11	13	24	17	12	13
LOC141453338	34	74	67	37	1	178	100	3
LOC141453341	37	55	26	20	1	93	142	11
LOC141453339	1	6	1	1	0	27	40	2
LOC141453337	2130	2140	2444	2421	3547	2924	2629	2704
LOC141453345	8	10	4	4	3	3	11	7
LOC141453335	21	15	6	14	24	16	15	14
LOC141453342	98	90	78	97	139	89	65	95
LOC141453343	62	40	52	70	75	49	67	50
LOC141453344	4	1	3	8	16	10	5	15
LOC141453260	11	10	13	14	14	19	13	10
LOC141453264	2474	3009	3160	2956	4307	2995	2513	2793
LOC141453265	125	116	154	113	192	185	155	122
LOC141453270	23	21	20	28	26	8	12	14
LOC141453266	80	105	193	139	128	133	111	122
S2P	2277	2243	2561	2596	4037	2805	2524	2864
spn-D	383	384	415	364	569	389	349	438
LOC141453263	570	806	1065	668	243	521	433	243
Snx3	701	724	723	762	1363	1013	988	1030
LOC141453262	54	57	82	66	62	119	78	73
LOC141453285	25	24	24	20	51	31	29	29
LOC141453282	356	350	430	346	594	433	399	370
Taf12	615	726	779	643	775	848	795	575
LOC141453284	545	561	568	567	869	809	740	700
Trmt61	354	414	414	348	560	554	521	438
dysf	6	8	3	9	13	10	9	8
LOC141453348	8	11	6	8	16	6	12	12
LOC141453291	9	8	3	4	1	1	0	0
LOC141453349	1	13	4	7	11	1	7	5
RpS30	2101	2673	2358	1956	2199	2994	2594	2186
Tango14	139	193	207	206	350	484	463	295
Theg	1	1	2	1	4	1	3	5
Teh1	449	372	560	500	747	469	410	632
LOC141453356	0	3	0	0	2	4	0	1
ClC-b	308	297	455	399	462	438	389	353
LOC141453397	2575	2725	3539	3863	2706	2097	2026	1798
Lmpt	1839	1618	2950	4547	1301	1066	1194	1312
LOC141453404	0	1	1	1	4	1	2	1
LOC141453402	63	61	25	18	19	12	10	10
LOC141452187	40	21	26	19	11	7	12	12
LOC141453382	0	0	0	0	0	0	0	0
LOC141452188	1	0	1	2	0	3	1	0
LOC141453383	0	0	2	0	0	0	1	0
LOC141453399	0	0	2	1	0	2	0	1
LOC141453400	3	4	7	2	2	6	1	0
LOC141452189	0	0	0	0	0	0	1	2
LOC141453401	2	0	2	1	0	0	0	0
Srrm1	6502	6015	6979	6290	9989	8394	7538	6798
LOC141453398	2	2	0	2	2	1	0	1
Coq8	376	391	410	406	634	587	473	472
LOC141453390	252	322	286	263	453	387	294	277
rsh	1272	923	1556	1235	2029	966	1080	1580
LOC141453403	16	15	7	10	10	10	9	22
LOC141453388	664	31	31	10	44	30	149	47
LOC141453387	677	321	768	838	290	3118	2482	364
LOC141453407	2935	1803	1781	3004	2800	1805	4119	2428
LOC141453406	603	582	693	668	803	715	848	663
LOC141452260	711	694	800	830	732	555	591	551
Hers	2528	1919	2872	2578	2729	1621	1715	1941
TRNAG-UCC_2	0	0	0	0	0	0	0	0
TRNAG-UCC_3	0	0	0	0	0	0	1	0
TRNAG-UCC_4	0	0	0	0	0	1	0	0
TRNAK-CUU_2	0	0	0	0	0	0	0	0
LOC141453408	297	452	386	429	558	576	637	533
LOC141452267	1720	1747	1608	1959	1937	1420	1697	1524
LOC141452266	517	546	402	459	528	339	401	367
LOC141452263	0	0	0	0	0	0	0	1
puc	317	334	424	366	405	526	477	304
LOC141452274	2	0	5	2	0	0	1	2
LOC141452264	617	490	496	596	653	496	540	541
tos	541	432	406	483	406	336	232	255
CycA	62	60	70	47	51	53	49	50
LOC141452261	563	609	693	658	1092	847	658	848
LOC141452276	26	14	15	16	27	14	10	6
LOC141452273	23	16	63	38	46	24	36	63
Liprin-alpha	2224	1858	2452	2270	3379	2125	2414	2529
TRNAI-UAU_2	0	0	0	0	1	0	1	0
LOC141452262	208	220	199	223	298	303	255	248
LOC141452271	440	484	461	458	487	498	475	464
Slimp	0	0	0	0	0	0	0	0
LOC141452265	17	15	19	19	30	12	16	9
LOC141452269	9	4	8	12	67	6	7	9
LOC141452268	504	1458	1539	1877	5463	2503	1613	2340
LOC141452275	2	4	4	1	4	4	0	0
LOC141452270	2	1	1	0	1	0	0	1
LOC141452272	1	4	8	3	5	3	0	6
LOC141453420	4	3	9	4	16	9	6	11
LOC141453421	3617	6621	7692	5566	1650	7618	5812	2825
LOC141452745	4	6	11	5	7	5	1	3
LOC141453416	27	19	21	17	62	126	43	45
LOC141453415	1996	1928	2285	2104	2962	2254	1821	2309
mRpL14	80	100	106	99	201	243	225	154
LOC141453419	1	2	4	1	3	2	1	3
LOC141453422	586	427	787	741	623	515	499	513
LOC141452746	2	2	2	2	2	1	0	1
LOC141453506	0	0	0	1	1	0	0	0
LOC141452748	0	0	0	0	0	0	0	0
LOC141453542	10	23	23	25	30	12	8	8
LOC141453543	4	16	2	6	1	37	24	3
LOC141453868	0	0	0	0	0	0	0	0
TRNAY-GUA_2	0	0	0	0	0	0	0	0
TRNAY-GUA_3	0	0	0	0	0	0	0	0
TRNAY-GUA_4	0	0	0	0	0	0	0	0
TRNAY-GUA_5	0	0	0	0	0	0	0	0
LOC141453529	614	555	678	581	902	678	746	537
LOC141453536	2	0	0	0	1	1	0	0
LOC141453530	68	41	57	34	72	61	60	57
LOC141453537	11	18	19	23	28	15	23	30
eag	217	163	264	205	362	166	194	316
LOC141453545	0	4	3	4	11	2	6	8
LOC141453544	2	3	2	1	6	4	1	1
LOC141453531	285	355	521	118	2	40	346	2
LOC141452190	23	33	35	47	6	41	25	9
LOC141453533	6	4	8	2	1	8	2	6
LOC141453547	2	0	1	1	1	1	0	2
GR6	0	0	0	0	0	0	0	0
GR7	3	0	0	2	0	2	0	2
LOC141453538	2	1	4	0	0	0	1	2
LOC141453539	5	0	7	0	4	2	2	2
GR9	1	0	2	0	0	0	1	0
LOC141453535	2	1	1	0	2	0	0	1
LOC141453532	2	1	1	1	2	0	0	6
LOC141453541	4	5	7	6	3	6	0	4
LOC141453546	0	0	0	0	0	0	0	1
mRpL41	244	255	266	219	286	295	251	246
san	678	678	871	766	1228	1216	1240	1069
LOC141453550	3061	2911	3531	3617	5078	3842	3994	3731
LOC141453552	263	257	278	242	517	477	421	364
Arp10	300	294	349	323	549	520	382	409
LOC141453554	1018	1064	1049	995	1234	1032	850	950
LOC141453549	2455	2152	2676	2472	3596	2885	2876	2708
LOC141453557	15	14	12	18	27	28	13	17
LOC141453556	3	0	3	5	6	1	0	0
LOC141453583	25	21	33	21	39	20	26	50
LOC141453587	0	1	2	2	1	0	2	2
LOC141452749	0	0	0	0	1	4	0	1
LOC141453590	295	230	283	305	448	284	276	356
LOC141453593	7	2	6	9	12	10	2	2
LOC141453592	5	2	12	3	11	5	1	6
Appl	9003	6423	11435	11836	14200	7449	9869	12598
LOC141453589	5	0	7	2	3	3	5	5
LOC141452358	0	0	0	0	0	0	0	0
LOC141453613	2423	1660	2681	2553	3561	1792	1833	2703
LOC141453614	3	3	11	4	10	5	1	5
Ugalt	269	296	275	341	489	676	644	408
LOC141453620	1096	894	1325	1081	982	575	535	612
LOC141453621	0	0	0	0	0	0	0	0
LOC141453638	1389	1111	1500	1330	2236	1385	1371	1549
LOC141453646	6	2	7	5	6	7	6	12
LOC141453643	0	1	0	0	1	1	1	1
TRNAS-CGA	0	0	0	0	0	0	0	0
angel	897	920	1046	1048	1389	1039	907	942
LOC141453645	2116	2034	2234	2181	3663	2737	2378	2887
LOC141453642	658	651	692	589	908	718	714	629
beta-Spec	24920	23182	29756	31749	38318	25533	25835	28396
Vps39	924	874	989	981	1367	1161	1151	962
LOC141453639	667	534	633	767	661	543	636	516
pasha	290	286	290	261	335	270	318	208
LOC141453647	0	0	1	0	0	0	0	0
LOC141453650	26	16	30	36	59	23	19	17
LOC141453651	7	2	0	2	1	1	6	2
LOC141453655	1398	1205	1561	1477	2276	1573	1696	1795
LOC141453653	1450	1316	1585	1511	2000	1506	1387	1415
LOC141453657	1	1	0	2	0	0	0	0
Ork1	705	818	1088	768	429	782	890	316
LOC141453656	405	477	431	456	761	546	492	509
IP3K2	790	940	992	1097	1450	1118	1112	977
LOC141453654	294	629	691	355	568	593	601	444
LOC141453658	2	0	0	1	1	7	4	0
LOC141453659	4	11	10	12	5	2	2	1
LOC141453909	41	57	119	116	132	43	70	55
LOC141453910	0	0	0	0	0	0	0	0
LOC141453911	0	0	0	2	0	0	0	0
LOC141453998	322	272	383	362	621	365	295	386
LOC141453999	9	4	6	5	2	4	0	3
LOC141454428	1	0	0	3	1	0	0	0
LOC141454457	306	358	401	384	535	454	464	422
LOC141454458	100	156	157	128	178	173	163	165
LOC141454462	66	95	92	86	115	133	120	74
LOC141454460	46	51	82	57	79	69	33	40
Pldn	111	133	124	133	196	201	199	199
ergic53	1790	1724	2161	2280	3957	5859	6615	3594
LOC141454466	10	8	10	3	7	6	10	5
LOC141454464	64	60	57	33	47	50	40	35
LOC141454467	5	0	0	1	0	0	0	0
LOC141454461	0	0	1	0	0	0	0	0
LOC141454429	0	0	0	0	0	0	0	0
LOC141453914	0	0	1	0	0	0	0	0
LOC141453912	47	34	64	41	47	36	40	40
LOC141453913	1	2	1	5	0	2	1	2
LOC141454760	68	53	79	80	141	143	102	73
Nacalpha	5018	5796	5560	4989	3788	3953	3528	3277
LOC141454758	1855	1844	2005	1807	3162	3056	2927	2551
LOC141454420	622	600	580	516	818	620	520	568
LOC141454427	3	9	3	5	4	7	3	2
LOC141454423	309	331	355	376	596	527	431	404
LOC141454418	401	441	428	407	487	493	427	370
mip40	706	722	732	714	1055	758	665	813
mtSSB	230	200	232	206	402	396	335	281
LOC141454419	87	46	58	45	71	39	78	64
LOC141454426	6	7	5	7	7	4	9	5
LOC141454421	17	18	16	14	16	9	14	9
Naglu	306	308	341	287	297	222	178	220
LOC141454417	0	0	0	0	1	3	0	0
LOC141454422	0	0	0	0	1	0	0	0
LOC141454740	440	390	492	440	746	406	428	537
LOC141454738	0	0	3	0	1	0	0	3
LOC141454737	5	5	11	1	6	2	1	7
LOC141454742	0	1	3	0	2	0	1	4
LOC141454741	1	0	5	1	1	5	0	3
LOC141454823	0	0	0	0	0	1	0	2
LOC141454430	3	0	1	5	4	0	1	2
LOC141454367	717	762	844	771	1340	1315	994	1041
Fancm	399	275	396	408	544	345	417	464
LOC141454368	0	5	3	1	1	2	0	2
ewg	1861	1488	2069	1745	2781	1655	1485	1614
LOC141454365	131	119	198	124	95	125	86	57
LOC141454431	4	2	51	5	33	5	8	36
LOC141454362	1196	1010	1287	1326	2416	2032	2127	1913
tou	1089	748	1422	1257	1587	877	961	1209
LOC141454241	1	1	0	0	2	2	0	0
LOC141454240	3	0	0	1	2	1	1	1
LOC141454239	0	4	2	2	0	1	0	1
LOC141454237	33	37	97	44	39	114	238	48
LOC141454236	162	385	234	190	101	172	106	142
LOC141454243	11	19	17	7	21	7	7	5
Cyp18a1	47	41	97	68	61	166	87	47
LOC141453938	103	240	176	93	22	142	54	29
LOC141454432	40	56	43	35	64	35	66	43
su(w[a])	153	166	166	173	240	234	210	214
LOC141454770	127	154	153	104	275	308	354	270
LOC141454771	1	0	1	4	1	0	0	0
TRNAI-AAU	0	0	0	0	0	0	0	0
LOC141454772	0	0	0	0	1	0	0	1
LOC141454192	0	0	0	0	0	0	0	0
MICAL-like	4597	4342	5521	5705	8725	7022	6429	6416
LOC141454545	177	155	200	194	259	245	171	175
mRpL16	172	228	215	214	371	425	348	276
LOC141454394	9071	6661	9960	9476	12797	7064	7453	8446
LOC141454395	83	42	85	65	89	47	56	75
LOC141454074	142	130	162	172	272	163	146	247
LOC141454001	0	1	5	2	5	4	5	4
LOC141454046	3	0	2	1	2	2	0	1
LOC141454558	1	0	0	0	0	0	0	3
LOC141454002	2	1	0	1	0	0	0	1
LOC141454000	0	0	3	0	8	3	0	2
LOC141454347	0	0	0	0	2	0	1	3
TRNAR-UCU_1	1	0	0	0	0	0	0	0
LOC141454087	3	2	4	2	5	4	5	15
LOC141454081	98	135	109	94	194	142	123	152
LOC141454433	14	32	30	33	11	48	29	24
128up	1497	1519	1656	1537	2466	2795	2684	1821
mTerf3	196	160	189	194	325	270	235	252
sprt	84	76	101	95	128	73	88	89
LOC141454088	4	1	0	5	1	5	2	1
LOC141454470	2	4	5	3	4	0	0	0
LOC141454080	975	796	1116	968	1240	754	790	971
LOC141454083	205	237	234	234	260	220	163	163
LOC141454082	63	49	58	60	70	54	53	34
nmo	50	44	80	69	84	83	85	95
Cox10	388	406	510	541	696	844	792	565
LOC141454076	17	15	25	20	23	19	22	14
LOC141454086	33	9	21	11	29	21	14	13
LOC141454084	98	114	130	124	133	132	101	74
LOC141454085	11	16	18	7	26	10	9	16
LOC141454657	12	14	12	5	22	14	12	16
LOC141454661	11	4	4	3	7	5	3	1
LOC141454658	1454	1120	1589	1319	2374	1367	1249	1785
LOC141454554	1	9	5	3	13	4	6	6
LOC141454662	4	3	12	1	15	3	5	18
LOC141454659	16	9	42	56	12	4	2	34
LOC141454663	0	0	0	1	3	0	0	4
LOC141453923	168	425	492	223	248	63	54	427
LOC141454049	0	0	4	6	3	13	29	44
LOC141454225	1	0	5	0	1	1	0	0
LOC141454778	32	19	57	57	59	27	33	38
stops	0	0	0	0	0	2	0	0
LOC141454779	216	223	162	195	324	326	292	211
LOC141454762	58	41	27	51	34	33	20	33
LOC141454761	255	203	276	295	371	196	264	295
Picot	1808	1778	2243	1828	1578	1547	2656	1335
LOC141454542	6	11	11	5	5	5	7	4
LOC141454537	661	588	904	736	1303	660	715	887
LOC141454538	6	3	9	11	21	10	26	20
LOC141454540	2985	7147	3356	3049	1	2187	3291	153
LOC141454223	0	0	0	0	0	0	0	0
LOC141454260	0	0	1	0	1	0	0	0
LOC141454021	0	10	3	2	2	4	3	6
LOC141454023	0	0	3	3	5	1	2	1
LOC141454022	7	6	9	8	14	5	4	9
LOC141454773	1243	1043	1397	1287	1803	956	1078	1364
LOC141454775	0	0	0	0	0	0	0	0
LOC141454774	11	14	12	8	6	3	4	12
LOC141453903	37	27	22	29	55	46	34	23
LOC141453902	154	174	183	151	200	108	104	114
LOC141454111	1333	1521	1619	1282	950	798	710	635
Dus1	1521	1442	1708	1645	2030	1364	1352	1485
LOC141454434	2	1	4	3	6	0	1	0
LOC141454435	1	1	1	0	3	2	0	5
LOC141454116	2	2	3	1	1	1	4	3
LOC141454115	1	0	2	0	1	0	0	2
LOC141454119	204	225	219	194	411	288	317	314
Zdhhc8	376	253	433	422	430	307	389	384
LOC141454128	1	3	1	1	0	0	0	1
LOC141454125	172	162	185	173	252	161	178	190
LOC141454127	68	59	83	78	66	41	45	56
su(f)	569	487	593	510	835	590	622	577
LOC141454129	9	25	29	17	31	15	19	40
LOC141454121	285	322	295	298	465	402	369	356
LOC141454122	152	127	153	141	157	94	95	128
LOC141454124	628	506	619	693	992	601	604	751
LOC141454126	6	5	1	4	5	5	2	2
LOC141454138	319	315	302	376	547	381	276	303
Rbp6	2292	1368	3084	2548	3292	1621	2043	3039
LOC141454352	0	0	0	0	2	0	0	1
LOC141454230	18	4	7	11	14	8	13	12
LOC141454841	0	0	0	0	0	0	0	0
LOC141454594	12	14	11	7	26	10	18	35
PpD3	406	448	480	420	867	1229	1351	774
LOC141454590	340	369	402	344	407	416	299	312
Myo61F	408	990	637	877	401	1843	3105	323
LOC141454567	19	20	18	20	45	21	22	33
LOC141454596	0	0	0	0	0	0	0	0
Uba1	2180	2310	2672	2633	5380	6324	6566	4772
DNAlig1	594	590	648	701	1121	1018	961	850
Prp19	483	533	592	584	1319	1381	1427	1088
LOC141454585	845	870	927	868	1184	1133	999	862
LOC141454564	161	114	172	147	182	92	119	143
Pop5	150	143	151	142	260	274	232	216
Not3	659	637	861	775	1172	890	861	875
LOC141454588	382	417	423	452	866	651	572	647
LOC141454573	78	97	83	84	216	220	244	182
LOC141454592	308	278	299	273	390	265	262	272
LOC141454583	616	485	547	527	767	510	595	504
LOC141454580	4	3	14	6	5	4	5	12
Ctu1	301	327	300	264	597	562	540	513
LOC141454579	223	342	312	248	321	873	930	354
LOC141454597	0	1	0	0	0	2	2	2
LOC141454582	154	145	158	175	83	97	39	59
Hpd	154	344	339	196	53	302	906	41
Nos	2485	554	797	635	1004	549	754	1167
LOC141454380	0	0	1	0	2	0	0	0
LOC141454042	2202	1781	2926	1901	0	5131	3592	313
LOC141454043	275	267	311	111	0	543	382	1
LOC141454599	24	15	35	33	50	20	17	22
Rabex-5	513	557	690	618	942	765	640	748
ND-B14.7	2446	2472	2506	2418	3010	2465	2074	2379
LOC141454589	565	656	655	522	760	791	626	685
LOC141454593	50	57	57	50	71	46	66	33
LOC141454576	604	657	772	690	1010	1574	1484	793
LOC141454600	0	2	0	1	0	2	2	0
LOC141454577	1	0	0	0	2	0	0	1
Tpst	1282	1263	1598	1625	2478	1551	1653	1847
LOC141454350	0	0	0	0	1	2	1	0
LOC141454743	0	2	1	0	0	0	1	0
LOC141454598	1	2	3	2	6	0	3	11
LOC141454569	528	606	651	497	530	689	613	436
LOC141454595	28	28	25	23	27	26	11	25
LOC141454601	3	0	1	0	2	0	0	0
LOC141454691	83	42	71	107	72	66	91	62
LOC141454690	54	60	110	90	67	34	82	33
LOC141454693	11	4	21	13	8	5	15	12
LOC141454692	143	140	131	132	119	79	101	71
mthl1	157	154	190	193	226	222	200	165
LOC141454220	0	0	0	0	0	0	0	0
LOC141454218	0	0	0	0	0	0	0	0
LOC141454217	0	0	0	1	0	0	0	0
LOC141454209	788	533	822	1127	1306	862	685	953
LOC141454216	3	0	0	0	2	1	1	0
LOC141454206	164	120	158	154	235	134	126	127
LOC141454219	4	0	0	1	0	3	3	0
LOC141454215	88	134	110	103	288	405	199	267
LOC141454208	1127	710	530	894	1208	592	1847	412
ksr	1353	1262	1630	1522	2288	1343	1402	1620
mago	289	398	357	320	589	644	585	596
LOC141454213	893	1154	1005	888	772	1049	869	711
LOC141454131	236	248	162	262	319	186	217	257
LOC141454132	10	9	10	18	11	4	10	11
pkaap	855	702	1048	984	1510	1084	1022	1228
LOC141454134	110	97	119	115	102	100	61	60
LOC141454133	7499	8701	11953	10008	12214	5259	8498	5214
LOC141454330	0	0	0	0	0	0	0	0
LOC141454136	0	0	0	0	0	0	0	1
LOC141454137	6	1	7	1	15	6	4	6
LOC141454386	5079	5061	6295	5595	6598	4935	4521	5000
LOC141454385	252	208	229	247	312	237	226	236
LOC141454382	830	891	952	948	1342	1126	904	898
CCHa1	86	133	110	83	181	133	113	115
LOC141454391	31	32	41	55	92	41	62	48
LOC141454390	39	31	60	50	94	30	55	61
chp	84	34	51	94	132	44	93	52
Zwilch	63	63	40	72	139	143	91	88
Ppcs	725	744	773	746	738	792	617	523
LOC141454389	1	1	1	0	0	0	0	0
LOC141454781	291	270	264	248	293	229	182	134
LOC141454782	23	14	34	24	37	24	35	27
LOC141454406	0	0	0	0	1	2	0	0
LOC141454407	712	709	794	809	820	511	465	423
CIA30	314	280	260	251	435	397	324	370
ATPsynC	17161	18806	18062	16456	17534	19729	17358	13725
LOC141454401	206	235	234	217	296	237	228	199
Vps16A	730	824	876	865	1092	982	860	866
Mesh1	155	221	189	151	232	207	173	179
LOC141454399	741	852	872	796	1008	1744	1615	972
LOC141454398	1975	2554	2416	2114	1784	2772	1892	1436
LOC141454408	11	11	13	9	7	9	10	6
rdx	913	748	1173	1174	1607	950	1177	1185
LOC141454163	273	275	247	309	541	633	604	485
p24-1	1476	1534	1704	1713	3227	3626	3752	2452
LOC141454155	6048	5170	7016	6810	10220	6689	6546	7590
LOC141454158	316	308	352	375	626	413	422	489
LOC141454164	10	12	20	26	21	25	20	16
LOC141454161	337	366	379	361	502	492	433	328
LOC141454157	1523	1270	1658	1405	2249	1170	1096	1586
LOC141453904	72	72	66	72	127	76	60	57
LOC141453906	38	26	35	45	59	32	37	58
LOC141454319	35	31	30	34	22	43	33	23
LOC141454700	259	167	584	514	616	424	434	674
LOC141454479	7	7	22	26	24	12	10	25
LOC141454476	1096	923	1268	1268	1406	949	915	1144
Pfdn5	293	350	332	344	578	797	638	481
LOC141454480	58	67	58	93	99	72	56	70
LOC141454477	562	409	340	783	692	411	379	380
LOC141454481	0	0	0	0	0	0	0	0
LOC141454498	8	14	15	26	14	15	21	31
LOC141454493	611	572	655	645	951	583	545	758
Mapmodulin	4057	3750	4629	4135	5883	4701	4121	4194
LOC141454496	124	169	137	125	78	56	59	56
LOC141454497	1	1	5	2	1	0	1	1
Not10	296	277	294	298	506	504	517	483
LOC141454499	171	171	221	202	323	272	255	218
LOC141454500	1244	1186	1582	1635	2456	2448	3109	2186
LOC141454506	1021	1064	1262	1142	1856	1588	1642	1371
LOC141454502	270	306	297	275	411	334	350	336
Amph	2885	2635	3675	3692	5072	3287	3462	3976
LOC141454507	2	0	6	4	8	10	1	5
LOC141454505	255	220	322	336	409	326	385	373
LOC141454504	2168	2109	2334	2269	3748	2910	2681	2738
LOC141454512	339	354	280	336	315	314	272	203
LOC141454513	59	73	60	73	59	41	41	51
LOC141454509	92	155	171	218	76	180	167	93
LOC141454511	83	89	88	100	97	87	76	122
LOC141454515	0	0	0	2	0	0	0	0
LOC141454514	1	0	3	2	0	0	1	0
LOC141454518	43	15	35	58	65	20	30	62
LOC141454524	0	0	1	1	3	3	2	3
LOC141454520	76	52	73	49	72	104	166	49
LOC141454519	1	0	0	0	0	0	0	0
DCTN5-p25	424	311	331	341	543	571	643	415
Pkc53E	3531	2571	4315	3927	5838	3000	3407	4633
LOC141454523	3	0	0	0	0	0	0	0
Taf2	910	842	981	930	1559	1055	1051	1043
LOC141454252	0	0	0	0	0	0	0	0
LOC141454257	29	19	20	15	29	18	7	21
LOC141454255	35	4	27	26	124	32	33	103
rdgBbeta	676	645	796	735	1328	909	1058	1014
swi2	65	75	74	87	124	55	60	82
LOC141454250	204	203	257	219	372	208	239	295
LOC141454259	0	0	0	0	2	0	0	0
LOC141454258	24	20	20	18	16	16	11	12
LOC141454249	6	1	5	1	4	3	5	1
LOC141454254	0	0	1	1	0	0	2	5
LOC141454331	13	3	25	10	31	13	13	35
LOC141454221	0	0	0	0	1	1	0	0
LOC141454436	1	0	0	0	0	0	0	0
LOC141454322	4	2	1	1	1	3	0	5
LOC141454351	2	0	0	0	2	1	2	0
LOC141453968	0	0	0	0	0	0	0	0
LOC141453969	102	113	91	124	129	101	121	109
LOC141454183	106	93	155	132	236	71	94	128
LOC141454167	295	262	402	336	460	256	249	291
LOC141454180	43	26	16	35	21	11	16	7
LOC141454186	0	0	0	0	0	0	0	0
LOC141454181	123	118	164	130	168	106	117	121
LOC141454182	144	178	170	145	160	140	88	97
LOC141454173	137	121	154	137	273	270	333	231
Ciao1	237	236	273	237	354	365	317	276
SNRPG	410	471	456	385	610	631	458	504
LOC141454174	7	8	21	18	11	10	20	17
RpS21	1727	2196	1898	1612	1718	2393	2123	1615
Phf5a	145	124	136	113	161	143	129	111
eIF2Bbeta	143	181	179	145	316	282	268	251
LOC141454166	277	219	279	228	218	138	151	173
dtn	5030	4030	5633	5650	9001	5147	5448	7175
LOC141454184	35	30	56	62	34	23	28	34
LOC141454185	1	0	6	1	1	1	0	2
LOC141454176	2585	2141	2830	2387	3566	2018	1607	2612
LOC141454175	85	149	186	102	3	81	96	7
LOC141454171	346	344	402	308	329	282	224	237
LOC141454620	120	158	147	115	168	112	126	115
LOC141454619	105	88	94	141	200	95	81	117
LOC141454617	0	2	0	4	0	3	0	0
l(3)80Fj	2187	1927	2681	2642	4474	3484	4177	3636
LOC141454616	322	290	309	325	548	400	339	365
LOC141454805	4	8	5	1	2	4	6	0
LOC141454803	48	1	36	66	33	27	48	54
LOC141454802	7	17	10	13	0	266	747	2
LOC141454806	7	0	7	27	2	10	4	7
LOC141454804	640	5	412	859	39	25	79	371
LOC141453976	123	136	110	124	142	50	78	84
LOC141454358	231	220	224	262	476	520	476	383
LOC141454359	130	146	153	158	212	168	153	166
LOC141454356	847	792	997	869	1435	1260	1218	1117
LOC141454355	714	735	751	746	1077	818	739	771
IntS2	565	524	633	626	1042	722	787	708
LOC141454357	1833	2686	2254	1930	1694	2123	1894	1225
LOC141454360	559	600	562	581	627	540	492	426
LOC141454361	670	646	657	757	1033	594	650	598
LOC141453928	7	5	4	2	8	4	4	1
LOC141454837	0	0	0	0	0	0	0	0
LOC141453930	0	3	0	0	4	4	0	0
LOC141454712	0	1	1	0	3	3	0	2
LOC141454708	6067	5699	7764	7912	11337	7134	7009	8228
LOC141454711	2	2	0	0	7	5	1	3
LOC141454750	619	549	600	574	792	559	509	559
LOC141454749	18	17	28	26	60	7	17	23
LOC141454748	0	4	6	2	2	1	0	2
LOC141454110	0	2	2	0	0	0	0	0
LOC141454437	0	2	1	0	2	0	0	1
LOC141454377	28	45	3	34	49	4	2	2
LOC141454371	535	548	653	651	823	583	661	641
LOC141454374	324	322	320	341	626	681	626	542
LOC141454373	242	207	220	226	456	362	369	388
LOC141454378	2	1	3	2	0	3	2	6
Tektin-C	14	10	14	14	25	9	11	21
LOC141454375	225	276	351	281	478	468	438	422
LOC141454370	774	697	943	890	1527	1082	1090	1150
LOC141454369	1464	891	741	504	835	401	446	640
LOC141454379	5	12	9	6	12	7	3	10
LOC141454730	341	275	322	281	318	203	236	217
LOC141454732	1	1	0	1	0	0	1	3
LOC141454713	1999	1055	735	381	853	474	450	646
LOC141454731	16	20	22	9	14	15	8	8
LOC141454729	5	1	0	0	5	1	1	0
LOC141454719	126	97	142	106	98	132	91	53
LOC141454718	355	397	293	270	302	465	239	221
LOC141454716	174002	196296	183191	185966	137873	89986	98852	115476
LOC141454723	35	65	44	59	79	155	116	72
LOC141454727	61	54	59	47	56	51	26	59
LOC141454725	1672	1337	1752	1762	3053	1601	1613	2071
LOC141454715	77	76	150	72	68	135	57	64
LOC141454722	35	16	56	19	44	26	29	40
LOC141454717	132	376	296	222	181	465	300	165
LOC141454726	0	0	0	0	0	0	0	0
LOC141453970	0	0	2	0	0	0	2	0
LOC141453907	603	421	646	624	1056	497	547	807
LOC141453908	1	1	1	1	0	2	3	8
LOC141454475	0	0	2	0	0	1	1	1
LOC141454353	2	0	2	0	2	0	2	1
LOC141453972	3	1	0	0	0	0	0	2
LOC141453971	259	167	252	224	360	214	229	267
LOC141454667	0	0	0	0	0	0	0	0
LOC141454668	0	0	0	0	0	0	0	0
LOC141454666	2	2	0	1	1	0	0	0
ND-B14	255	267	277	270	525	363	302	339
MBD-R2	2444	2081	2474	2241	3126	1940	1900	1897
TRNAV-UAC_4	0	0	0	0	0	0	0	0
MED20	129	131	137	140	294	236	251	213
pck	165	113	199	191	230	165	191	200
LOC141454695	749	539	1014	835	1012	537	723	713
CCT5	1760	1869	1924	1964	4460	5653	5205	4201
TRNAQ-CUG	0	0	0	0	0	0	0	0
LOC141454671	5	4	4	3	5	3	8	1
row	546	417	525	488	905	712	629	730
LOC141454675	1346	1430	1509	1505	2192	2123	2017	1588
LOC141454107	228	192	203	183	304	176	191	160
LOC141454109	108	114	99	124	158	133	96	96
LOC141454103	689	775	855	699	1014	825	641	687
LOC141454104	1200	1430	1297	1122	1288	1538	1506	1112
Stlk	643	646	641	634	806	697	693	577
LOC141454100	626	553	800	695	812	681	744	539
LOC141454094	1113	1065	1233	1269	2056	1367	1375	1475
sel	191	196	225	208	455	587	458	332
LOC141454097	16	17	19	18	20	17	17	36
Sin3A	1605	1303	2052	1716	2327	1486	1502	1654
LOC141454096	974	1000	1219	1089	1559	1137	1216	1167
LOC141454098	9	5	19	6	11	7	3	10
LOC141454602	16	14	18	19	28	21	29	32
LOC141454274	911	938	951	937	1645	1300	1135	1199
ERp44	961	1136	1127	1121	1691	1929	2053	1370
aay	878	1053	1077	1043	2258	2065	1835	1716
Tcs4	366	350	365	372	487	372	360	393
LOC141454275	394	360	398	431	640	503	391	378
LOC141454278	584	757	960	944	579	445	432	483
cold	193	193	185	218	219	136	129	192
Gclc	475	292	556	569	716	517	666	596
Gmer	1252	1364	1459	1089	678	924	838	534
LOC141454281	2050	2210	2445	1962	1262	2560	2066	1032
LOC141454829	0	0	0	0	0	0	0	0
LOC141454438	1	3	1	1	2	3	2	2
LOC141454439	1	0	0	0	0	0	0	0
LOC141454703	9	4	5	12	10	5	3	14
LOC141454393	0	1	0	0	0	0	0	1
LOC141454090	0	0	0	0	0	0	0	0
LOC141454440	0	0	0	0	0	0	0	0
LOC141454189	0	0	0	0	0	0	0	0
LOC141454188	0	0	0	0	0	0	0	0
LOC141454191	0	0	0	0	0	0	0	0
LOC141454222	0	0	0	0	0	0	0	0
LOC141454441	0	0	0	0	0	0	0	0
LOC141454705	0	0	0	1	0	0	0	0
LOC141454706	0	0	0	0	0	0	0	0
LOC141454707	0	0	0	0	0	0	0	0
IntS4	359	352	374	343	557	537	464	446
TRNAA-UGC_2	0	0	0	0	1	0	0	1
LOC141454704	899	1144	992	847	631	604	593	430
LOC141454751	673	610	720	757	964	644	509	648
LOC141454754	357	316	288	221	220	291	211	170
LOC141454753	71	73	86	81	179	166	151	151
LOC141454752	19	49	26	11	24	42	25	26
LOC141454323	1	3	0	0	0	0	0	0
LOC141454763	499	476	700	598	935	744	863	735
LOC141454293	0	0	1	0	0	0	0	0
LOC141454292	198	118	204	217	332	203	183	263
LOC141454442	0	0	0	0	0	1	1	0
LOC141454348	1	1	2	1	5	0	0	1
LOC141454286	162	147	182	159	216	139	155	168
LOC141454289	53	37	77	44	123	69	32	63
Mid1	984	618	1073	1096	1681	926	1022	1448
LOC141454290	21	33	53	50	50	63	55	16
Mmp1	258	361	368	336	527	534	536	412
SiaT	353	343	381	394	616	379	322	451
Jhbp16	4	5	6	5	11	4	8	3
LOC141454205	2	0	1	3	0	0	0	0
LOC141453974	1	0	1	1	2	0	0	2
LOC141453975	0	0	0	2	1	0	1	0
LOC141454680	97	180	112	112	83	29	42	66
LOC141454683	21	25	43	91	19	14	11	28
LOC141454681	6	3	5	4	3	5	3	0
LOC141454678	5	7	12	26	19	2	13	63
LOC141454679	12	4	6	5	4	20	8	7
LOC141454677	38	70	160	34	8	29	14	9
LOC141454684	0	1	3	0	0	0	0	3
LOC141454071	55	54	71	58	91	62	59	80
LOC141453932	0	0	0	0	0	0	0	0
LOC141453931	6	2	4	5	22	3	1	8
Dh44	1509	1585	1716	1497	2873	1669	1395	1712
LOC141454392	0	0	1	1	2	3	0	3
LOC141454670	0	0	1	0	2	1	1	5
LOC141453920	424	377	472	343	593	647	532	454
LOC141453921	75	44	62	73	134	65	59	92
LOC141453922	25	35	24	18	47	37	46	31
faf	1791	1551	2121	1965	2866	2255	2422	2257
LOC141454552	0	0	0	0	0	0	0	0
LOC141454548	717	717	805	670	1015	721	707	746
LOC141454553	17	7	6	16	23	7	6	6
LOC141454549	7	13	12	8	14	17	6	12
LOC141454550	127	62	108	127	106	118	71	121
Cen	4121	3623	4747	4685	6463	3938	3597	4826
Prp31	283	315	303	304	563	581	530	482
Arms	1750	1625	2165	2034	2661	1900	2090	2056
LOC141454447	46	49	62	58	26	32	48	28
LOC141454783	2298	1954	2637	2485	3264	2076	2115	2356
LOC141454785	15814	17505	17202	14412	14494	19666	14026	11625
LOC141454791	7	0	5	12	7	7	7	4
LOC141454790	1192	1123	1334	1267	2009	1342	1209	1385
LOC141454786	587	542	635	605	642	540	413	487
CAHbeta	227	206	221	197	287	266	212	191
LOC141454784	609	582	708	679	1222	984	999	997
LOC141454787	20	23	24	24	39	28	12	26
MED19	382	397	508	479	654	561	564	480
LOC141454794	5	2	4	2	1	9	3	0
mge	288	270	289	265	476	396	381	397
LOC141454792	1938	1813	2153	1851	2367	2045	1930	1810
LOC141454796	1845	1769	2139	2331	2301	2146	2110	1674
Vha100-1	3150	3022	3442	3520	5606	3832	3730	3887
LOC141454800	158	156	232	223	385	350	473	353
Creld	711	736	790	812	1709	1181	1178	1236
LOC141454797	353	285	456	532	853	607	673	973
LOC141454801	0	3	1	1	3	2	2	2
LOC141454799	0	4	3	3	1	3	1	3
LOC141454689	1	0	0	0	1	0	0	0
gry	500	558	598	599	954	794	787	739
LOC141454688	1	1	4	3	6	3	3	3
Prestin	415	337	428	391	600	419	467	469
LOC141453997	61	34	36	36	50	43	95	51
Rbbp5	254	236	272	251	531	436	381	371
PolG1	864	711	886	801	1095	850	702	808
LOC141454757	6	11	4	3	1	4	7	20
LOC141454776	11	8	8	11	11	2	2	5
LOC141454777	12125	10386	12778	11258	12489	8401	8070	10540
LOC141454324	2617	1838	3115	2623	2137	1409	1874	1699
LOC141454326	0	0	1	0	1	1	0	6
LOC141454325	0	1	3	0	0	0	0	3
LOC141454345	5	3	0	0	0	0	0	0
LOC141454764	510	371	621	625	810	492	628	702
Pc	568	514	567	671	630	484	423	511
LOC141454336	1407	1170	1632	1524	2281	1303	1346	1657
LOC141454343	2	2	6	1	2	2	0	3
Tbc1d8-9	1008	957	1136	1095	1516	1131	1104	1114
LOC141454341	538	1205	1128	546	52	169	201	73
LOC141454338	103	80	121	95	115	75	60	82
LOC141454342	58	119	83	70	25	38	31	26
LOC141454339	2078	4485	5281	2794	341	1880	1334	679
LOC141454344	0	8	21	5	5	6	29	23
LOC141453946	518	513	652	546	926	831	723	740
LOC141453948	0	0	0	0	0	0	0	0
LOC141453943	3616	3338	4142	4091	6008	3656	3422	4054
LOC141453951	23	30	51	36	48	34	31	51
LOC141453950	49	44	30	30	104	82	90	86
LOC141453949	286	296	280	275	579	569	526	465
l(3)mbt	726	730	905	900	1384	940	946	1044
LOC141453945	862	795	1003	985	1274	991	1018	946
thoc5	660	766	790	752	1327	1187	1106	1042
LOC141454766	746	615	774	892	1505	1055	1429	1336
LOC141454767	31	31	31	38	42	27	25	25
LOC141453957	24	15	22	13	24	19	12	24
spoon	1688	1615	1915	1700	2240	2552	2726	1804
LOC141453954	5	8	14	16	2	3	6	3
LOC141454068	0	1	1	0	0	0	0	1
LOC141454069	0	0	3	0	1	0	0	1
LOC141453960	4	6	52	14	17	5	1	32
LOC141453961	1	3	3	1	1	0	0	0
Gga	643	599	729	663	1200	839	885	914
LOC141453955	358	378	337	318	432	406	425	307
LOC141453959	9	8	8	6	7	5	4	9
LOC141453956	479	571	509	468	767	542	503	494
LOC141453958	2	0	4	1	2	1	0	2
Tsp97E	2526	2312	2925	2959	4724	3286	2773	3552
LOC141453965	752	758	758	653	819	886	870	613
SMC6	344	325	373	342	533	395	302	365
mub	23136	16304	25880	20937	34527	18055	17660	26496
LOC141453964	134	67	185	112	158	59	62	148
LOC141453967	13	8	45	12	35	5	4	59
LOC141454070	0	0	0	0	0	0	0	0
LOC141454346	4	4	17	6	6	5	6	7
LOC141454450	0	0	0	0	1	0	2	0
LOC141454646	0	0	0	0	1	0	0	0
LOC141454557	3	0	2	0	0	3	1	1
LOC141453916	320	314	298	260	417	435	396	358
LOC141453915	0	0	0	0	0	0	1	4
LOC141453918	0	0	0	0	0	0	0	0
LOC141454451	7	7	2	9	10	5	2	11
LOC141453917	1	0	0	0	0	0	0	0
pHCl-1	1916	1393	2106	2063	2935	1506	1600	2085
LOC141454332	3	1	13	4	10	3	0	10
LOC141454413	2	0	6	0	1	0	0	3
LOC141454409	1802	1936	2439	2250	2289	2365	2276	1796
LOC141454410	10	3	11	6	4	17	2	4
LOC141454414	0	0	1	2	1	1	2	3
LOC141454622	19	31	17	25	24	69	16	12
LOC141454627	694	779	791	816	1292	1159	1044	948
LOC141454624	201	220	202	201	218	244	228	168
LOC141454625	416	520	389	320	50	376	381	52
LOC141454621	146	147	166	178	307	237	216	247
bigmax	234	287	286	301	404	356	358	330
LOC141454623	312	314	341	338	527	490	357	386
LOC141454328	1	0	0	2	0	1	0	0
LOC141454130	83	88	108	116	197	113	63	101
LOC141454028	30	17	59	25	53	30	25	70
LOC141454187	1	0	4	1	2	2	2	4
LOC141454308	1	1	7	4	4	5	3	8
bru3	4425	3295	4955	4163	6788	3640	3549	5266
LOC141454452	0	0	0	0	0	1	0	1
LOC141454453	0	0	0	0	0	0	0	0
LOC141454454	0	0	0	0	0	2	0	0
LOC141454027	552	847	1130	586	103	648	374	205
LOC141454030	17	18	39	27	5	13	8	5
LOC141454835	0	0	0	0	0	0	1	0
LOC141454026	154	143	140	133	173	97	80	79
LOC141454025	1228	876	739	822	1364	953	814	837
spt4	86	98	93	98	169	188	168	130
P32	974	1241	1005	1154	2412	2620	2202	1910
RtcB	564	566	661	673	1648	1648	1513	1309
Vps8	892	822	941	962	1633	1185	1359	1184
LOC141454040	0	0	0	0	0	0	0	0
LOC141454036	2421	2682	2894	2745	2504	2627	1929	1720
LOC141454039	2	0	4	2	4	2	2	5
LOC141454037	1398	1776	1468	1313	432	2901	2202	254
LOC141454032	1379	1125	1425	1410	2138	1296	1292	1523
LOC141454089	1	2	3	3	1	7	4	0
LOC141454053	1174	932	1384	1423	1750	1512	1352	1352
geminin	430	424	479	440	587	1069	799	469
Ttd14	1295	1266	1504	1300	1970	1816	1754	1506
mRpS23	252	248	279	270	381	393	347	311
LOC141454052	897	846	1109	951	1510	1165	1201	1095
LOC141454056	65	43	66	73	117	146	141	105
LOC141454066	6	0	3	2	4	5	3	1
LOC141454061	1555	1316	1775	1672	2895	1750	1678	2302
LOC141454060	1108	901	1225	1194	1889	1051	1019	1160
LOC141454058	29	32	26	19	35	42	30	25
ND-ACP	4313	4959	4731	4222	3223	3255	2718	2657
Ccz1	558	485	572	527	890	796	699	652
LOC141454067	0	0	1	0	3	0	1	1
LOC141454059	130	159	147	146	227	180	192	171
LOC141454051	2624	2410	2598	2706	3741	2404	2132	2918
Mlc1	3361	4031	4657	6944	1289	2444	1530	2019
LOC141454746	142	134	220	159	235	265	293	210
LOC141454745	274	361	275	311	479	517	422	378
LOC141454455	0	0	0	0	0	0	0	0
LOC141454232	0	0	0	0	0	0	0	0
LOC141454231	0	0	0	0	0	0	0	0
LOC141454807	0	1	0	2	2	1	0	1
LOC141454808	716	774	913	934	1965	1201	905	1185
hh	19	55	63	36	44	44	27	47
LOC141454050	62	62	75	63	39	45	17	22
LOC141454226	0	5	0	0	0	6	0	0
LOC141454482	0	1	4	6	3	5	2	2
Tbcd	686	550	746	716	969	778	862	799
LOC141454698	16	9	14	27	22	18	7	19
LOC141454697	83	98	139	153	129	116	160	100
LOC141454647	894	884	829	894	1393	1072	1425	1437
LOC141454648	0	0	1	0	1	0	0	5
LOC141454456	0	0	0	0	1	0	0	0
LOC141454488	9	16	41	12	6	11	4	5
LOC141454490	3	1	1	1	1	0	2	1
LOC141454486	30	69	90	45	49	45	56	51
Rh6	392	250	276	341	1357	344	272	282
LOC141454485	45	87	95	62	46	113	115	44
LOC141454489	76	103	86	40	0	13	21	1
LOC141454484	51	139	124	103	0	218	240	6
LOC141454139	9	2	1	2	13	0	2	3
LOC141454140	1	0	2	1	0	1	0	1
LOC141454650	2564	3247	3384	2477	2466	3297	3649	2309
Nelf-E	126	121	113	91	134	129	147	101
LOC141454652	7	5	3	6	7	4	2	4
LOC141454649	938	1040	1382	1030	1271	1411	1329	964
LOC141454141	2369	1945	2993	2548	2737	3077	3086	2031
LOC141454144	4	0	4	7	0	2	4	6
LOC141454154	1	0	0	0	0	0	1	0
LOC141454149	0	2	4	3	3	0	1	7
Hyccin	1222	1138	1439	1368	1515	1454	1665	1139
dre4	1473	1339	1605	1548	2500	2046	2090	1925
Grasp65	1553	1579	1584	1565	2539	2609	2657	1975
LOC141454152	4	2	7	3	2	6	4	3
LOC141454153	414	416	483	416	637	613	459	526
LOC141454150	604	795	643	597	571	644	529	389
LOC141454143	287	293	309	306	423	415	309	311
BCL7-like	674	627	630	712	1209	979	842	907
LOC141454148	88	89	82	88	157	160	119	128
Ntf-2	868	923	967	981	1091	1284	1171	977
LOC141454810	0	0	0	3	0	1	0	3
corn	1947	1606	2346	2218	2731	1819	1791	2017
LOC141454233	6	12	19	18	21	5	5	10
LOC141454528	376	363	529	347	816	651	491	653
LOC141454536	1	0	0	1	0	3	2	0
LOC141454533	35	49	89	54	84	101	54	70
LOC141454531	1	0	3	1	2	2	3	2
LOC141454529	4	1	6	12	5	6	6	3
LOC141454535	24	9	30	21	31	30	22	28
LOC141454530	202	104	163	109	131	397	370	150
LOC141454534	1	0	1	6	1	3	4	4
LOC141454735	134	135	155	115	245	122	114	147
LOC141454768	0	1	5	4	3	2	2	1
LOC141454733	0	0	1	1	1	3	3	0
LOC141454321	2	0	4	0	1	3	0	1
LOC141454736	0	3	1	1	0	0	1	1
LOC141454468	0	0	0	0	0	0	0	0
LOC141454811	256	924	822	1021	269	495	437	216
LOC141453973	257	800	722	800	109	318	435	176
LOC141454327	1	6	0	0	4	1	2	2
LOC141454469	0	0	0	0	0	0	0	0
LOC141454526	0	0	1	0	0	0	0	0
LOC141454559	905	656	1012	1028	1472	933	780	1151
LOC141454842	0	0	1	0	0	0	0	0
LOC141454840	1	0	1	0	0	0	0	1
LOC141454560	3	5	9	5	3	4	2	2
LOC141454263	63	64	80	66	115	136	108	104
LOC141454272	0	1	0	1	0	0	0	0
LOC141454261	21	18	21	22	49	87	61	47
LOC141454525	0	0	0	1	0	0	0	0
Npc2b	1	5	7	8	1	4	7	11
HPS4	1117	1046	1225	1039	1484	988	837	928
Arl6IP1	570	526	544	559	816	537	435	549
LOC141454270	364	366	368	375	616	458	426	447
Ref1	721	768	742	788	1455	1479	1422	1108
LOC141454266	719	761	759	807	891	922	925	707
LOC141454273	2	2	3	0	4	2	6	8
lwr	1247	1317	1471	1288	1642	1677	1363	1294
sni	195	259	226	273	367	276	346	211
Trxr1	2086	2238	2203	2239	3590	3342	3315	2877
LOC141454822	1575	1535	1483	1458	1153	872	572	719
AdoR	97	100	111	144	173	83	127	142
LOC141453941	119	112	133	94	147	106	92	78
LOC141453939	11	12	9	14	16	12	13	12
LOC141454005	45	66	91	108	64	36	40	69
LOC141454006	0	0	2	0	0	1	0	0
Jhbp1	225	187	313	244	937	681	380	594
Jhbp2	8	14	17	15	25	23	12	19
PolA1	53	31	70	49	182	279	153	126
LOC141454017	11	9	28	9	5	11	14	19
Uggt	1570	1416	1872	1917	3518	3894	4163	2963
bel	1128	1075	1497	1257	2102	1903	2160	1689
LOC141454014	612	506	673	650	916	580	634	664
jbug	5217	3285	4977	5613	3236	2442	3459	2739
LOC141454020	0	1	2	0	0	0	1	0
LOC141454016	361	347	377	362	476	446	436	348
kto	2535	1925	2834	2593	3644	2453	2458	2697
LOC141454472	45	35	54	43	47	42	46	37
Ir75d	565	614	654	538	914	607	458	545
LOC141454019	199	228	233	220	285	211	189	232
Taf6	512	556	583	495	700	626	589	522
Trax	412	389	356	389	575	531	420	473
mtd	3728	3682	5193	4253	4884	3126	3464	3731
LOC141454820	1	2	7	2	3	2	1	3
LOC141454819	22	19	12	16	42	25	13	18
LOC141454816	0	2	0	0	1	0	0	0
LOC141454818	1	0	0	0	0	0	0	0
Hacd1	329	353	353	375	531	545	459	367
LOC141454812	370	331	446	412	446	309	279	359
WDR79	383	310	431	364	651	487	434	445
ttk	1607	1538	1819	1611	2286	1801	1515	1530
LOC141454699	1	0	0	0	2	0	0	0
LOC141453981	97	92	102	103	160	80	78	85
LOC141453991	69	57	73	77	87	59	85	74
LOC141453988	6	4	10	7	9	6	5	4
LOC141453995	8	0	7	4	6	6	6	5
LOC141453992	1	0	1	0	0	2	0	0
LOC141453985	509	532	646	559	667	497	489	541
LOC141453993	9	8	5	2	6	6	2	7
pum	1908	1400	2466	2277	2678	1586	1946	2306
LOC141453996	1	0	1	0	3	0	2	3
LOC141453987	145	124	150	151	304	250	179	216
RpL30	1581	1838	1624	1623	1818	2426	2058	1533
Ythdf	2960	2674	3243	3335	5233	4136	3438	3887
LOC141453978	526	526	571	542	760	674	628	596
LOC141453990	654	536	624	589	653	478	460	480
LOC141453984	439	580	623	524	927	763	830	644
LOC141453982	6	5	3	4	1	0	0	1
Membrin	243	238	210	200	230	223	259	205
Tmtc4	528	514	522	565	754	630	589	553
Mic26-27	1482	1532	1424	1459	2047	1763	1558	1644
LOC141454630	409	391	400	399	702	565	588	532
Serinc	3128	3200	3695	3273	4498	3254	2609	3377
wbl	704	767	743	834	1385	1845	1524	965
Hmgs	1003	1124	1307	1120	2082	1459	1365	1435
LOC141454301	1	0	0	1	2	2	1	1
LOC141454294	1291	1090	1378	1270	1306	937	892	897
LOC141454307	370	428	393	402	577	443	392	423
LOC141454302	382	607	459	394	0	472	350	7
LOC141454296	192	333	172	175	165	123	127	112
LOC141454044	116	85	119	154	185	35	48	99
LOC141454295	1164	1182	1319	1170	1563	1340	1137	1106
LOC141454299	5022	4845	5469	5388	7461	5182	4102	4754
LOC141454298	7510	8110	8420	8494	10857	7183	5372	7802
LOC141454305	3399	3746	3879	2809	3793	2264	2511	2835
LOC141454312	0	2	5	0	2	0	0	0
RabX4	686	643	684	715	1162	680	646	858
Rab11	840	839	1021	1023	1722	1386	1461	1337
LOC141454317	82	94	91	83	170	150	118	113
Orc5	138	145	174	146	287	225	188	219
TBC1D5	502	515	553	541	892	658	648	617
LOC141454313	507	501	575	586	758	662	568	566
Vps13	2224	1909	2566	2432	3115	2123	2305	2405
Kul	797	579	868	928	1422	762	1079	1337
LOC141454654	1	0	3	4	2	1	0	1
LOC141454656	157	90	74	200	263	237	374	267
LOC141454473	1	0	1	0	0	0	2	0
LOC141454047	21	8	24	17	3	25	20	3
LOC141454607	62	73	101	94	137	87	89	105
LOC141454609	228	212	213	242	244	217	196	154
Abi	460	506	455	488	870	601	623	577
Rpe	108	139	143	93	125	204	172	111
LOC141454608	418	481	504	492	758	619	503	533
boca	312	310	322	367	561	410	416	380
LOC141454474	61	61	70	58	115	92	87	74
LOC141454603	199	198	225	226	277	239	220	206
LOC141454614	35	52	39	53	64	42	38	53
LOC141454613	12	12	14	9	14	3	3	10
LOC141454604	2	11	2	3	5	2	2	0
LOC141454821	19	4	21	34	7	2	6	27
LOC141454045	0	0	1	1	1	0	0	0
LOC141453925	17	11	18	17	11	8	16	8
LOC141453927	0	0	0	0	0	0	0	0
LOC141453924	5	3	0	6	10	0	7	3
LOC141453926	0	0	0	0	0	0	0	0
LOC141454556	0	0	0	0	0	1	0	0
LOC141453936	0	0	0	0	0	0	0	0
LOC141453935	2	0	0	0	0	1	0	0
LOC141453937	0	0	0	0	0	0	0	0
LOC141454638	1	2	0	0	0	0	0	0
unpg	38	30	27	41	47	31	37	36
LOC141454836	0	0	0	0	0	0	0	0
LOC141454637	6	4	5	6	4	3	0	7
LOC141454634	844	598	1021	933	1776	1046	1022	1408
LOC141454644	6	5	1	4	5	5	2	0
LOC141454641	2	0	0	0	0	0	0	0
LOC141454642	0	0	0	1	0	0	0	0
spdo	8	9	5	7	10	19	7	10
LOC141454643	33	81	65	47	139	93	98	82
LOC141454645	1	0	0	0	2	0	0	1
Amt	1	2	5	2	5	3	6	1
LOC141454204	49	55	59	52	71	44	38	72
LOC141454198	1942	2000	2303	1943	1821	1585	1678	1546
LOC141454196	2146	2420	2783	2640	3372	3845	3697	2439
LOC141454194	445	452	717	491	446	405	387	359
Nrx-IV	2337	1933	2768	2787	3649	2431	2536	2913
LOC141454200	90	77	116	109	157	125	81	104
LOC141454201	4	2	4	6	4	2	2	4
LOC141454199	0	1	0	0	0	1	1	0
Ctps	3937	4036	4601	4016	2146	2017	1896	1709
CREG	678	813	735	606	376	1426	1126	377
LOC141454202	104	81	151	158	163	133	141	127
LOC141454875	1321	324	388	546	854	664	1593	719
Tango9	941	1019	1213	1229	1708	1293	1180	1295
ppk26	1	7	1	2	1	0	2	2
PPK-like9	0	0	0	0	0	0	0	0
LOC141454883	4	17	17	9	12	14	3	6
LOC141454878	385	441	464	427	643	485	423	387
LOC141454882	4129	3495	3874	4055	6362	4009	3694	4656
LOC141454876	1305	1249	1491	1562	1525	1058	1059	949
LOC141454887	30	17	17	21	30	16	21	29
LOC141454889	66	87	56	64	75	60	56	39
LOC141454884	147	77	117	118	149	117	96	110
LOC141454880	396	233	364	386	626	343	315	422
LOC141454886	41	20	39	54	41	35	10	15
LOC141454879	1513	1524	1901	1783	3199	1754	2011	1928
LOC141454890	14	15	10	3	24	3	11	6
LOC141454888	47	13	43	6	82	10	31	28
LOC141454992	1	0	2	0	0	0	0	0
LOC141454925	3	0	5	1	6	1	4	0
LOC141454938	324	409	420	493	510	710	577	451
LOC141454939	3	4	2	2	4	3	2	5
LOC141454940	35	43	47	45	36	46	31	65
LOC141454936	1169	886	1640	1312	2195	962	1484	1593
LOC141454937	1199	960	1415	1370	1911	1112	1077	1350
LOC141454942	0	0	0	0	0	0	0	0
LOC141455006	0	0	0	0	0	0	0	0
LOC141454956	0	0	0	0	1	0	0	0
LOC141455015	46	53	47	44	78	86	66	56
LOC141455008	1567	1432	1823	1749	2984	2405	2427	2239
Snx17	1634	1376	1580	1518	1731	1258	1138	1347
LOC141455013	1082	1145	1177	1081	1804	1609	1337	1366
LOC141455014	89	82	100	82	159	144	152	109
Lipt1	531	621	579	571	975	826	837	621
LOC141455011	5005	5487	6609	5557	6240	5558	5090	4104
LOC141454857	2	2	0	15	3	4	15	9
LOC141454918	0	0	0	0	0	1	0	0
LOC141455043	0	0	0	0	0	0	0	0
LOC141455019	333	252	300	361	438	297	303	365
Shark	794	785	958	1027	1271	1058	1127	935
LOC141455024	79	98	80	69	161	81	82	95
LOC141455023	116	101	136	98	163	113	118	98
LOC141455026	3	1	1	2	8	1	5	3
LOC141455021	483	396	454	470	817	578	603	602
LOC141455016	519	481	549	537	908	826	925	657
LOC141455025	0	0	0	0	0	0	0	0
viaf	415	455	429	408	874	810	780	753
Snoo	2189	1800	2596	2416	2750	3406	3202	2097
LOC141455029	6	8	3	8	10	9	12	7
LOC141455028	2	0	1	1	0	0	0	1
LOC141454908	2	4	0	2	1	1	0	1
LOC141454935	0	0	0	0	0	0	0	0
LOC141454924	5	10	9	7	16	6	15	5
LOC141454916	504	430	551	468	649	424	419	507
aPKC	2363	1580	3126	3042	3329	1655	2388	3115
LOC141454910	630	608	780	831	1145	1115	1192	975
LOC141454914	509	741	556	480	15	672	547	38
LOC141454915	7	1	7	2	11	3	6	10
LOC141454917	3	0	0	0	0	0	1	0
LOC141454913	768	1893	1743	1301	920	910	739	546
LOC141455003	135	106	114	119	304	213	203	210
LOC141455004	231	207	325	301	322	223	299	290
Prosalpha5	476	508	608	562	1034	1396	1286	1028
LOC141454927	343	425	463	566	158	472	255	223
LOC141454926	256	252	294	312	388	335	223	304
LOC141454932	0	0	1	0	0	0	0	0
LOC141454928	0	0	0	0	0	0	0	0
LOC141454930	0	0	0	0	0	0	0	0
LOC141454929	0	0	0	0	0	0	0	0
LOC141454931	0	0	0	0	0	0	0	0
LOC141454933	0	0	0	0	2	0	0	0
LOC141454993	1	2	2	1	4	2	4	2
LOC141454934	871	678	1001	944	1454	740	839	1044
LOC141454893	35	50	56	67	111	71	38	48
LOC141454909	20	27	80	15	17	42	83	7
LOC141454859	1	0	0	0	0	1	0	0
LOC141454861	0	0	0	0	2	0	2	3
LOC141454860	0	0	0	0	0	0	0	0
Dora	1121	816	1306	1231	1423	798	789	1011
LOC141454959	0	0	0	0	0	0	0	1
LOC141454958	175	258	281	244	330	325	318	204
LOC141454901	33	11	23	13	73	38	37	63
LOC141454903	13	7	10	32	18	75	29	33
LOC141454906	39	28	54	23	39	23	21	15
LOC141454904	0	0	0	1	1	0	0	0
LOC141454907	4	0	7	0	4	2	1	1
mRpS31	218	241	237	222	368	394	305	284
LOC141454900	615	652	705	667	1073	903	827	763
gukh	755	632	808	753	1068	660	704	659
LOC141454902	734	928	704	582	672	1017	745	654
LOC141454994	655	688	639	665	927	794	670	696
mRpS28	103	112	125	118	213	223	162	139
Rpn9	1195	1345	1428	1256	1943	1883	1604	1457
LOC141454999	152	142	152	118	206	198	200	197
LOC141454897	388	301	400	370	636	389	316	437
Lrrk	697	631	931	839	1129	869	796	890
LOC141454905	1	0	1	0	0	0	0	0
LOC141454898	227	235	221	252	369	359	332	263
LOC141454851	120	103	125	123	257	173	174	175
LOC141454853	948	753	1141	1145	1266	790	811	1029
LOC141454892	8	7	13	9	8	8	4	8
LOC141454874	9	3	5	8	17	4	2	3
LOC141455002	31	51	42	52	84	84	47	30
LOC141455001	1722	1287	1904	1812	2814	1359	1525	1972
LOC141455042	0	0	0	0	0	0	0	0
LOC141455041	426	535	584	572	916	651	639	617
LOC141454854	72	21	40	50	79	32	51	31
LOC141454852	1433	1172	1049	1383	2498	1762	1612	1408
Khc-73	3248	2251	3746	3109	4804	2593	2821	3827
LOC141454867	733	687	738	701	1225	766	717	740
Trmt112	1071	1125	1329	1294	1986	1600	1462	1515
LOC141454864	12	13	10	10	11	13	4	17
PI31	798	829	808	810	1470	1534	1374	1103
Csk	706	546	851	681	950	734	764	702
jvl	817	773	1029	988	1166	908	871	821
LOC141454869	0	0	0	4	0	0	2	1
LOC141454871	20	14	28	18	26	22	11	17
LOC141454870	0	0	2	0	2	1	0	0
LOC141454872	2440	2198	2772	2878	3639	2199	2093	2597
LOC141454873	1	4	3	1	0	0	1	0
LOC141454858	673	532	545	609	973	638	469	494
LOC141454966	161	90	152	124	270	202	188	196
LOC141454978	0	0	0	0	0	0	1	0
Dlg5	2540	2043	2970	2942	3718	2208	2575	2793
LOC141454977	25	17	53	37	42	21	24	35
LOC141454968	523	442	529	508	570	422	412	399
LOC141454964	962	966	1069	1103	1944	2243	2274	1686
bchs	2245	1836	2584	2437	3526	2273	2274	2356
LOC141454965	0	5	0	0	1	1	2	2
LOC141454975	614	595	724	709	998	558	412	741
Chchd3	378	392	373	406	675	637	532	501
LOC141454962	628	1109	1758	975	321	799	753	341
LOC141454973	355	313	346	357	468	405	385	318
LOC141454969	894	808	924	875	1457	1154	1196	1088
LOC141454976	54	67	40	51	20	144	161	7
LOC141454972	18785	15169	20815	45367	6078	14637	8614	12137
LOC141454970	23	23	15	16	27	18	16	14
Cad96Ca	66	98	120	101	112	90	84	129
LOC141454984	0	2	1	4	0	0	1	0
Klp31E	2671	2518	3503	3415	4073	2497	2817	3191
CaMKII	14648	12247	16925	16724	23014	13485	13946	17447
LOC141454983	576	534	626	683	1079	886	890	887
LOC141454980	1498	1227	1601	1488	1739	1474	1623	1227
LOC141454990	5755	5039	6742	6263	9948	5969	5929	7738
TRNAE-UUC_3	0	0	0	0	0	0	0	0
LOC141454856	337	492	480	358	155	276	192	126
Sesn	3642	4148	4767	4008	5766	5160	4399	4146
LOC141454988	2782	3246	3170	2690	1748	1938	1398	1300
LOC141454987	1279	1094	1502	2687	1254	888	879	1138
LOC141454986	383	360	460	404	478	414	387	357
LOC141454862	1628	1707	1701	1755	3814	2924	2345	2716
LOC141454891	1	2	3	1	3	4	2	0
Arp5	660	573	714	592	936	630	575	636
LOC141454946	694	787	799	783	1211	1074	860	838
LOC141454944	8516	7151	9356	9650	12432	7202	7839	9336
LOC141454855	400	315	381	421	547	522	658	394
LOC141454950	14	24	24	24	37	35	25	28
LOC141454954	1	0	1	0	0	0	0	0
LOC141454953	774	863	906	808	1270	1647	1467	1012
Pfdn1	563	588	592	496	724	659	522	547
LOC141454948	1225	1169	1621	1472	1753	1324	1343	1384
PolQ	379	324	415	428	533	436	415	391
CRIF	248	259	269	211	441	443	332	338
LOC141454949	671	703	749	642	942	1055	1122	865
LOC141454951	489	496	535	539	1113	819	772	915
btsz	1382	1137	1553	1623	693	852	1279	679
LOC141454923	12	5	10	7	8	7	4	2
gcl	843	765	1048	998	1346	914	944	943
LOC141454921	5853	5387	7071	7190	9949	6165	6818	8269
dsf	9	14	18	17	21	6	21	16
cindr	1447	1517	1691	1443	1450	1758	1896	1190
LOC141455036	2470	2075	2812	2235	3829	2055	2617	2798
LOC141455031	473	300	399	432	481	388	429	354
LOC141455034	788	862	896	842	1554	1390	1429	1436
aux	2627	1962	2999	2759	3750	2475	2789	2795
LOC141455039	99	113	69	54	155	92	62	82
LOC141455032	1	1	5	1	7	0	5	3
LOC141455044	0	0	0	0	0	0	0	0
LOC141455037	0	1	3	3	1	0	0	0
Sam-S	43307	45694	51696	47670	20424	19354	17466	16947
LOC141455040	33	38	28	21	15	19	23	24
LOC141455045	13	5	6	1	7	11	14	10
LOC141455038	30	51	51	50	54	52	21	12
LOC141455075	3	0	1	2	1	0	0	2
kek1	873	889	1159	1105	1660	1301	1210	1272
LOC141455082	221	261	236	236	238	236	240	192
MetRS	1427	1474	1715	1566	2948	2715	2601	2273
LOC141455081	7	3	9	7	5	4	10	11
LOC141455083	75	87	122	109	257	197	104	185
CdGAPr	1402	1298	1669	1709	2551	1645	1667	1929
LOC141455093	0	0	3	0	0	0	0	0
LOC141455094	0	2	1	0	0	1	0	0
LOC141455048	10	4	7	5	23	9	7	10
LOC141455053	0	0	0	0	0	0	0	0
LOC141455054	0	0	0	0	2	1	0	0
LOC141455063	0	1	2	2	8	0	2	8
VGlut	4589	3889	5620	5269	7311	4244	3805	5197
LOC141455061	511	573	570	600	1081	864	846	834
LOC141455055	294	291	348	313	425	341	307	286
LOC141455056	6	12	12	15	10	8	35	5
Prx5	2053	2171	2201	2229	2809	2316	1921	2267
LOC141455062	5416	5375	5964	5870	11578	10276	8632	8800
LOC141455064	393	402	361	323	650	575	432	481
LOC141455058	0	0	0	0	0	0	0	0
LOC141455052	1155	1276	1278	1240	2161	1810	1593	1441
LOC141455066	5	10	4	2	0	127	49	0
LOC141455065	13	17	21	9	24	24	21	21
LOC141455067	1	0	0	0	0	0	0	0
LOC141455091	0	0	0	0	0	0	0	0
LOC141455098	317	430	411	399	529	716	721	415
LOC141455096	126	114	148	167	214	140	162	157
Ufd4	3060	2321	3593	3615	4360	3034	3643	4050
Rsph9	16	14	20	9	27	13	25	15
LOC141455071	828	816	833	813	1271	1006	896	885
LOC141455072	515	590	600	612	1340	1432	1406	1125
LOC141455074	194	195	239	223	347	252	239	276
LOC141455076	0	0	0	0	0	0	0	0
LOC141455047	108	152	215	175	301	455	486	339
ft	785	430	959	953	1165	582	834	1080
LOC141455077	28	19	6	21	53	3	10	58
LOC141455090	4	0	1	0	1	0	0	2
LOC141455085	4	3	2	1	2	2	8	4
LOC141455088	7	8	4	7	11	8	4	6
LOC141455087	0	0	3	1	0	0	2	2
LOC141455095	442	407	509	491	875	702	730	618
LOC141455086	257	383	433	341	409	425	364	234
LOC141455084	258	321	318	310	438	374	277	271
LOC141455049	8	16	24	11	22	18	10	12
LOC141455050	30	29	23	22	42	33	18	18
LOC141455109	0	0	0	0	0	0	0	0
LOC141455110	0	3	3	0	0	0	0	0
LOC141455111	0	0	0	0	0	0	0	0
LOC141455184	2	0	1	1	1	0	1	0
LOC141455113	0	0	0	0	1	0	0	0
LOC141455114	0	0	0	0	0	0	0	0
LOC141455116	0	1	0	0	0	0	0	0
LOC141455117	0	0	0	0	0	0	0	0
TRNAF-GAA_4	0	0	0	0	0	0	0	0
LOC141455118	0	0	0	0	0	0	0	0
LOC141455099	0	0	1	0	0	0	0	0
LOC141455122	0	0	0	0	0	0	0	0
LOC141455181	6	9	6	4	6	0	6	10
LOC141455180	0	0	0	0	1	0	0	0
LOC141455124	0	0	0	0	0	0	0	0
LOC141455125	0	0	0	0	0	0	0	0
LOC141455126	0	0	0	0	0	0	0	0
LOC141455127	7	1	2	1	1	1	0	2
LOC141455129	1	0	0	0	0	0	0	0
LOC141455186	0	0	0	0	0	0	0	0
LOC141455130	0	0	0	0	0	0	0	0
LOC141455188	0	0	0	0	0	0	0	0
LOC141455131	0	0	0	0	0	0	0	0
LOC141455100	0	0	0	0	0	0	0	0
LOC141455132	0	0	0	0	0	0	0	0
LOC141455103	0	0	0	0	0	0	0	0
LOC141455102	2	0	5	2	2	0	2	1
LOC141455134	0	0	0	3	4	0	1	1
LOC141455135	0	0	0	0	1	0	0	0
LOC141455136	0	0	0	0	0	0	0	0
LOC141455137	0	0	0	0	0	0	0	0
LOC141455138	0	0	0	0	0	0	0	0
LOC141455139	0	0	0	0	0	0	0	0
LOC141455141	0	0	0	0	0	0	0	0
LOC141455142	0	0	0	0	0	1	0	0
LOC141455143	0	0	0	0	0	1	0	0
LOC141455144	0	0	0	0	0	0	0	0
LOC141455146	0	0	0	0	0	0	0	0
LOC141455182	0	0	0	0	0	0	0	0
LOC141455147	0	0	0	0	0	0	1	0
LOC141455148	0	0	0	0	0	0	0	0
LOC141455101	0	0	0	0	0	0	0	0
LOC141455149	1	0	0	0	0	0	0	0
LOC141455150	0	0	0	0	0	0	0	0
LOC141455151	0	0	1	1	0	0	0	1
LOC141455152	0	0	1	0	0	0	0	0
LOC141455153	0	0	0	0	0	0	0	0
LOC141455154	0	0	1	0	1	0	2	0
LOC141455155	0	0	0	0	0	0	0	0
LOC141455156	0	1	0	1	2	0	1	1
LOC141455157	0	0	0	0	0	0	0	0
LOC141455158	0	0	0	0	0	0	0	0
LOC141455159	0	0	0	0	0	0	0	0
LOC141455160	0	0	0	0	0	0	0	0
LOC141455161	0	0	0	1	1	0	0	0
LOC141455162	0	1	0	0	2	0	0	0
LOC141455163	0	1	1	0	0	0	0	1
LOC141455164	0	0	0	0	0	0	2	0
LOC141455106	0	0	0	0	0	0	0	0
LOC141455165	0	0	0	0	0	0	0	0
LOC141455166	0	0	0	0	0	0	0	0
LOC141455104	3	0	2	0	0	0	0	3
LOC141455107	94	87	129	126	142	241	132	115
LOC141455187	0	0	1	0	0	0	0	1
LOC141455105	17	16	13	10	13	22	4	9
LOC141455189	4	1	2	3	5	6	8	4
LOC141455190	60	77	120	109	69	108	84	89
LOC141455167	0	1	0	0	1	0	0	1
LOC141455168	13	12	5	9	10	6	5	6
LOC141455169	0	0	0	0	0	1	0	0
LOC141455108	0	0	0	0	0	3	1	1
LOC141455170	12	3	13	5	21	7	6	9
LOC141455171	0	0	0	0	0	0	0	0
LOC141455172	2	4	2	9	5	1	2	2
LOC141455173	0	0	0	1	0	0	0	0
LOC141455174	0	0	0	0	0	0	0	0
LOC141455175	0	0	2	0	0	1	1	0
LOC141455176	1	0	0	2	0	0	0	0
LOC141455177	0	0	0	0	0	1	0	0
LOC141455179	0	0	0	0	0	0	0	0
LOC141455183	1	0	1	0	0	1	0	0
Hr3	1185	674	1288	1103	1619	883	706	1157
LOC141455196	9	1	12	3	1	1	3	8
LOC141455202	14	13	27	10	20	24	21	12
LOC141455201	2147	2353	2437	1992	1985	1991	1600	1551
LOC141455203	3	8	6	10	4	9	4	1
Smox	583	499	661	582	1125	782	784	715
LOC141455200	266	272	323	284	343	357	317	246
LOC141455244	658	458	606	495	730	423	543	460
Start1	465	420	586	540	697	570	454	477
LOC141455197	524	459	579	501	746	562	457	431
COX4	2520	2868	2477	2606	4496	2943	2768	3399
Txl	1179	1356	1118	1028	1100	1097	1124	1068
LOC141455206	485	307	560	594	853	485	411	615
LOC141455216	39	22	24	25	25	31	17	26
Art7	258	261	315	284	416	420	463	326
ND-23	681	706	687	708	1216	1179	895	921
LOC141455205	816	720	1056	958	697	397	514	520
LOC141455208	6550	6644	6955	6720	7152	5683	5770	5014
LOC141455211	1	2	1	3	2	2	3	2
LOC141455220	2	2	3	4	2	0	0	0
LOC141455218	76	328	443	806	453	103	124	137
LOC141455204	4	5	4	7	13	4	6	2
IR105	10	10	30	46	69	36	24	21
IR106	7	8	18	27	20	27	10	12
Lnpk	708	648	856	864	1262	886	1198	1122
dUTPase	417	413	422	452	779	606	516	599
LOC141455234	1109	1043	1190	1160	1520	1205	1096	1141
tun	156	134	162	158	210	187	165	186
pwn	203	128	208	258	272	274	419	516
LOC141455241	8	15	5	10	9	9	6	10
Cdk4	368	356	388	338	602	604	528	433
LOC141455233	188	213	275	193	197	255	209	197
LOC141455226	481	388	627	550	727	523	739	652
LOC141455240	34	34	28	30	2	16	16	5
Pdk	652	893	1025	899	1647	1861	1644	1161
LOC141455222	47	226	269	165	7	54	61	10
LOC141455232	0	0	0	0	0	0	0	0
fra	1083	916	1442	1228	1831	1124	1091	1250
LOC141455225	1083	1030	1360	1280	1488	1405	1570	1145
LOC141455231	358	281	482	490	757	927	1226	762
LOC141455236	5	6	13	3	10	19	8	2
LOC141455227	1	0	0	0	0	0	0	0
LOC141455242	0	0	0	0	0	1	3	0
CCHa2	204	212	165	201	375	201	167	240
spn-B	180	180	189	177	182	157	126	122
LOC141455193	23	34	28	25	44	32	34	36
LOC141455248	0	0	0	0	0	0	0	0
LOC141455250	0	1	2	0	0	0	0	1
LOC141455267	0	0	0	0	0	0	0	0
LOC141455251	0	0	0	0	0	0	0	0
LOC141455252	0	0	0	0	0	0	0	0
LOC141455254	1	0	4	3	4	0	3	3
LOC141455265	0	0	0	0	0	0	0	0
LOC141455255	2	0	8	4	0	5	2	2
LOC141455272	0	0	0	0	0	0	0	0
LOC141455271	2	5	4	4	3	2	3	0
LOC141455256	2	0	2	0	0	0	0	0
LOC141455268	1	0	0	0	1	0	0	0
LOC141455257	0	0	3	0	0	4	0	0
LOC141455258	1	0	3	0	1	1	1	4
LOC141455259	1	0	1	0	0	1	0	0
LOC141455260	2	2	2	0	3	1	4	1
LOC141455261	0	0	0	0	0	0	0	0
LOC141455262	0	0	1	0	0	0	0	0
LOC141455269	5	0	0	3	1	0	0	1
LOC141455263	0	0	0	0	2	0	0	0
LOC141455264	0	0	0	0	0	0	0	0
LOC141455270	0	0	0	3	1	0	1	0
LOC141455245	0	0	0	0	0	0	1	0
LOC141455277	884	759	1130	1230	2438	1726	1647	2131
LOC141455276	1484	1557	1703	1454	1484	1499	1526	1144
LOC141455279	1668	1930	2045	1418	668	610	607	474
Cep97	564	508	677	585	1184	830	902	863
loco	1527	1387	1832	1667	2228	1444	1432	1324
LOC141455274	99	101	141	119	274	275	279	240
LOC141455293	1	0	0	0	0	0	0	0
LOC141455282	0	1	0	0	0	0	0	0
LOC141455283	3	4	1	1	1	0	5	0
LOC141455290	1	1	1	0	0	0	1	0
LOC141455286	2381	2112	2839	4276	2581	4719	2809	3564
LOC141455284	0	0	0	0	0	0	0	0
LOC141455291	0	0	0	0	0	0	0	0
LOC141455285	0	0	0	1	0	0	0	0
LOC141455292	0	0	0	0	0	0	0	0
LOC141455296	25	9	9	10	5	33	15	10
LOC141455294	567	270	363	190	34	209	377	27
LOC141455295	693	535	781	638	940	579	600	719
LOC141455599	11	4	16	24	63	22	6	20
Ndae1	8552	6351	8380	7889	4938	4527	4966	4030
LOC141455602	23	28	17	20	27	22	14	13
LOC141455601	141	120	139	138	194	134	126	141
LOC141455598	1791	1590	1982	1743	2410	1819	1779	1859
LOC141455600	4	2	10	4	12	4	5	12
l(2)gd1	846	870	922	963	1009	1228	1322	755
LOC141455603	1	2	1	1	0	1	1	1
LOC141455596	1138	1266	1382	1410	2451	2348	2274	1819
LOC141455905	0	5	0	2	4	3	0	1
LOC141455902	441	372	523	483	836	394	472	555
LOC141455904	0	0	0	0	0	0	0	0
LOC141455730	250	255	283	301	523	423	391	425
LOC141455726	779	694	715	709	865	551	551	490
LOC141455732	1	0	14	12	20	2	6	22
chinmo	734	571	850	768	1000	630	757	848
RFeSP	1657	1791	1904	1718	2119	1760	1573	1645
LOC141455731	664	628	740	697	1106	834	799	882
LOC141455527	1	0	0	0	0	1	0	1
Dyrk2	1364	1238	1580	1433	2490	1551	1829	1998
LOC141455526	1	0	1	1	0	0	0	1
LOC141455530	0	1	2	3	0	0	3	1
LOC141455528	2	2	4	2	6	1	0	3
LOC141455523	609	617	790	797	1240	833	880	994
LOC141455516	172	166	195	148	222	215	167	187
LOC141455524	1	4	1	4	1	6	2	0
LOC141455522	306	245	359	304	369	284	303	325
ath	387	412	489	439	574	518	469	467
Tim8	149	176	157	173	309	445	354	301
LOC141455520	824	791	901	906	1157	853	761	792
Cdc6	62	30	70	53	126	180	138	138
Kap-alpha3	1647	1541	1987	1835	3534	3525	3868	3023
CycY	907	904	1180	1003	1550	1486	1567	1273
Tpr2	1472	1386	1708	1726	2855	2131	2244	2386
RsfS312	238	278	254	274	409	429	396	357
LOC141455647	10490	10913	11961	11242	13083	10150	8618	9117
LOC141455645	57	39	57	70	72	76	138	56
LOC141455644	2527	3445	3052	3752	5391	3726	2711	2660
LOC141455642	1259	986	1481	1382	2182	1117	1173	1581
LOC141455490	11	5	3	3	4	10	3	2
LOC141455628	74	21	59	60	6	33	31	92
LOC141455531	1	0	0	0	0	0	0	0
LOC141455843	0	2	3	0	2	3	3	0
LOC141456540	14	10	7	18	25	17	2	10
LOC141456533	5	7	6	7	10	12	12	3
fws	1475	1331	1624	1611	1860	1358	1240	1356
GPHR	233	243	270	306	443	431	485	353
Noc1	853	923	948	842	866	1005	930	798
LOC141456539	191	168	115	163	229	202	161	122
LOC141456538	199	218	183	177	246	247	216	113
LOC141455495	9	19	26	23	24	6	22	41
LOC141455532	463	525	317	326	554	592	401	197
TM9SF2	2014	1924	2271	2345	3668	3614	3621	2820
shv	722	846	939	1072	2056	2162	2507	1778
LOC141455831	30	28	75	67	164	41	124	229
LOC141455826	692	670	761	754	1216	817	741	866
LOC141455824	87	90	59	91	94	82	60	97
LOC141455830	39	45	52	62	109	65	59	64
Dbct	219	222	267	260	250	346	379	233
LOC141455828	1185	1269	1368	1281	1789	1725	1564	1562
LOC141456541	99	72	71	70	84	77	55	54
LOC141456531	33	21	32	27	57	32	17	19
CarT	45	50	53	48	62	82	64	52
Fs(2)Ket	1469	1467	2050	1866	3029	2655	3000	2720
LOC141456536	221	208	170	173	125	188	147	90
Dsk	159	105	143	105	229	140	99	199
by	2691	2044	3026	3062	3405	2715	2736	2545
LOC141456543	15	36	37	12	1	17	11	0
LOC141456535	2	0	0	0	0	1	0	0
LOC141456545	2	0	5	1	2	7	0	9
LOC141456542	4	1	8	3	4	2	2	9
LOC141456544	0	1	1	1	0	0	0	0
LOC141455533	1	0	2	1	0	0	0	0
LOC141456469	1	0	1	2	4	0	1	3
LOC141456466	27	26	41	78	82	24	32	54
LOC141456465	245	181	222	249	364	222	293	246
LOC141456467	647	807	640	602	871	699	530	531
LOC141456165	559	815	1409	299	1555	936	1000	1193
LOC141456186	9	9	10	4	29	19	21	16
LOC141456187	3	1	0	0	4	1	1	3
LOC141456170	90	145	185	41	252	128	110	157
LOC141456175	55	195	230	26	243	166	120	174
Tim10	0	0	0	0	0	0	0	0
LOC141456181	50	69	48	54	120	111	99	90
LOC141456172	1131	1008	1340	1176	1588	1077	1062	1123
Polr1H	118	107	130	117	121	136	112	83
LOC141456161	1688	1526	1883	1931	2889	2872	2871	2269
LOC141456168	240	273	273	249	375	366	341	298
LOC141456160	5	3	1	1	2	3	2	0
LOC141456164	929	872	1160	1090	1271	796	752	848
LOC141456188	0	0	2	0	0	0	0	0
LOC141456183	45	77	76	57	4	94	89	5
LOC141456182	129	167	178	112	257	235	192	115
LOC141456171	2447	962	1181	2332	1970	3307	4474	2230
LOC141456177	179	103	185	207	166	116	157	137
deltaCOP	836	824	916	899	1534	1774	1851	1307
LOC141456167	162	114	226	182	224	158	199	152
LOC141456178	994	939	953	797	969	723	635	723
LOC141456174	5996	6601	6506	6557	9425	6091	5332	7052
LOC141456185	53	56	59	43	74	60	33	49
LOC141456169	3897	3462	4662	1900	148	2451	2435	139
spir	1580	1542	1818	1817	2130	1714	1804	1641
LOC141456189	0	0	0	0	0	1	1	0
LOC141456184	5	0	5	2	0	1	1	1
mop	1705	1331	1944	1752	2345	1523	1759	1834
Mettl4	331	332	384	343	570	422	387	411
LOC141455684	297	253	306	330	535	434	469	451
LOC141455689	169	194	198	181	261	198	206	188
LOC141455685	38	68	60	52	38	67	30	31
rau	428	503	609	498	878	541	580	572
LOC141455693	30	16	50	34	40	27	27	28
LOC141455690	157	277	396	291	202	240	228	171
LOC141455506	3	5	3	3	9	5	4	6
LOC141455505	0	0	0	0	0	0	0	0
LOC141455691	1	0	1	0	1	0	1	2
LOC141455911	428	424	509	494	512	617	551	449
LOC141455409	5	11	17	7	8	19	3	11
LOC141455913	9	7	17	8	0	5	3	2
LOC141455912	0	0	0	0	0	0	0	0
LOC141455915	0	2	16	2	7	7	3	11
LOC141456124	1	3	14	0	4	3	0	8
LOC141455914	0	1	1	0	0	0	0	0
Glo1	322	396	410	425	636	873	690	501
LOC141456126	14	6	7	8	6	13	5	9
cmpy	264	234	294	281	491	282	311	398
LOC141456127	68	24	32	29	34	30	55	29
LOC141455715	36	40	63	36	1	47	43	3
LOC141456068	837	1045	1035	816	0	933	837	50
LOC141455408	0	6	4	3	3	0	3	0
LOC141456424	1376	1065	1292	1376	1884	1138	1164	1332
LOC141456431	6	5	1	4	5	4	4	4
l(2)k09022	456	561	620	595	1011	1101	1119	846
LOC141456427	260	255	291	282	425	496	351	410
LOC141456425	238	198	243	205	297	288	302	191
LOC141456429	2	5	1	1	1	5	3	2
eIF4A	9587	9975	10772	9586	9234	9703	9031	7749
chic	4747	5130	5697	5699	12010	11803	11942	10458
LOC141456423	1760	1630	2017	1789	2293	1584	1685	1532
LOC141456075	0	0	1	1	4	2	1	2
LOC141456210	678	531	769	760	919	569	668	619
IntS1	511	436	569	566	863	636	696	659
mRNA-cap	1196	1097	1300	1312	2049	1359	1425	1348
Schip1	2720	2599	3440	3376	4933	3022	2857	3303
LOC141456224	77	43	69	59	55	61	36	44
LOC141456226	4	3	4	5	3	2	1	4
Pss	824	854	1022	1032	1624	1457	1482	1265
LOC141456221	2471	2486	2782	2581	4404	3888	3066	3099
LOC141456214	363	241	400	418	572	429	583	482
LOC141456219	207	222	209	196	334	294	313	274
Wdr59	996	821	1021	971	1335	939	953	904
LOC141456218	1526	1303	1703	1725	1937	1119	1075	1337
CYLD	579	532	712	718	932	713	733	692
Maf1	802	695	761	793	996	575	526	647
LOC141456208	180	131	259	281	135	170	96	99
LOC141456227	5	2	5	1	3	1	2	5
LOC141456223	0	0	0	0	0	0	0	0
ninaC	18	13	24	27	31	18	23	42
Wnt10	252	408	369	382	325	790	793	568
LOC141456234	17	23	16	13	0	17	11	6
wg	56	67	65	67	27	93	93	67
LOC141456235	0	0	0	0	0	0	0	0
PCID2	213	196	225	189	324	308	257	225
RtGEF	1790	1586	2125	1847	2906	1934	2049	2117
LOC141456233	610	590	718	649	1093	893	743	713
LOC141456236	2	1	0	0	0	0	0	0
LOC141455805	184	204	190	169	292	321	258	254
LOC141455803	705	684	633	587	872	688	593	503
LOC141455822	0	0	0	0	0	0	0	0
LOC141455821	1	1	2	0	0	0	1	0
TRNAH-GUG_4	0	0	0	0	0	0	0	0
LOC141455796	3464	3336	4093	3331	3265	2913	2429	2241
LOC141455819	81	59	66	45	9	5	2	3
LOC141455809	9642	9589	11020	9342	5674	5335	5246	4913
TfIIS	449	414	491	451	464	378	385	434
LOC141455808	204	210	275	233	378	310	252	260
l(2)34Fc	16583	15974	16409	15706	26538	16158	15569	21977
Nup44A	599	587	642	586	1007	880	828	802
LOC141455816	3035	2539	4036	3602	4897	3373	3920	3939
ast	295	267	283	214	357	334	280	293
vari	506	457	573	614	745	486	486	503
Cul3	1135	1097	1308	1354	2062	1737	1695	1546
Mo25	1448	1432	1751	1714	2571	2012	2024	1886
LOC141455818	108	137	88	82	73	121	108	80
LOC141455815	427	452	457	440	796	623	543	574
mTerf5	530	527	535	507	716	725	562	510
LOC141455798	918	795	964	922	1378	1220	1303	1091
vib	1056	1209	1219	1293	2219	3489	3329	1816
LOC141455799	150	136	181	176	224	182	181	157
RabGGTa	538	610	624	576	810	776	613	552
LOC141455820	9	6	10	8	8	3	9	5
ush	265	315	428	490	326	630	571	284
LOC141456483	28	11	9	11	12	10	24	9
LOC141455473	11	4	8	10	14	10	15	20
cbt	649	687	940	714	828	1327	1050	530
LOC141455474	131	132	184	156	298	250	160	192
Arp2	1512	1536	1746	1920	3107	3326	3520	2487
TM9SF4	2065	2166	2315	2365	3408	2564	2376	2417
l(2)37Cb	356	300	356	381	569	467	487	362
LOC141455475	31	38	44	32	32	22	19	22
LOC141455470	982	812	1098	1100	1770	1158	1137	1429
Fsn	73	44	74	100	123	74	97	102
Dp	443	412	548	497	676	599	679	578
LOC141455472	34	28	30	40	32	40	34	32
LOC141455471	258	272	267	202	331	390	315	261
LOC141455463	315	316	311	337	556	639	533	458
Nlg2	801	703	815	799	1375	719	713	959
LOC141455534	138	139	148	153	185	153	121	111
LOC141455853	0	0	0	1	0	0	0	0
LOC141455854	1	4	6	1	1	1	1	1
Nha1	149	172	186	184	724	754	538	669
LOC141455699	97	132	202	217	548	422	310	365
Oseg5	25	20	12	28	44	29	25	27
omd	366	367	529	461	598	657	619	499
mEFTs	228	233	203	209	385	416	408	316
Acn	3616	3170	3947	3632	5710	3928	4143	4107
LOC141455707	1	0	0	2	0	1	0	4
LOC141455705	61	57	76	55	93	58	49	57
LOC141456206	1	1	0	0	4	2	1	1
LOC141456203	264	229	342	323	435	304	309	307
TRNAH-GUG_5	0	0	0	0	0	0	0	0
LOC141456553	1370	1278	1419	1529	1481	1152	791	896
LOC141456554	15	12	6	10	11	5	4	1
LOC141456555	4	2	3	7	2	6	0	0
LOC141456556	22	8	48	50	53	11	38	46
LOC141456011	65	56	94	121	125	69	103	119
LOC141456015	1	3	1	1	0	3	4	1
LOC141456016	3460	3270	3106	2565	2708	3625	2338	2095
LOC141456013	130	285	254	249	191	159	142	105
LOC141456009	451	356	351	431	849	493	513	659
LOC141456014	571	587	492	390	710	541	375	367
LOC141456012	456	466	533	514	771	866	860	666
nanos	22	20	16	11	19	2	2	2
LOC141455545	5	7	7	8	10	3	10	3
LOC141455546	0	0	0	0	0	0	0	0
LOC141455733	0	0	0	0	0	0	0	0
LOC141455952	120	103	107	146	203	153	126	134
LOC141455959	500	558	646	520	68	255	495	65
Pyroxd1	172	193	157	172	360	408	357	263
mRpS18B	184	182	211	248	358	409	434	331
LOC141455958	9	22	14	19	16	21	10	8
LOC141455956	163	197	173	176	263	287	226	210
Oseg4	324	287	344	365	394	279	230	312
LOC141455536	2	4	3	7	9	10	16	10
LOC141455658	3	2	3	0	0	3	4	1
LOC141455834	2368	2233	3321	2862	3846	2223	2494	2771
AsnRS-m	152	139	176	181	383	317	281	267
LOC141455537	2	10	18	17	7	0	10	11
LOC141455356	100	81	110	130	165	99	99	131
LOC141455851	0	0	0	0	0	0	0	0
LOC141455353	2	1	0	1	0	0	0	1
LOC141455354	1	0	0	3	0	0	2	0
LOC141456386	1747	1718	2076	1800	1218	1131	1003	1070
LOC141456379	1636	1206	1418	1523	2449	1751	1830	1853
LOC141456407	7	5	6	3	134	130	87	178
LOC141456408	9	26	52	46	609	569	401	770
LOC141456387	3	14	20	15	63	59	55	60
LOC141456391	186	162	162	144	224	211	154	128
RpL35	1688	1896	1521	1384	1751	2642	2379	1775
mEFG1	629	683	739	849	1583	1657	1729	1166
LOC141456406	1239	1169	1296	1202	976	981	910	799
Cog4	473	548	551	576	784	656	601	614
LOC141456378	959	764	1116	863	468	331	314	297
Bmcp	420	369	469	426	751	537	523	512
EMC5	1599	1771	1816	1609	1027	892	763	755
Kap3	702	664	739	738	1183	800	768	953
LOC141456415	1	5	1	3	2	2	1	0
LOC141456385	138	148	140	175	332	170	174	202
LOC141456392	293	554	541	414	42	817	781	59
LOC141456380	341	302	349	402	594	459	472	383
LOC141456401	307	328	422	348	734	745	719	588
LOC141456405	1168	1194	1223	1205	1694	1245	1129	1193
LOC141456394	2	4	2	4	1	2	1	2
LOC141456403	34	22	33	36	25	9	17	18
LOC141456400	0	0	0	0	0	0	0	0
Hs2st	224	259	317	278	431	486	484	309
Megf8	429	296	511	417	519	274	359	437
LOC141456416	0	0	0	0	0	0	0	0
LOC141456409	524	517	547	437	718	545	416	443
LOC141456414	8	0	2	3	4	1	3	3
Ddc	426	398	416	508	884	526	497	700
Ahcy	5405	6643	5836	4563	2695	5513	5929	3091
VhaAC39-1	2301	2534	2496	2323	3738	3241	2699	2835
Dlic	1159	1182	1424	1364	2432	1855	1741	1757
LOC141456398	652	581	491	554	942	984	693	665
LOC141456399	5367	4892	6520	6680	9106	5621	5206	7280
Fis1	1088	1206	1133	1200	2140	2106	1870	1653
caps	1107	949	1281	1282	1954	1438	1582	1468
LOC141456593	0	0	1	1	0	1	0	0
LOC141456419	1	2	4	5	9	5	2	8
LOC141456420	2	3	4	4	3	1	1	12
LOC141455377	6	5	11	8	3	3	1	7
LOC141456418	19	0	2	5	5	5	18	6
LOC141455504	291	312	301	188	2	236	222	10
LOC141455448	0	0	0	0	0	0	0	0
TRNAR-UCG_1	0	0	0	0	0	0	0	0
LOC141455550	2181	2280	3014	2939	4682	3169	3225	3648
LOC141455560	78	109	125	77	6	55	53	12
LOC141455561	483	634	631	488	831	675	546	629
LOC141455558	648	555	832	715	1016	815	762	742
LOC141455557	434	443	477	500	947	792	705	707
LOC141455562	9	10	11	7	13	12	8	1
LOC141455555	149	120	155	143	197	171	121	160
Eogt	759	776	807	779	877	888	675	664
LOC141455559	194	213	179	230	365	266	233	255
Rcd5	349	371	367	319	520	417	381	389
LOC141455556	735	633	812	653	928	590	472	815
LOC141455540	0	0	0	0	0	0	0	0
LOC141455564	0	0	0	0	0	0	0	0
mib1	761	613	928	962	1003	665	589	934
LOC141455563	2	0	0	0	1	1	0	4
LOC141455565	0	0	0	0	0	1	0	0
LOC141456588	0	0	0	0	0	0	0	0
LOC141455552	366	414	423	425	663	477	415	489
LOC141455326	0	0	3	2	3	0	1	4
LOC141455542	356	335	453	456	728	475	468	527
LOC141456433	0	1	1	0	1	0	0	0
LOC141456432	3	3	1	6	1	2	3	5
LOC141456372	1	0	1	0	0	0	0	1
LOC141456370	1336	1284	1837	1873	1894	1361	1306	1397
LOC141455907	1	1	4	1	2	3	1	2
LOC141456371	0	0	1	0	2	5	2	3
Six4	5	7	1	6	4	2	2	4
Trl	688	624	860	728	892	718	778	769
LOC141456493	1928	1690	1803	1676	2030	1889	1817	1537
LOC141456586	2	3	6	1	3	7	6	3
LOC141456500	13	3	6	5	9	10	5	8
LOC141456487	101	55	59	64	97	39	57	43
LOC141456492	957	914	1162	1167	1537	1054	1000	1119
LOC141456501	2	1	3	4	12	2	0	2
LOC141456490	603	626	707	711	1292	917	884	952
LOC141456497	213	226	212	246	395	423	530	405
LOC141456488	3339	3257	3803	3621	5046	3787	3979	3481
LOC141456495	1466	1412	1711	1454	1526	1939	1722	1240
LOC141456489	1794	1848	2224	2459	3539	2142	1922	2367
LOC141456123	6	5	6	19	1	7	17	4
LOC141456499	6	5	7	10	3	0	0	8
hrg	3005	2583	3233	3163	3814	2623	2700	2510
LOC141456498	4	2	8	0	2	1	1	0
Iyd	0	0	0	0	0	1	0	0
IFT46	104	87	80	109	75	112	68	60
LOC141455987	4784	6664	4787	4980	3	11294	10017	522
fs(2)ltoPP43	374	397	369	359	592	761	592	453
kappaB-Ras	824	851	891	790	1072	1023	903	833
LOC141455989	605	651	697	628	1426	1437	1383	1071
LOC141455992	0	0	0	0	0	0	0	0
LOC141455988	171	85	223	134	213	112	113	203
LOC141455995	0	0	0	0	0	0	0	0
LOC141455716	0	1	0	1	1	0	0	0
LOC141455778	0	0	0	0	0	0	0	0
LOC141455507	0	0	0	0	0	0	2	0
LOC141455916	0	0	0	0	0	0	0	0
LOC141456504	0	0	0	0	0	0	0	0
CSN8	599	689	685	654	813	816	706	721
ab	144	82	190	182	234	117	152	154
LOC141455384	0	0	0	0	0	0	0	0
LOC141455767	1	0	0	1	0	0	0	0
Ca-beta	2822	2243	3440	3075	4402	2347	2281	3228
LOC141455383	0	2	2	0	1	2	0	5
LOC141455901	1	3	0	0	2	1	0	0
LOC141455919	82	201	219	98	21	54	56	42
LOC141455981	0	0	0	0	0	0	0	0
TfIIB	773	823	807	813	1284	1289	1255	1019
l(2)37Cd	335	337	379	374	532	462	385	429
LOC141456283	626	579	668	664	896	737	735	669
LOC141455777	0	1	1	0	0	1	0	0
LOC141455380	0	0	0	0	0	1	0	0
LOC141455375	19	46	143	84	11	78	80	32
LOC141455376	0	1	0	0	0	0	0	0
LOC141455883	22	0	2	3	0	2	78	0
LOC141456601	0	0	0	0	0	0	0	0
TRNAA-CGC	0	0	0	0	0	0	0	0
LOC141455446	0	0	0	0	1	0	0	0
LOC141455616	0	0	0	0	0	0	0	0
esg	50	35	85	89	86	41	56	75
TRNAH-GUG_6	0	0	0	0	0	0	0	0
TRNAH-GUG_7	0	0	0	0	0	0	0	0
TRNAH-GUG_8	0	0	0	0	0	0	0	0
TRNAH-GUG_9	0	0	0	0	0	0	0	0
mdy	1163	1309	1520	1417	2454	2040	1574	1596
LOC141456071	110	1	1	1	3	1	182	0
LOC141456070	767	626	903	905	1359	909	773	1077
LOC141455906	0	0	0	0	0	0	0	0
LOC141456609	0	0	3	0	3	0	0	2
LOC141455548	0	0	0	0	0	0	0	0
LOC141455538	1	0	1	0	0	0	0	0
LOC141455549	0	1	0	0	0	0	0	1
LOC141455697	0	0	0	0	0	0	0	0
LOC141455910	0	1	0	0	0	0	0	0
LOC141455908	0	0	0	2	1	0	0	0
LOC141455963	2729	2477	3285	3188	4994	3492	3146	3346
Bulli	424	453	587	512	841	728	708	579
LOC141455964	2	0	0	1	2	6	5	0
LOC141455962	1671	1658	1891	1303	37	722	570	43
LOC141455351	2034	2050	2163	2029	1945	2396	2087	1583
TRNAN-GUU_1	0	0	0	0	0	0	0	0
LOC141455405	0	0	0	0	0	0	0	0
TRNAM-CAU_5	0	0	1	0	0	0	0	0
LOC141455382	1143	790	1144	1202	1780	778	779	1120
TRNAK-UUU_5	0	0	0	0	0	0	0	0
LOC141455402	14	5	7	11	13	14	15	33
LOC141455394	2	3	2	6	14	11	10	5
stai	3529	3688	3873	4515	8587	6031	4804	5869
LOC141455434	3	0	1	2	2	1	1	2
LOC141455406	24	3	8	5	7	4	6	21
LOC141455396	781	723	769	752	1048	752	703	772
dysc	886	672	1117	1035	1450	722	879	1060
Rgl	616	505	602	548	797	609	542	566
LOC141455400	2	2	0	0	6	0	4	1
dgt1	645	623	644	562	764	818	807	667
Wdr33	497	545	573	623	972	853	892	731
wb	1190	846	1275	1226	2433	1221	1018	1584
LOC141455404	18	36	32	20	17	24	7	9
LOC141455401	288	314	276	284	610	576	398	415
LOC141455397	5194	4738	5917	6045	9736	8672	8011	7417
LOC141455769	0	0	0	0	0	0	0	0
LOC141455670	2	4	14	4	7	14	3	5
LOC141455407	19	2	17	9	18	16	20	17
LOC141456065	107	154	168	159	37	294	363	63
LOC141456191	0	0	0	1	0	0	0	0
PIG-G	195	219	260	186	215	205	137	186
kz	406	395	469	478	762	819	761	618
YL-1	261	234	238	234	431	363	413	323
LOC141456067	43	31	44	30	63	49	57	55
LOC141456073	1126	933	1336	1157	2311	1396	1429	1821
LOC141456072	1	0	0	0	0	0	0	0
Seipin	494	553	659	614	727	970	952	588
LOC141456057	444	450	560	493	742	475	410	549
LOC141456061	0	0	1	0	0	0	0	0
LOC141456060	38	49	124	59	16	69	47	28
LOC141456062	19	26	26	18	27	13	19	20
LOC141456059	107	185	229	148	106	414	361	203
LOC141455499	0	0	0	0	0	0	0	0
LOC141456129	0	0	0	0	0	0	0	0
LOC141455500	0	0	0	0	0	0	0	1
LOC141455680	0	0	0	0	0	0	0	0
LOC141455681	0	0	0	2	0	0	0	0
LOC141456347	104	79	119	111	170	93	101	123
LOC141455498	0	0	0	0	1	0	1	1
LOC141456348	0	1	2	0	2	0	1	3
LOC141455734	0	1	3	2	3	3	1	4
CycB3	34	51	37	28	50	60	30	39
Pex1	536	524	644	585	820	746	741	650
LOC141456610	0	0	0	0	0	0	0	0
LOC141455447	60	79	54	38	37	107	56	24
LOC141455443	64	56	52	39	131	65	52	78
LOC141455566	3	1	0	1	2	1	0	1
LOC141455696	109	89	117	95	234	112	111	137
kkv	2	9	11	25	26	30	155	161
rec	91	103	130	110	199	150	115	138
mxt	608	583	682	671	953	675	697	526
mnd	10	3	3	7	20	26	23	10
LOC141455668	0	0	0	2	1	0	2	0
LOC141455663	86	92	153	166	148	61	79	81
sky	2794	2498	3124	2993	4294	2801	2627	3085
Rpp30	282	323	287	242	445	450	338	313
APC4	87	65	96	81	74	69	89	62
LOC141455664	795	777	865	818	1265	841	933	1002
kat80	466	433	596	576	663	672	745	510
Bgb	378	393	385	464	668	461	364	497
LOC141455667	0	0	2	0	0	0	0	0
LOC141455669	0	0	1	2	3	1	2	0
LOC141455708	0	0	0	0	0	0	0	0
LOC141456595	1	1	3	3	1	0	0	0
c11.1	907	855	1082	1089	1498	1257	1287	1218
tim	186	213	458	384	256	215	210	222
LOC141455714	0	16	26	17	24	15	4	18
LOC141455712	1156	893	1460	1333	2164	1287	1589	1651
LOC141455508	0	0	1	0	1	0	0	1
LOC141455713	323	341	348	304	469	392	321	357
LOC141455711	475	506	584	545	1254	1382	1236	1003
Vps52	454	440	481	434	684	652	645	563
Fbw5	1100	999	1046	782	878	903	783	647
LOC141456376	2024	2414	2485	2289	1106	887	740	839
LOC141455974	698	707	777	864	1228	1125	1244	826
LOC141455973	443	443	488	478	922	853	860	706
EndoB	1071	1091	1235	1219	2240	1368	1448	1511
O-fut1	179	180	215	251	318	256	258	254
LOC141455977	834	896	870	893	1201	1591	1331	927
LOC141455439	2	2	4	0	1	0	2	0
LOC141455438	0	1	0	0	1	0	0	0
LOC141455440	0	0	0	0	0	0	0	0
LOC141455575	127	115	103	61	92	140	93	76
LOC141455374	8	5	6	6	2	2	2	2
LOC141455629	1	7	4	9	18	3	8	7
LOC141455433	12	8	7	18	41	19	14	16
Top3beta	720	639	821	732	1287	1083	932	1053
LOC141456280	1553	1407	1983	1742	2338	1747	1811	1730
LOC141455389	83	73	89	88	129	62	79	95
LOC141456130	130	140	162	227	173	245	323	221
LOC141456131	0	0	1	0	0	0	0	0
LOC141456502	438	323	562	519	758	396	514	565
LOC141456503	0	0	0	0	0	0	0	0
LOC141455578	0	2	0	0	1	1	0	0
LOC141456484	4054	5284	6878	4698	1750	1843	1650	1705
LOC141456190	663	532	700	656	1164	697	641	808
LOC141455588	1	0	0	0	1	0	2	1
LOC141455589	0	0	0	0	0	0	0	0
LOC141455509	2	0	0	0	0	0	1	0
LOC141455590	0	0	0	0	0	0	0	0
LOC141456583	41	90	71	46	45	89	98	45
LOC141455617	3	2	5	1	1	1	3	4
LOC141455636	0	0	5	2	3	3	1	2
Ac3	2962	2482	3489	3534	4659	2616	2834	3361
LOC141455635	3	1	16	9	12	4	0	21
Tctp	24874	27500	25952	23464	15948	15120	14796	14382
LOC141455634	94	51	87	99	120	69	102	128
LOC141455632	2825	2708	3338	3105	4583	3010	3008	3062
LOC141455637	204	296	322	299	418	458	368	333
LOC141456585	0	0	1	0	0	0	0	0
LOC141455639	6	4	2	11	2	7	0	15
LOC141455487	0	1	0	3	1	1	0	1
Rtf1	1328	1188	1508	1282	1543	1124	1133	1181
tsr	3073	3504	3306	3064	6588	7702	6190	5324
Secp43	2409	2336	2607	2039	2438	2403	2184	1902
JhI-21	871	952	1039	778	549	1250	987	556
LOC141455486	9	3	2	0	3	0	3	1
LOC141455477	2160	1747	2381	2079	2791	1871	1724	1868
Rpn3	901	947	957	964	1736	1761	1566	1379
mRpL10	476	494	439	457	572	574	438	397
LOC141455484	16	10	25	41	8	26	16	22
Bx42	2047	1991	2092	2079	3353	2640	2764	2403
RabX6	1095	1296	1554	1348	1594	1545	1557	1245
LOC141455978	763	647	864	765	1018	667	752	668
LOC141455570	3840	2926	4518	3764	5776	2789	2789	3950
LOC141455574	1	0	4	0	7	3	0	8
LOC141455571	395	424	550	452	704	580	597	623
LOC141455572	618	519	624	568	583	363	288	336
Mtpalpha	2155	2468	2546	2400	3588	4370	4148	2665
RyR	3269	2446	3710	4060	3689	2121	2118	2877
LOC141455573	0	0	0	0	0	0	0	0
LOC141455441	10	6	14	16	16	5	11	11
LOC141455442	2	0	2	1	0	2	1	1
LOC141456020	6	6	6	7	10	11	2	9
Vps36	1066	1271	1188	1157	1458	1568	1407	1169
LOC141456022	422	497	477	396	3	592	502	29
mus201	555	448	613	535	847	661	495	630
Su(H)	259	225	308	313	421	302	268	294
ck	139	184	204	320	141	405	635	285
LOC141456021	204	182	204	188	324	240	205	249
LOC141456027	0	0	0	1	0	0	0	0
Wdfy2	1032	918	1199	1181	1122	867	961	876
SmB	1085	1114	1078	1022	1899	1954	1530	1456
LysRS	899	913	871	935	1663	2173	2280	1706
LOC141456031	806	833	888	893	1237	1012	984	886
Dnaaf6	21	10	15	10	15	3	6	6
kis	7306	4665	8809	7593	9264	4791	6044	7178
drongo	1334	1335	1537	1409	1235	859	823	810
LOC141456037	1455	1581	1559	1686	3377	4025	3852	2745
Dus2	226	232	235	238	325	263	272	211
Mpp6	30	55	46	56	99	101	126	90
Nop60B	634	802	773	677	1578	2093	2113	1517
LOC141456049	0	0	0	1	0	0	0	2
LOC141456036	34	15	31	36	27	15	17	26
eIF3h	2071	2144	2046	1909	1786	2197	2038	1695
LOC141456038	2201	1886	2470	2588	3761	2347	2072	2507
LOC141456045	414	478	516	463	572	443	539	427
LOC141456042	213	261	255	196	249	252	208	181
LOC141456043	854	892	812	788	847	750	722	606
l(2)34Fd	382	392	380	435	653	610	545	467
Prosbeta2	1283	1445	1356	1129	1395	1503	1245	1089
SelT	1678	1859	1856	1867	3019	3097	2540	2229
LOC141456054	78	102	117	112	107	111	88	48
LOC141456053	2	0	0	0	1	0	2	3
LOC141456056	2	0	0	0	0	1	0	0
LOC141456052	0	0	0	0	1	4	0	0
LOC141456051	0	0	4	2	1	0	1	0
Col4a1	1974	3158	3619	2919	2721	2490	2583	1473
SP555	572	398	571	633	993	584	641	778
LOC141456158	37	61	32	36	46	22	20	12
LOC141455436	1344	1353	1667	1805	2153	1248	961	1232
LOC141456486	6	8	12	2	14	3	7	8
LOC141455567	0	0	0	0	0	0	0	0
LOC141455725	0	0	0	0	0	0	0	0
LOC141455698	1	0	0	0	0	0	0	0
LOC141455671	0	0	1	0	1	0	1	0
LOC141455657	0	0	0	0	1	0	0	0
LOC141455884	0	0	1	0	0	1	0	0
LOC141456250	0	0	0	0	0	0	0	2
LOC141455909	0	0	1	0	0	0	1	0
OR22	0	0	0	0	0	0	0	0
LOC141455515	0	0	0	0	0	0	0	0
LOC141455591	0	0	0	0	0	0	0	0
LOC141456485	211	134	243	220	399	227	204	289
LOC141455592	0	0	0	0	1	1	0	1
LOC141455385	0	0	3	0	2	0	0	0
LOC141455386	0	0	0	0	0	0	0	0
LOC141455593	0	0	0	0	2	0	0	0
LOC141456282	0	0	3	3	3	3	0	5
LOC141456334	4	7	4	8	1	1	2	3
LOC141456333	8	8	0	6	3	2	0	5
LOC141456332	9	7	2	9	3	3	1	3
LOC141455594	1	0	3	0	1	0	0	0
LOC141455627	0	0	0	0	0	1	0	0
LOC141455626	0	0	0	0	0	0	0	0
La	860	939	920	970	1805	2347	2398	1692
slmo	8154	8834	9325	7825	5476	4512	3945	4705
LOC141456248	362	430	427	323	568	388	333	350
Aladin	398	364	348	382	666	644	587	476
LOC141456247	948	862	1158	1103	1797	1536	1358	1529
LOC141456249	1165	1425	1560	1132	1228	1489	869	1756
LOC141455388	456	550	595	628	927	340	556	484
LOC141455324	10	11	9	7	1	1	3	6
Pka-C3	675	638	697	813	1107	619	535	737
slf	416	633	396	732	866	16930	11168	1187
LOC141455882	0	0	0	1	0	6	4	0
LOC141455930	110	129	165	143	261	217	233	200
LOC141455928	1259	1344	1579	1650	2623	2554	2770	1958
Ziz	1185	1068	1422	1437	1954	1114	1191	1276
LOC141455940	0	0	0	0	0	0	0	0
nrv3	10186	9657	11853	12143	19892	13134	12447	15263
MED15	976	910	1168	1191	1730	1191	1332	1278
LOC141455935	62	62	63	52	81	73	57	49
LOC141455942	44	58	49	57	51	50	37	47
Stam	1602	1715	1998	1820	2644	2174	2160	1908
LOC141455941	11	15	24	22	20	6	16	19
LOC141455931	858	924	942	989	1281	1034	1019	888
LOC141455923	55	44	68	60	57	71	36	40
LOC141455939	0	0	0	0	0	0	0	0
LOC141455934	4705	5335	5214	4997	6039	7750	6866	4492
Rab5	1479	1402	1706	1559	2307	2182	1993	1827
LOC141455927	76	99	123	112	60	114	90	54
Rab14	1117	1008	1180	1110	1933	1385	1512	1357
LOC141455922	1343	1277	1510	1482	2402	1762	1795	1882
Arpc5	928	1005	969	903	1119	1521	1242	832
LOC141455926	1353	1323	1418	1418	1927	1485	1210	1273
Asx	1059	912	1223	1118	1358	999	924	1055
LOC141455951	373	377	382	391	655	547	413	376
ncm	962	937	1065	1021	1250	1106	1187	907
LOC141455949	5318	5485	4594	3369	838	2345	1710	702
Prx6a	1543	1836	1747	1807	3555	3321	2745	2603
Rbcn-3B	3286	2814	3674	3498	5294	3539	3754	4012
LOC141455947	3	7	10	4	14	6	4	5
LOC141455946	566	696	633	573	1006	1278	1198	840
LOC141455306	2161	2492	2506	1912	2193	2001	1389	1548
Ppt2	377	379	504	484	560	529	476	417
LOC141455317	154	146	163	170	214	230	172	184
LUBEL	1250	975	1375	1607	1380	1142	1058	1093
LOC141455319	43	52	57	42	80	47	32	77
PDF	0	2	1	0	0	1	1	1
LOC141455314	1622	1314	1585	1633	2013	1390	1360	1347
eys	979	606	974	1026	1103	476	578	778
Mer	197	208	238	251	330	243	240	250
rempA	267	226	293	254	372	270	249	297
LOC141455322	2	0	1	2	3	1	0	4
LOC141455315	3955	3551	4342	4528	6833	4287	3970	5399
LOC141455323	1	0	0	1	5	0	2	4
LOC141455321	1	0	4	0	0	2	0	0
LOC141455320	0	0	0	0	0	0	0	0
LOC141455318	436	474	484	403	535	539	456	388
wuho	103	80	104	102	164	157	168	118
Rpt4	1021	1093	995	935	1621	1805	1545	1245
LOC141455307	574	681	656	684	974	792	751	753
Mettl3	536	519	581	512	841	752	680	601
mRpL24	182	233	203	237	395	400	364	332
RfC4	160	174	209	195	344	318	244	212
LOC141455302	465	439	483	464	422	485	448	291
mldr	479	494	467	487	535	480	425	405
HisT	7296	7021	7866	8349	11492	8189	7201	8772
Neto	415	407	437	365	560	392	375	373
LOC141455497	0	0	4	0	2	1	1	0
LOC141455630	1	0	1	0	0	1	0	0
LOC141455372	2	1	2	1	0	0	0	0
LOC141455370	33	17	23	15	25	13	7	18
LOC141455358	506	500	492	503	644	682	659	435
LOC141455373	32	13	15	11	8	7	11	13
LOC141455369	122	106	142	131	159	112	109	113
LOC141455363	15	12	13	7	9	8	7	10
LOC141455368	1907	2091	1927	1885	3851	3457	3189	2925
CtsK1	5474	7089	8606	5701	4871	4309	4478	3960
LOC141455367	501	425	452	469	724	520	539	525
LOC141455360	2044	1876	2358	2164	3162	2420	2202	2199
Psi	7765	6708	8418	7448	10441	7090	7306	6962
LOC141455366	4565	3089	4589	4180	7252	3745	3624	5965
LOC141455371	0	0	2	0	0	3	0	2
LOC141455674	0	0	0	0	0	1	1	1
LOC141455604	5	10	14	12	14	3	2	7
Dek	4	3	7	7	9	2	3	3
robl	577	634	638	581	1200	1077	904	984
Cse1	1261	1228	1380	1241	2347	2241	2136	1854
LOC141455847	39	31	33	31	28	32	19	30
LOC141455845	1407	1727	1893	1335	1037	3276	3716	1147
LOC141455848	9	13	12	11	19	8	5	18
LOC141455998	423	364	441	410	727	680	450	610
LOC141455996	2099	1801	2571	2377	3288	1831	1868	2463
LOC141455997	0	0	0	0	0	1	0	2
LOC141455999	12	8	16	17	28	11	4	14
LOC141456202	3	2	10	4	9	5	1	5
LOC141455489	0	1	3	0	1	2	0	0
Rgk2	1617	1275	1909	1745	2557	1156	1214	1950
LOC141455968	4	1	0	0	5	3	1	2
LOC141455965	58	282	186	194	752	1839	431	358
LOC141455972	0	0	0	0	0	0	0	0
LOC141455971	1711	1783	1886	1651	2082	1816	1565	1644
LOC141455969	4274	3656	4596	4984	7085	3938	4118	5274
LOC141455970	274	330	349	274	587	717	643	441
LOC141455740	1265	1471	1132	1313	1646	1361	1019	1112
LOC141455739	6	5	5	6	3	1	3	2
LOC141455738	494	3652	1424	822	1757	7596	1916	684
cora	8317	9080	9310	8181	10432	7532	7250	6846
Cbp53E	12967	11244	15065	15014	20257	13586	12765	17033
LOC141456340	6	1	1	0	2	0	0	2
LOC141456339	1	3	2	5	2	3	0	1
Grip75	242	239	328	260	447	399	319	291
LRP1	8988	7847	11253	10728	12154	7766	8221	9449
LOC141456421	9018	9456	10287	9677	12654	12155	10442	9990
LOC141455891	775	760	780	752	1228	1293	1028	999
LOC141455887	26	40	28	32	76	51	41	41
LOC141455889	329	367	350	324	511	449	423	406
LOC141455890	405	410	463	392	441	477	388	459
LOC141455886	576	456	633	588	698	460	416	480
LOC141455892	310	235	301	340	429	324	211	237
Lim3	152	146	199	164	312	187	162	191
LOC141455735	9	3	1	4	1	1	1	3
LOC141456560	3	1	3	1	5	3	1	1
LOC141456559	614	546	733	680	825	477	528	547
LOC141456154	10708	9690	13328	14740	21814	13630	12948	17887
LOC141456525	29	18	16	18	7	8	6	11
LOC141456526	4	0	2	9	1	1	2	0
LOC141456155	0	0	2	1	2	0	0	2
LOC141456156	2	0	0	0	0	0	0	0
LOC141455982	10329	8282	13086	13261	14659	9203	10180	14545
LOC141455984	2	7	9	3	8	3	3	6
LOC141455983	84	53	86	108	120	45	41	59
LOC141455419	0	0	1	0	1	0	0	0
LOC141455418	1185	1020	1150	1080	1024	552	690	438
GckIII	784	649	1045	986	1021	897	1150	921
Acsl	1405	1452	1761	1547	2365	2494	2281	1980
LOC141455425	1275	1224	1339	1449	2113	1657	1350	1562
JMJD4	545	548	524	498	598	438	332	316
Vps15	877	760	991	934	1136	945	846	853
Pcif1	592	563	745	736	961	686	715	719
LOC141455426	1182	944	1280	1174	1711	1256	1310	1297
LOC141455429	11	14	20	13	18	9	16	13
PolH	261	267	263	273	450	310	320	325
LOC141455428	44	27	51	41	68	80	70	47
LOC141455430	16	4	4	27	21	21	52	20
LOC141455431	0	0	1	0	2	0	1	1
LOC141455432	0	0	0	0	0	0	0	0
LOC141455435	3	0	1	1	3	0	1	0
LOC141456069	0	1	4	1	6	2	2	7
LOC141455768	0	0	0	0	0	0	0	6
LOC141455491	0	4	0	0	2	5	3	1
LOC141456349	14	7	13	15	12	7	11	12
LOC141455682	0	0	0	0	0	0	0	0
LOC141456351	1774	1423	2105	2224	2612	1495	1603	2044
LOC141456350	0	2	0	3	1	0	0	1
LOC141455494	1	0	0	2	0	1	0	0
LOC141456599	0	0	1	0	0	0	0	1
LOC141456551	81	161	158	97	13	9	13	17
nrm	705	519	864	935	1036	638	669	796
LOC141456611	0	0	0	0	0	0	0	0
LOC141456354	1266	1116	1416	1405	2268	1488	1651	1636
LOC141456355	442	496	525	482	889	784	733	630
gek	1754	1435	2189	2253	2689	1787	1918	1998
lin	303	284	261	293	374	306	308	341
NC2alpha	839	919	1046	814	1204	1143	990	1011
LOC141456369	11	1	7	10	17	8	10	6
LOC141456357	451	436	594	563	685	595	597	544
l(2)k14505	193	226	223	229	355	285	247	254
mTTF	214	219	239	193	366	244	197	236
LOC141456364	146	145	168	150	251	171	147	179
LOC141456359	860	815	867	1013	1438	1838	1941	1099
LOC141456367	8	18	19	16	34	28	24	29
PIG-M	779	906	911	969	1751	1699	1447	1307
LOC141456361	22	4	41	67	2	1	2	5
LOC141455543	0	0	1	0	0	0	0	2
LOC141455695	7	4	6	3	4	2	7	5
LOC141455694	2	1	3	1	8	2	1	1
Pex6	234	270	276	315	444	455	455	373
SPR	179	85	162	156	198	113	173	178
LOC141456473	1	1	2	0	3	1	8	2
LOC141456472	4	2	4	1	2	3	20	5
LOC141456548	1229	1024	1403	1394	2658	1644	1509	1868
LOC141456549	189	152	194	161	316	153	155	214
LOC141455410	66	62	72	67	99	66	73	98
TRNAL-AAG_2	0	0	0	0	0	0	0	0
LOC141456479	9	8	3	5	1	3	6	17
LOC141456482	0	1	0	1	0	0	0	1
LOC141456478	280	303	319	298	551	419	373	396
Srp9	146	193	201	154	348	484	444	296
LOC141456477	365	465	428	441	778	1089	1032	708
tei	893	780	1017	1134	1673	958	1069	1354
LOC141455656	0	0	1	0	0	2	0	0
LOC141456200	590	1087	872	384	7	2880	2966	60
LOC141456201	16742	15893	16510	21884	0	40540	37065	1738
Wwox	802	822	922	849	1483	1103	1060	975
LOC141456562	0	0	0	0	1	0	0	0
LOC141456563	0	0	0	0	0	0	2	1
LOC141456561	90	85	122	97	161	98	58	103
LOC141455781	341	369	398	362	664	596	525	499
LOC141455783	235	263	300	219	401	512	461	300
LOC141455785	3	7	1	0	5	0	4	0
LOC141455779	6512	5726	6980	6914	9350	5999	5975	6772
Dcps	498	468	550	497	717	660	691	635
LOC141455784	10	10	23	17	30	14	26	37
LOC141455786	8	4	17	7	31	21	16	20
LOC141455780	553	522	613	575	830	576	586	593
RhoGEF2	2488	2335	3229	3029	3330	2317	2484	2366
LOC141455416	2	0	1	0	4	0	0	1
LOC141455413	2	1	2	1	3	0	0	10
Spred	1439	1254	1514	1282	2659	1747	1625	1876
Glg1	2086	1957	2546	2592	3205	2755	2768	2598
hzg	975	878	1155	1174	1253	1000	953	930
LOC141455618	677	695	826	811	1279	1170	1160	921
Uvrag	930	759	901	833	1119	849	847	760
LOC141455622	1629	1723	1897	1678	2495	1819	1648	1655
LOC141455625	13	14	9	16	22	14	11	7
LOC141455619	611	543	654	683	1043	624	631	812
LOC141455621	1	1	1	2	0	0	0	0
LOC141455624	0	1	0	0	0	0	0	0
LOC141455623	0	1	0	2	0	1	1	0
B9d2	0	1	0	0	0	0	0	0
tctn	0	1	2	2	0	1	0	0
LOC141456004	289	329	397	356	505	450	519	375
Prim2	16	10	5	13	78	141	94	48
Rpn8	443	493	504	457	966	1048	967	813
Als2	531	446	736	660	889	560	669	701
dbo	490	471	572	527	901	728	778	648
Rok	1054	919	1310	1227	1455	1136	1236	1216
LOC141456569	16	8	17	35	1	15	2	8
LOC141456571	356	296	414	361	484	498	468	458
NFAT	7214	7038	8658	8198	10522	7529	7599	7537
LOC141456577	1	0	4	0	1	5	1	1
LOC141456579	0	0	0	0	2	0	2	0
LOC141456567	8378	7142	7999	8630	9623	6119	6129	6652
colt	457	512	520	511	1082	1042	967	789
Amacr	424	454	466	416	660	594	405	461
LOC141456578	7	4	3	6	11	5	8	11
Snx6	916	906	1008	942	1262	1004	902	874
LOC141456573	224	196	216	213	458	443	439	368
THG	181	199	168	166	288	279	248	214
kug	2854	2283	3389	3279	4011	3563	3421	2938
GR20	0	0	1	0	1	0	0	3
Tg	184	444	512	276	56	92	83	67
LOC141456257	6	2	10	2	5	7	4	5
LOC141456253	42	28	35	51	40	37	36	28
LOC141456252	18670	16664	21846	23003	26691	15420	14817	18470
Aprt	2283	2003	2328	2119	1982	1460	1258	1372
LOC141456254	113	165	183	152	255	130	169	131
LOC141456265	334	339	362	338	454	383	367	356
LOC141456258	1288	1126	1482	1591	1582	1103	1050	1194
LOC141456270	416	390	405	370	571	327	239	260
LOC141456262	2264	1926	2519	2478	3041	2284	2214	2186
LOC141456272	0	4	16	17	35	4	37	56
LOC141455607	0	0	1	1	0	1	0	0
LOC141456259	3	3	3	2	4	9	5	9
LOC141456268	3	4	4	0	3	0	4	1
LOC141456269	0	1	0	0	0	0	0	0
LOC141456261	9	3	14	7	5	10	8	9
LOC141456264	634	447	690	636	652	319	306	506
LOC141456278	2	0	1	2	0	0	2	0
LOC141456273	1035	1040	1175	1090	2133	1727	1700	1534
LOC141455608	0	0	0	0	0	0	0	0
Tmem18	493	559	570	540	930	884	729	680
LOC141456275	198	299	313	280	494	720	507	399
LOC141456279	2	1	0	3	0	1	4	1
LOC141456277	1	1	0	0	1	3	0	0
LOC141456274	89	155	224	96	23	173	216	33
LOC141455857	0	0	0	0	0	3	1	1
LOC141455855	465	1003	982	1585	2567	4071	2646	1813
LOC141455858	0	1	0	4	1	0	2	1
LOC141455856	2	2	3	4	1	2	0	8
LOC141455861	517	809	607	563	532	1612	959	973
LOC141455862	3	6	8	10	3	10	0	7
LOC141455864	2	2	2	0	1	1	2	2
LOC141455860	10	14	14	17	30	19	6	18
LOC141455859	686	609	755	694	1212	765	718	892
LOC141455868	2	0	2	1	0	0	1	1
LOC141455866	0	2	1	2	1	1	3	0
LOC141455867	2	0	3	4	3	3	0	1
LOC141455863	0	0	0	0	0	0	0	0
LOC141455849	0	0	0	0	0	0	0	0
LOC141455736	3	0	2	3	3	0	1	3
LOC141455865	1	0	0	1	2	3	1	1
LOC141455823	0	0	0	0	0	0	1	0
mRpL13	276	344	301	321	536	456	381	385
Gclm	569	664	663	575	982	1024	853	709
LOC141455458	819	868	821	802	1302	1161	961	961
LOC141455449	6011	4643	6792	7646	8547	4927	4882	6182
Pex13	1245	1449	1504	1520	2666	2860	2947	2147
LOC141455451	378	333	380	362	621	375	354	352
LOC141455452	404	413	379	321	398	329	286	262
LOC141455456	49	31	56	43	23	28	27	24
LOC141455450	1086	1701	1577	1521	1189	2554	2632	1322
Ntmt	218	260	250	240	583	589	569	500
LOC141455609	0	0	0	0	0	0	0	0
Cbl	267	208	365	369	400	335	437	360
LOC141455547	1	0	6	0	4	3	3	4
LOC141456335	1566	1090	1467	1128	1501	1346	1248	1120
LOC141456337	23	25	30	23	55	36	90	64
LOC141456336	0	0	0	0	0	0	0	0
LOC141456288	1260	841	1039	1099	827	896	1156	648
LOC141456294	59	58	88	59	123	104	83	86
LOC141456297	678	786	919	876	1073	767	925	837
LOC141456323	1	0	3	1	3	0	0	1
unc80	5883	4492	6423	5888	8200	4494	4545	6098
LOC141456317	137	110	140	134	171	166	112	118
LOC141456318	142	144	114	166	175	122	111	88
LOC141456293	24	37	39	25	14	124	90	87
LOC141456312	1971	2883	2114	1706	731	1156	919	542
LOC141456314	2515	2449	2854	2688	4859	3363	2873	3602
LOC141456322	0	0	0	0	1	3	5	0
LOC141456319	6	15	7	2	8	12	5	5
LOC141456306	259	270	327	282	414	336	229	264
LOC141456298	250	234	297	248	440	320	234	234
LOC141455885	1	0	0	0	0	0	0	1
LOC141456296	1345	2209	1849	1286	650	544	636	438
LOC141456316	55	84	65	76	84	45	82	60
LOC141456295	2594	2560	3181	2899	4150	3155	3123	3078
LOC141456313	41	41	39	51	80	64	84	55
LOC141456308	1461	1249	1753	1823	2595	1773	1831	2041
LOC141456299	738	717	867	830	1096	862	753	967
LOC141456315	105	88	104	68	134	99	87	83
par-6	717	754	891	849	991	1086	1180	830
HnRNP-K	8411	8432	8447	8072	12617	11741	10153	8371
LOC141456302	195	147	197	211	276	183	209	206
ras	1013	821	965	1101	1483	1072	939	1180
Dysb	203	214	228	196	240	266	246	193
LOC141456324	0	0	0	0	0	0	0	0
LOC141456311	237	411	345	358	68	179	232	54
Dpp10	3378	2644	3962	3912	5853	3154	3406	4421
LOC141456602	0	0	0	0	0	0	0	0
LOC141456321	477	501	505	457	879	570	425	598
LOC141456289	1683	1662	1972	1875	2392	1910	2051	1804
Rs1	632	701	647	623	997	1086	1145	870
LOC141456300	7	6	4	5	12	3	6	3
LOC141456326	460	354	365	344	643	397	489	351
LOC141456330	19	6	5	7	15	10	5	5
ND-B12	281	316	265	248	406	340	302	298
GAA1	1366	1313	1473	1404	1783	1681	1406	1320
LOC141456327	1365	1247	1399	1451	2400	1877	2067	1723
LOC141456331	723	803	793	718	1159	1193	964	871
grsm	3322	3149	3663	3212	3408	2971	2704	2760
RpS12	1685	1948	1637	1389	1402	2432	2306	1501
LOC141455746	2087	1954	2179	2095	3023	2109	1857	2029
LOC141455742	710	687	810	750	824	608	600	567
RpS16	3796	4466	3636	3184	3356	5046	4595	3052
LOC141455751	1752	1400	1975	1820	2693	1512	1446	1780
LOC141455753	489	514	531	528	749	624	510	550
ND-B22	806	894	850	838	1023	965	820	855
px	409	297	532	502	574	398	547	562
LOC141455743	27848	30233	30594	31607	41630	28872	24927	28837
LOC141455760	85	105	76	104	36	86	79	62
RpS7	6450	7759	6638	6022	6861	8602	7415	6060
LOC141455761	27	37	40	35	46	27	14	14
Galphas	4591	4465	5099	4746	6711	5010	4842	5026
Ars2	1556	1512	1742	1609	2103	1858	1872	1503
nvy	155	151	180	181	292	178	138	217
vih	724	740	812	733	1340	1027	910	979
LOC141455752	537	529	582	547	821	882	780	681
LOC141455754	16	20	29	12	21	31	16	10
LOC141455762	8	1	5	5	6	1	7	2
Hasp	17152	16254	20799	21541	27917	17735	16969	18500
LOC141455766	281	209	338	345	433	192	271	347
LOC141455764	2442	1995	2599	2410	3234	2421	2424	2416
LOC141455765	3925	3303	4615	4315	6897	3726	3706	5179
LOC141455333	40	23	41	28	36	27	38	50
Sox15	56	35	59	80	69	73	80	77
LOC141455330	3	8	5	5	7	3	0	0
pds5	1393	1165	1479	1401	1963	1592	1672	1631
LOC141455332	165	159	212	191	325	156	181	268
LOC141455336	0	0	0	0	3	0	0	0
LOC141455337	0	0	0	2	0	0	0	1
LOC141455335	0	0	0	0	0	0	0	0
LOC141455328	0	0	0	0	0	0	0	0
LOC141455338	2531	2443	2911	2477	2463	1833	1732	1887
LOC141455341	708	722	805	741	1360	993	999	872
LOC141455346	27	26	26	13	16	30	16	27
VGAT	1605	1415	1673	1731	2692	1756	1665	2150
LOC141455340	2880	2957	2834	3264	4766	3548	2816	3672
LOC141455342	427	357	370	367	546	491	395	367
Fak	2019	1854	2228	2104	2944	2291	2160	2349
LOC141455345	608	532	729	676	943	768	802	735
LOC141455344	279	307	300	340	540	468	575	329
Art1	2208	2410	2431	2424	4664	4429	3792	3675
Cep89	270	231	266	263	266	235	193	180
EloC	600	635	639	649	989	1054	879	774
LOC141456547	3472	3273	4075	3838	4748	3248	2891	3448
shot	12579	9946	14988	14328	14816	9213	10692	10877
LOC141456519	69	54	63	73	60	46	54	30
LOC141456514	520	545	591	586	698	752	614	534
LOC141456516	0	0	0	0	0	0	0	0
LOC141456515	12	7	13	9	16	20	12	14
LOC141456509	1139	968	1427	1308	1676	1113	1268	1179
LOC141456518	561	646	612	512	818	772	685	701
LOC141456512	221	151	144	145	121	176	178	98
bcn92	205	208	208	191	398	295	234	280
LOC141456511	1010	1051	1043	943	1544	1108	1048	1154
LOC141456510	19333	24968	21736	18419	4	33840	30912	1370
LOC141456520	68	73	63	70	0	80	135	2
LOC141456513	25682	29428	28807	26352	2	38478	31783	1653
LOC141456523	68	15	22	14	27	17	21	14
LOC141456522	267	445	343	296	0	1674	1516	60
LOC141456524	3	1	0	0	0	1	0	0
LOC141456521	12390	17728	16085	13227	18511	14402	14313	12042
sona	84	56	95	111	106	95	153	167
LOC141455791	16	18	16	7	50	99	50	49
Rhp	143	119	138	111	209	111	125	165
LOC141455790	548	638	634	601	1169	1404	1102	936
LOC141455794	56	38	114	67	84	110	108	131
LOC141455793	1076	813	1637	1506	1562	1451	1655	1772
LOC141455795	71	62	72	52	82	40	68	66
TfAP-2	193	112	188	220	317	139	130	222
Sac1	537	539	495	494	882	805	759	691
LOC141455839	364	339	430	464	519	301	364	292
LOC141455836	486	403	531	518	771	459	399	526
LOC141455842	509	628	507	518	900	327	628	409
LOC141455719	206	232	212	221	388	255	259	182
peb	52	95	80	78	63	84	87	46
blo	100	64	74	126	74	77	90	88
LOC141455720	1993	1595	2356	2283	3158	2424	2486	2343
LOC141455724	625	460	751	587	822	504	489	657
LOC141455722	2294	1560	3035	2644	2970	1550	1884	2453
LOC141456197	32	27	38	30	42	29	18	31
LOC141456196	563	479	505	516	712	466	383	380
LOC141456194	97	82	103	110	136	83	64	81
LOC141456192	932	930	979	1019	1080	787	634	777
eya	413	339	423	421	685	547	495	548
LOC141456558	0	0	0	0	0	0	0	0
LOC141456088	212	213	280	235	253	189	184	202
LOC141456080	166	187	176	168	211	161	122	148
Ge-1	742	670	837	734	1260	1151	980	895
LOC141456084	324	378	318	284	338	377	295	315
LOC141456077	2421	2131	2908	2774	3414	2154	2193	2561
LOC141456081	180	209	169	189	380	433	473	342
LOC141456083	357	404	434	459	668	557	452	508
LOC141456079	82	73	102	77	83	50	71	66
LOC141456086	6	7	8	2	14	13	9	7
LOC141456078	422	517	498	443	866	845	944	601
LOC141456085	577	514	543	476	737	716	588	610
LOC141456087	584	670	661	632	1046	960	829	804
LOC141456082	286	304	352	256	342	363	357	289
LOC141456099	1457	1535	1725	1808	2576	2065	2981	2180
Hel25E	5557	4974	5736	5273	6813	6375	6130	4563
Pgi	793	884	800	775	698	1081	945	556
Der-1	414	397	440	375	908	1178	1066	771
Fen1	173	218	181	166	297	272	179	173
LOC141456096	244	203	297	310	459	236	273	373
LOC141456101	550	482	456	470	653	609	577	506
LOC141455610	133	109	122	122	125	112	143	76
AlaRS	4009	4214	4928	4148	2787	3194	3088	2367
Wdr82	388	355	413	368	567	434	455	425
AspRS-m	584	545	640	573	845	727	706	647
ND-13A	393	439	468	455	789	702	632	583
LOC141456104	50	69	56	62	101	92	88	64
Su(dx)	1266	1405	1537	1463	1547	1391	1587	1259
LOC141456092	29	15	33	25	56	83	75	53
Set2	1613	1422	1644	1626	2400	1663	1838	1573
LOC141456117	11	19	19	9	24	10	16	30
LOC141456115	126	146	112	124	203	147	134	119
LOC141456118	310	365	345	320	510	364	248	266
CngB	2068	1781	2179	2077	3531	2435	2162	2551
LOC141455611	15	15	19	18	35	21	17	14
LOC141456108	553	226	571	847	253	68	83	381
LOC141456109	12	20	8	12	18	17	9	20
Zip71B	1468	1646	1676	1491	1984	1491	1246	1250
Tat	1833	2976	3463	2497	6	5779	5445	251
sicily	162	170	164	164	296	331	270	200
LOC141456116	10	8	9	6	11	7	7	12
LOC141456122	0	0	0	0	0	0	0	0
LOC141456113	12	8	11	4	11	5	8	6
LOC141456119	39	32	35	31	86	41	18	37
LOC141456121	113	114	89	110	189	117	74	115
LOC141455444	32	40	19	43	81	25	23	22
LOC141455612	1	0	0	0	0	0	1	0
LOC141455577	0	0	0	0	0	0	0	0
LOC141455576	31	100	11	24	31	6	15	8
LOC141455869	1	0	1	0	2	0	0	1
LOC141455878	107	113	87	131	210	94	79	100
LOC141455874	170	205	192	200	330	314	292	239
LOC141455880	26	67	79	33	55	29	34	118
LOC141455870	593	497	724	634	1052	790	727	764
sloth1	112	97	66	99	91	104	80	77
sloth2	0	0	0	0	0	0	0	0
LOC141455871	73	74	108	71	163	197	136	138
GEFmeso	551	510	665	598	908	713	596	701
LOC141455881	1	1	0	0	0	0	0	0
LOC141456605	0	0	2	0	0	0	1	0
LOC141455879	0	0	1	0	0	0	0	4
LOC141455651	278	269	369	357	631	659	760	609
Piezo	2103	1925	2444	2130	2549	1781	1684	1828
LOC141455653	357	389	337	340	723	884	793	641
jub	2182	1882	2447	2255	2868	1969	1826	1894
LOC141455655	24	27	35	33	24	24	17	22
Oli	1153	950	1322	1211	1814	1110	989	1332
LOC141455493	50	27	66	39	53	49	43	43
rt	479	467	516	522	788	619	633	582
LOC141455895	348	432	340	358	334	247	249	247
Top1	1427	1452	1728	1701	2935	2431	2459	2207
Got2	1074	1237	1327	1196	1751	1804	1753	1388
mRpL3	561	562	518	538	1004	1067	972	836
LOC141455899	75	79	159	152	171	69	110	124
LOC141455900	0	0	0	0	0	0	0	0
LOC141455960	0	0	0	1	2	3	0	0
LOC141455672	0	0	0	0	1	0	0	0
LOC141455579	298	193	396	333	477	299	349	430
LOC141455587	0	1	2	1	1	1	0	1
Cdc23	309	275	332	316	541	505	436	480
Clp	70	93	105	93	152	123	112	100
LOC141455613	1232	1212	1388	1284	2088	1217	1413	1420
LOC141455583	365	429	403	398	497	466	416	335
Fam92	119	96	114	101	117	59	67	90
LOC141455584	453	457	430	460	810	741	644	617
LOC141455580	259	233	273	265	435	411	341	358
fz	305	282	430	345	390	277	282	300
LOC141456589	0	0	0	0	0	0	2	0
LOC141456000	0	0	0	0	0	0	0	0
LOC141456565	98	88	105	96	112	75	110	144
LOC141456137	12095	473	10	8	11	5	7999	2
LOC141456136	133	8	3	4	21	19	17	7
LOC141456138	136	128	143	123	193	195	170	156
PhKgamma	107	131	117	119	138	120	130	108
LOC141456139	406	431	467	560	1227	998	932	971
LOC141456133	599	682	724	512	267	481	485	289
LOC141456134	44	17	26	10	24	21	26	34
CadN	6898	5040	8092	7744	12205	6588	6843	10001
LOC141455502	2	0	1	0	0	1	0	1
LOC141456140	2	2	4	3	2	0	0	1
Phb1	927	1287	1026	951	1751	2085	2039	1748
PIG-T	868	941	1096	856	1551	1805	1365	1166
LOC141456147	650	707	688	646	909	910	711	663
tai	1200	935	1590	1346	1443	959	1274	1301
LOC141456150	0	0	1	0	0	1	0	0
LOC141455614	0	0	1	1	1	2	0	0
RpS18	1811	2079	1681	1673	2267	3310	3121	1995
LOC141456149	281	275	277	243	385	434	322	291
Gpo1	915	1039	1022	811	453	736	938	344
LOC141456153	1104	1061	1345	1264	1628	1232	1130	1252
Mct1	315	184	258	229	307	467	688	304
LOC141456507	12030	10053	13295	12727	20333	12069	11276	15156
TRNAT-AGU	0	0	0	4	0	0	0	0
Kua	67	61	71	65	147	65	90	111
LOC141456451	244	164	329	310	365	307	333	381
Ccm3	365	423	413	391	666	724	647	514
LOC141456444	81	156	85	137	191	38	116	125
LOC141456459	1027	873	865	768	666	1307	1368	605
Catsup	1526	1747	1716	2055	3036	4304	4224	2536
Ttc19	1167	932	1313	1182	1418	1155	1000	1086
LOC141456439	1842	1368	2073	1990	2960	1813	1825	2006
Phlpp	272	288	364	354	336	250	297	307
LOC141456441	310	306	364	356	592	504	404	479
LOC141456453	720	676	702	691	978	680	555	609
LOC141456452	338	355	359	338	299	319	270	227
ome	1828	1308	1995	2267	2250	1138	1482	1868
LOC141455378	5	3	18	12	8	11	5	15
LOC141456457	234	224	248	270	505	425	388	422
smog	2423	2115	2476	2445	4268	2581	2329	2996
LOC141456460	18	23	21	23	34	10	19	20
Rab3GAP1	704	598	791	858	1202	768	850	981
haf	22	13	28	42	18	47	91	58
l(2)k09848	592	629	611	597	938	876	836	644
d4	848	710	1016	1047	1370	884	997	1061
LOC141456461	21	33	20	16	38	25	10	13
LOC141456449	3202	2882	4052	3688	5559	3405	3237	4127
LOC141456435	2921	2822	3623	3396	2981	3539	3603	2168
LOC141456455	2425	2571	2551	1731	72	9293	7550	442
LOC141456454	215	370	263	167	2	1940	1549	43
LOC141455501	73004	89572	86461	59642	4	153228	96904	6931
LOC141455640	0	1	0	1	0	4	0	1
LOC141455641	0	0	0	0	0	0	0	0
LOC141455510	10	9	2	7	10	23	11	1
LOC141456506	3	1	8	1	2	8	7	4
klg	968	764	1091	1207	1530	891	1176	1430
TRNAK-UUU_6	0	0	0	0	0	0	0	0
LOC141456584	3	6	0	0	0	2	4	1
LOC141456241	0	0	2	0	2	1	1	0
LOC141456238	1011	914	1098	1117	1606	1023	972	1133
LOC141456240	2144	2131	2450	2384	4085	3864	3471	3220
Dbp45A	155	175	161	156	398	487	585	404
LOC141456242	40	125	121	47	3	65	191	2
LOC141455772	0	0	0	0	0	0	2	0
LOC141455770	0	0	0	0	0	0	0	0
LOC141455771	1663	1439	2049	2015	3862	2110	2339	2874
LOC141456607	0	0	0	0	0	0	0	0
LOC141455776	0	0	2	1	0	0	1	0
sm	3145	2576	3664	3426	4847	3402	3651	3831
LOC141455775	3	5	7	0	3	13	3	5
LOC141456582	1	1	0	1	0	1	3	0
pall	504	517	546	498	802	660	553	635
LOC141455676	44	41	75	69	59	37	58	43
LOC141456614	0	0	0	0	0	0	0	0
LOC141455678	281	325	325	297	510	458	441	414
LOC141455675	1140	1050	1326	1447	1426	922	976	1026
Nedd8	330	336	307	346	504	469	380	385
Atg6	453	403	464	408	589	662	635	551
LOC141456342	49	58	63	61	58	49	24	24
LOC141456343	0	1	2	0	6	0	0	1
LOC141456580	0	0	0	0	0	0	0	0
LOC141455615	2	2	3	4	6	2	0	5
LOC141456055	2	0	0	2	0	1	0	0
LOC141457226	556	571	695	742	953	516	572	595
LOC141457228	0	0	1	2	0	3	0	1
LOC141457225	1622	1798	2145	1835	1676	950	828	1217
LOC141457227	0	0	0	0	0	0	0	0
LOC141456975	5	3	4	1	6	1	1	6
LOC141456977	0	0	0	0	0	0	0	0
svp	397	405	563	476	895	593	513	556
LOC141457057	0	0	3	1	3	1	1	4
LOC141457055	0	0	0	0	0	0	0	1
LOC141457063	0	0	0	0	0	0	0	0
LOC141457050	3004	2793	3312	3666	5068	3222	3139	3444
Vps45	539	498	653	700	945	744	665	717
LOC141457054	151	151	141	159	307	280	263	198
LOC141457051	1252	1022	1242	1159	1674	1248	1277	1116
LOC141456811	3	10	11	7	4	2	1	6
LOC141457001	472	502	526	484	718	598	528	532
noi	499	522	562	512	824	655	706	670
LOC141457002	198	137	232	220	255	187	215	211
LOC141456998	229	278	228	352	332	206	407	267
LOC141456999	534	488	798	655	722	649	508	740
LOC141457003	0	0	2	1	2	2	0	2
LOC141456827	24	11	20	16	25	14	14	19
LOC141456826	7	9	11	6	2	19	7	2
LOC141457064	0	0	0	0	0	0	0	0
LOC141457065	1836	1500	1855	2046	3666	2070	2366	2877
LOC141457081	13	9	23	14	11	7	3	12
LOC141457085	19	86	54	27	16	72	22	20
LOC141457082	5	2	10	2	9	1	5	5
LOC141457334	538681	737366	581046	467322	11	586489	433896	27632
LOC141457335	9128	14941	12026	7430	0	11297	9645	421
LOC141457066	0	1	0	0	0	0	0	0
LOC141457379	0	0	0	0	1	1	0	2
LOC141457067	46	22	110	48	1	83	56	4
LOC141457068	0	1	2	0	3	2	3	0
LOC141457086	3	6	11	9	7	3	2	12
LOC141457087	4	1	5	2	7	2	1	7
LOC141457083	97	82	119	157	188	83	135	207
LOC141457080	228	233	282	295	547	361	317	416
LOC141457088	2	1	2	1	2	2	6	0
Ak3	219	237	289	217	413	270	232	295
LOC141456943	81	51	74	120	111	61	50	92
LOC141456938	247	228	268	249	353	222	217	267
Alg14	250	283	315	233	278	359	244	232
LOC141456948	0	0	3	0	3	1	0	0
LOC141456949	14	3	11	17	22	17	16	10
LOC141456941	666	751	824	773	1072	812	635	729
Nin	1141	959	1311	1232	1348	1016	1068	1032
Eaat2	5460	4437	5892	6036	9809	5250	5772	7011
LOC141456944	265	247	263	287	451	365	320	256
Amnionless	267	150	35	8	54	2	7	8
LOC141456966	2	0	0	0	0	0	0	0
LOC141456830	0	0	3	0	0	0	1	0
LOC141456831	20	14	26	16	28	20	14	18
LOC141456972	5	7	10	2	1	2	2	4
LOC141456970	6	8	8	3	22	7	11	4
LOC141457069	1	1	0	0	1	0	0	0
Tmtc2	1943	1386	1574	1639	3306	1575	2047	2516
LOC141456971	3	4	7	2	7	4	6	5
LOC141456973	3	1	7	3	5	4	1	14
LOC141456631	10	6	6	5	21	15	20	9
LOC141456632	7	4	3	2	16	11	11	4
LOC141456630	28	18	8	21	63	26	41	41
LOC141457219	108	91	128	99	143	124	72	70
LOC141457218	453	414	465	446	812	487	565	648
LOC141456875	18	49	4	14	25	20	22	18
mh	191	167	208	179	291	325	211	207
LOC141456993	0	1	0	0	0	0	0	0
LOC141457162	0	0	0	0	0	0	0	0
LOC141457070	0	0	0	0	0	0	0	0
Dtwd2	160	160	154	164	265	293	252	229
LOC141456792	1467	1803	2006	1436	924	1115	1134	793
LOC141456782	0	0	1	0	0	0	0	2
LOC141456781	0	0	0	1	0	0	0	0
LOC141456807	29	19	25	24	33	24	36	19
LOC141456808	3	2	3	9	9	3	8	3
LOC141456800	5	2	14	5	6	6	2	2
LOC141456805	95	50	103	68	227	141	127	128
LOC141456797	125	101	130	133	149	69	63	69
LOC141456803	168	201	189	196	112	131	135	69
LOC141456794	1618	1492	1833	1645	1668	1243	1029	1287
Gpb5	968	963	982	1007	1876	1249	1072	883
klhl10	4	18	17	4	3	13	9	2
LOC141457386	0	0	0	0	0	0	0	0
LOC141456798	31	63	43	56	39	288	304	109
LOC141457375	0	2	0	1	0	1	2	0
Gpa2	33	37	35	23	51	31	14	19
scat	1027	892	1058	1097	1491	1093	1158	1008
LOC141456806	59	41	76	45	86	85	52	58
LOC141457182	1	3	1	5	0	5	3	3
Dscam1	8365	6588	8867	9162	13051	7199	7858	9070
bsf	1666	1663	1815	2017	3837	3995	4129	3334
LOC141457178	82	70	109	79	150	137	147	137
Ho	283	268	274	291	401	422	327	287
LOC141457181	353	350	409	350	534	371	316	382
LOC141457183	15	23	33	31	34	31	24	24
LOC141457184	10	7	10	10	7	6	7	2
LOC141457198	40	39	49	43	43	31	35	35
LOC141457187	1607	1584	1870	1659	2049	1627	1582	1512
Utx	662	451	836	765	804	398	509	600
LOC141457199	0	0	1	0	4	4	0	1
Cul4	921	1008	1111	1064	1611	1570	1589	1251
LOC141457190	1073	1132	1255	1227	1754	1631	1425	1354
hpo	594	576	754	742	1021	1057	1065	755
LOC141457196	276	245	249	267	427	539	374	393
Ddx1	1030	971	1101	1146	1847	1547	1628	1475
temp	243	292	288	284	481	404	361	403
LOC141457197	326	307	317	381	632	568	593	478
LOC141457195	1153	1308	1209	1264	1750	1585	1457	1236
Egm	0	0	0	0	0	0	0	0
LOC141457200	22	7	17	12	27	16	18	28
MESR3	905	900	900	821	929	1716	1347	691
LOC141457349	13	8	19	16	17	6	15	16
LOC141457350	13	6	9	14	25	15	18	13
LOC141457351	429	444	471	425	861	913	754	740
LOC141457348	305	144	162	171	176	137	116	200
LOC141457355	440	442	457	341	560	568	458	462
LOC141457356	444	481	822	574	671	526	558	601
LOC141457352	36	28	25	39	49	53	49	44
LOC141457368	2	0	0	1	1	1	0	1
LOC141457366	91	89	108	93	126	59	92	115
LOC141457369	16	15	19	18	19	16	13	9
ACC	1549	1833	2229	2441	1832	3515	4082	1826
LOC141457363	1409	1249	1470	1522	2596	1975	1584	1971
LOC141457370	2	1	2	0	2	3	2	2
LOC141457365	1800	1509	1887	1951	3215	1923	1802	2308
Patr-1	484	458	564	558	840	625	660	642
swm	1597	1463	1646	1580	2188	1431	1482	1444
LOC141457367	125	109	117	109	10	80	95	17
ATP7	1449	1904	1800	1716	1654	4096	3797	1219
LOC141457364	1273	1119	1571	1354	1712	1084	1018	1323
emp	950	1655	1634	1452	2475	2632	1747	2213
LOC141456913	16	26	79	41	32	27	27	43
LOC141456914	9	8	11	7	14	3	7	7
LOC141456909	2871	3161	3243	3125	2750	4176	3715	2389
LOC141456910	397	411	509	465	582	520	473	431
LOC141456911	397	343	377	341	418	283	254	236
LOC141456912	533	331	407	414	575	383	260	364
Alg11	628	700	781	672	1225	1138	1140	929
LOC141456638	0	0	0	1	0	1	0	0
Wdr62	1720	1350	2086	2052	2516	1630	1811	1816
LOC141457020	17	4	21	18	27	10	14	12
dia	966	992	1172	995	1008	1066	1000	732
Glys	667	693	787	803	846	926	975	610
LOC141457024	539	415	646	625	679	608	713	525
LOC141457025	3	2	0	3	2	2	2	5
LOC141457026	2	1	2	1	4	2	3	12
LOC141457037	1394	1155	1394	1301	959	1441	1124	545
LOC141457040	1	4	1	0	0	0	0	2
LOC141457044	130	145	91	84	93	38	29	27
Ets97D	498	480	498	449	566	479	473	421
LOC141457038	455	395	614	610	517	312	270	327
LOC141457045	19	19	30	21	15	11	11	20
LOC141457043	9	10	18	10	13	7	7	11
LOC141457046	0	1	4	0	6	0	0	6
LOC141457041	105	105	130	111	128	146	181	84
LOC141457047	3	3	2	1	0	5	1	2
His2Av	1178	1211	1177	1066	1494	1363	1071	1071
Cad87A	978	841	1083	1308	2026	1340	1401	1548
LOC141457171	0	0	0	0	0	0	0	0
LOC141457170	1	0	0	0	0	0	1	0
LOC141457173	253	227	267	276	439	278	285	325
LOC141457172	97	84	101	100	154	139	100	104
LOC141457320	1136	2185	3607	651	82	1184	283	56
LOC141457321	7	5	16	6	12	8	11	10
LOC141457319	771	741	917	842	1802	1351	1029	1073
LOC141456791	294	303	293	326	540	558	475	381
LOC141457157	1	1	3	5	4	6	4	4
LOC141457158	0	0	0	0	0	0	0	0
LOC141457151	328	325	403	473	844	581	537	616
LOC141457156	0	0	0	0	0	0	0	0
myo	22198	50807	44603	11426	151	13538	4512	546
LOC141456777	0	1	1	0	0	12	5	0
anchor	1498	1340	1743	1809	2769	1905	1749	2147
LOC141456780	0	1	1	0	0	0	0	0
LOC141456775	380	380	447	400	523	481	493	313
LOC141456776	259	251	277	285	429	309	277	227
Pen	302	300	354	341	497	650	578	363
LOC141456764	299	270	271	343	525	421	464	423
Pdrg1	244	252	249	264	415	416	325	349
LOC141456771	376	493	418	437	414	521	468	311
LOC141456765	435	415	520	477	1046	1005	794	732
LOC141456761	1184	1015	1049	1139	1726	1692	1609	1170
LOC141456768	877	757	898	963	1318	980	911	895
LOC141456766	1134	1057	1207	1288	2097	1513	1498	1336
Pino	2900	2725	3065	2716	4649	3745	3638	3150
LOC141456767	1	4	3	2	0	4	4	2
LOC141456778	2	17	3	6	3	6	8	7
LOC141456779	108	102	106	75	142	136	222	117
LOC141457207	684	552	777	783	1183	773	829	969
LOC141457208	699	714	735	689	497	410	358	375
LOC141457210	60	61	63	51	94	84	72	59
Ccdc58	206	225	222	198	354	458	416	299
SamDC	843	870	899	987	2034	1504	1361	1460
LOC141456673	6	9	10	14	9	5	7	4
LOC141456671	593	505	504	588	1140	1085	1287	898
LOC141456679	384	455	506	396	717	646	543	581
LOC141456676	175	140	172	134	204	169	107	150
LOC141456672	1178	1182	1591	1467	2040	2777	3439	1832
TRNAA-CGC_1	0	0	0	0	0	0	1	0
LOC141456675	638	585	702	682	1146	1049	1101	884
Pgant7	666	591	803	682	1092	831	749	761
Tusp	1299	1085	1489	1542	2620	1453	1641	1987
LOC141456716	1	0	2	0	1	0	1	0
Rim2	1036	1009	1295	1109	1057	950	742	772
LOC141456713	699	759	794	809	1241	1070	871	935
LOC141456717	452	568	734	540	640	457	431	464
LOC141456718	505	513	572	523	652	490	433	444
LOC141456712	328	371	449	397	595	401	447	463
Zyx	1052	952	1130	1163	1491	1180	1281	1051
LOC141456711	743	618	881	859	1135	991	1109	906
LOC141457019	0	0	0	0	0	0	0	0
LOC141457234	372	336	434	398	665	636	607	519
LOC141457253	0	1	4	1	6	4	1	7
LOC141457249	361	329	369	404	526	425	368	360
ifc	3836	4366	4255	3982	4491	4151	3359	3323
LOC141457239	237	224	252	259	459	415	407	363
Fdh	1730	1959	1714	1489	1390	1846	1746	1194
PIG-F	134	134	138	146	176	154	124	153
Ltn1	691	706	775	768	1093	1148	1206	902
LOC141457229	796	714	860	860	1100	840	782	783
Fancl	10	4	7	10	23	18	20	21
LOC141457238	1902	1919	1987	1923	3513	2369	2108	2525
LOC141457242	3	8	10	8	2	8	7	11
chico	1443	1213	1929	1536	1082	718	666	782
SdhA	1712	1739	1966	2046	3091	2823	2570	2343
LOC141457252	7036	8293	6802	5914	3902	5492	6128	3543
Polr1B	683	674	762	626	903	953	950	706
eIF1A	4437	4600	4888	4467	3803	3356	2983	3024
LOC141457231	1718	1623	2129	2173	2229	1773	1930	1587
ash2	1211	1275	1492	1243	1417	1170	1042	955
LOC141457244	456	1140	1368	536	22	100	67	20
Csgalnact	1019	890	1128	1106	1834	1221	1196	1333
LOC141457254	1	1	3	1	4	0	1	5
LOC141457049	2	1	5	0	1	1	2	3
LOC141457236	4	3	8	4	5	0	2	4
LOC141456787	2	0	4	1	0	2	2	0
LOC141456788	2	4	3	4	2	7	2	2
LOC141457387	0	0	3	0	2	0	1	0
LOC141457339	45	67	46	44	42	20	19	54
LOC141457326	50	30	22	26	64	40	31	52
LOC141457325	1884	1667	1840	1649	991	798	812	792
LOC141457324	146	149	140	150	224	176	117	133
sqd	15263	14239	15761	14857	18362	16139	14431	14726
rin	7009	6994	8235	7004	5754	5559	6098	5094
SPARC	2701	3639	3465	3004	3635	3125	2367	2328
bur	1047	1100	1201	1208	2455	2955	2907	2037
LOC141456958	621	436	629	584	1087	541	611	795
LOC141456979	1437	1053	1556	1740	2309	1444	1593	1822
LOC141456756	2	1	5	3	6	0	1	6
Roc2	472	442	418	434	635	511	489	558
LOC141456990	70	73	114	91	125	99	83	106
LOC141456983	16	12	33	22	17	570	760	106
TRNAR-ACG_2	0	0	1	0	0	0	0	0
TRNAW-CCA_1	0	0	0	0	0	0	0	0
LOC141456982	168	200	181	167	41	216	186	50
LOC141456981	2274	3180	2864	2155	44	2321	2210	136
LOC141456828	22	16	34	42	40	22	31	20
IR75M	6	1	4	2	4	2	0	0
IR75N	7	1	5	6	3	5	2	1
LOC141456963	36	28	29	25	80	26	27	39
LOC141456964	4	1	0	2	5	1	0	0
LOC141456965	1	1	0	2	0	2	1	1
LOC141456989	0	0	0	0	0	0	0	0
LOC141456988	35	24	51	39	52	30	33	26
Rap2l	1449	1503	1857	1820	2826	1893	1965	1881
scramb1	2598	2619	3177	2818	3731	2973	2683	2673
LOC141457072	0	0	2	0	0	1	0	1
LOC141457256	422	580	504	513	696	869	825	529
LOC141457266	3	4	1	0	0	3	3	2
RpS3A	4002	4956	4125	3742	3840	5851	5190	3920
LOC141457257	449	469	511	362	441	336	288	298
LOC141457264	327	403	409	436	760	610	473	536
LOC141457265	42	55	38	42	59	57	63	49
Phb2	806	894	928	821	1999	2423	2150	1708
ttv	682	637	1010	940	1396	884	1104	1179
LOC141457268	3	4	22	5	22	2	2	11
LOC141456637	2	4	14	6	11	2	1	19
LOC141456751	1	2	4	7	4	2	0	1
LOC141457259	3234	3176	3596	3834	5199	3437	2426	3605
LOC141457260	1565	1260	1487	1389	2637	1450	1533	1790
LOC141457261	75	81	102	120	67	58	44	54
LOC141457215	699	732	800	777	1397	1231	1146	1138
LOC141457216	386	413	380	380	556	625	503	413
Mekk1	1352	1354	1369	1077	1010	1699	1340	829
Uba4	336	375	423	353	652	522	426	487
Moe	3366	3084	3675	3845	5490	4903	5171	3932
LOC141457277	89	96	101	80	129	92	62	115
LOC141457269	1404	1181	1677	1534	2634	1903	2018	1932
LOC141457278	1037	1123	1029	957	1346	1052	847	975
bys	411	515	501	490	890	1017	837	833
LOC141457274	743	869	838	702	942	1081	958	862
LOC141457073	21	22	16	25	47	34	17	24
LOC141457272	369	338	365	439	552	685	735	505
Zip88E	444	468	510	469	762	600	549	500
LOC141457270	2	7	2	3	1	2	1	2
LOC141457311	3	7	5	6	6	9	1	2
Tsp33B	3	0	6	0	1	0	0	1
LOC141457314	275	413	276	191	4	294	213	20
LOC141457316	1	0	0	0	1	1	0	0
LOC141457315	0	1	0	1	0	3	1	0
LOC141457317	1	4	4	1	1	15	1	0
LOC141457313	183	348	255	152	0	775	296	7
LOC141457318	48	160	56	42	0	92	35	2
Ctf4	112	130	144	136	274	389	279	237
LOC141456887	62	51	107	126	22	64	21	60
Syx5	799	994	939	878	1345	1423	1430	992
LOC141456886	4249	4909	4217	3878	4004	5288	4333	3625
LOC141456885	4	12	15	9	12	10	6	10
Hibch	890	983	1019	876	1170	1515	1222	955
LOC141456878	3575	3060	3786	4338	3769	2482	2728	2806
LOC141456888	1	1	5	0	0	0	0	2
LOC141457074	11	25	24	32	29	23	21	26
LOC141456884	438	527	481	438	577	411	321	344
Cow	11798	10925	13526	14028	19914	12116	11335	14549
eco	54	51	64	70	170	217	97	104
LOC141457333	223	239	292	232	382	242	192	308
Noc2	263	344	334	323	810	1027	1135	821
Larp7	571	476	576	462	688	632	569	562
LOC141457223	5	7	4	5	13	3	11	12
LOC141457222	1002	763	1190	1137	1849	993	1068	1440
LOC141457076	0	2	0	0	0	0	0	0
LOC141457077	0	0	0	0	0	0	0	0
LOC141457078	0	0	0	0	0	0	0	0
LOC141457079	0	0	0	0	0	0	0	0
LOC141456636	0	0	0	0	0	0	0	0
LOC141457089	0	0	0	0	0	0	0	0
LOC141457090	0	0	0	0	0	0	0	0
LOC141457091	0	0	0	0	0	0	0	0
LOC141456643	34	7	16	11	20	15	14	17
LOC141457123	561	595	699	650	1133	965	812	935
LOC141457121	33	36	38	45	77	69	55	54
CHMP2B	307	340	326	346	463	582	520	367
LOC141457124	5	3	9	4	5	3	2	2
LOC141457114	777	755	937	889	1061	1060	970	854
LOC141457118	4	6	6	10	4	4	7	7
LOC141457119	341	267	423	418	556	338	387	494
LOC141456682	337	407	397	390	408	330	162	219
LOC141457116	438	549	433	376	297	187	171	239
LOC141457125	0	0	0	0	2	0	0	0
LOC141457117	3994	3623	4006	4046	7765	4487	3931	5548
LOC141456736	469	511	547	534	917	837	788	587
LOC141457137	456	272	606	538	664	352	470	618
LOC141457139	1	1	0	0	0	0	0	0
LOC141457093	0	2	5	1	1	0	0	1
LOC141457148	117	162	147	128	274	258	231	230
LOC141457147	2561	2046	2948	2707	5179	2697	2740	3799
LOC141457149	2	6	12	6	12	2	5	1
LOC141457132	1	1	1	0	2	0	0	0
LOC141456935	0	0	0	0	1	0	0	1
LOC141456931	0	0	0	0	0	0	0	0
LOC141456915	1583	1235	1723	1612	2410	1575	1425	1691
LOC141456924	76	72	71	68	119	125	95	98
ND-B16.6	425	503	459	449	773	583	548	569
LOC141456937	0	1	0	1	3	2	1	0
LOC141456920	8	13	38	15	8	29	10	12
LOC141457382	0	1	0	0	0	0	0	1
LOC141456919	27	16	43	37	28	14	13	21
Tektin-A	51	56	85	106	56	52	32	50
Cmtr1	567	532	614	612	887	621	642	634
RpL9	2786	3418	3062	2668	3022	3762	3468	3060
LOC141456933	1553	1849	1801	1381	754	707	606	544
Patsas	382	355	386	419	856	540	458	595
LOC141456928	66	50	75	65	111	50	78	94
Cdk7	362	392	397	407	611	618	539	484
LOC141456918	461	420	531	525	785	654	701	657
LOC141456926	6	10	5	4	20	15	9	22
LOC141456930	1623	1436	1833	1910	2807	1853	1853	2197
LOC141456934	167	178	204	186	361	256	191	269
lds	339	268	314	327	480	341	261	302
LOC141456936	0	0	0	0	0	0	0	0
LOC141456921	239	207	251	220	330	183	176	286
LOC141456709	74	75	63	69	78	73	81	100
LOC141457385	0	0	0	0	0	1	0	1
LOC141457105	0	0	0	0	0	0	0	1
LOC141457220	74	30	29	52	59	47	71	37
LOC141457322	1055	948	1224	1227	1653	1095	1023	1183
LOC141457035	1	1	5	0	5	2	1	12
LOC141456758	0	0	3	2	1	1	0	0
LOC141457059	0	0	2	0	0	2	0	0
LOC141456812	14948	11281	17636	17627	28887	17242	17525	21235
PIG-L	967	891	1063	1036	1586	1254	1190	1042
cnir	88	69	111	115	149	111	129	146
LOC141456818	294	311	278	267	343	311	284	228
LOC141456822	28	43	27	35	47	37	35	30
sud1	212	256	203	216	385	522	507	319
Hyls1	196	187	225	150	238	260	256	168
senju	716	633	777	847	1310	792	746	895
Dolk	342	252	338	443	376	343	466	290
LOC141456823	17	12	17	23	20	6	26	19
LOC141456813	1279	1599	1595	1209	906	1419	2057	693
RpL36	1377	1408	1294	1135	1387	1985	1885	1359
U2af38	860	980	851	816	1333	1324	1091	1021
LOC141457336	32	27	29	37	51	35	48	41
LOC141457034	1	0	0	0	0	0	0	0
Aduk	253	269	291	211	354	327	284	249
ari-1	610	637	913	878	1110	840	968	815
LOC141456734	38	48	58	49	69	39	45	31
cni	1066	1091	1162	1160	2237	1906	1699	1517
GMF	961	1032	980	929	1394	1016	936	934
LOC141456733	0	1	1	0	0	0	0	0
LOC141456726	41	43	49	31	57	36	32	59
bark	299	419	531	432	186	311	220	167
LOC141456721	1398	1257	1637	1558	1933	1640	1646	1403
LOC141456732	794	852	1037	905	1358	1260	1269	1087
LOC141456728	745	530	830	768	1304	962	995	1115
LOC141456729	1462	1447	1606	1798	2826	2778	3350	2285
LOC141456727	3	2	1	2	8	5	9	10
LOC141456725	485	436	558	513	722	599	552	514
BBS8	31	12	25	21	38	15	16	36
LOC141456745	158	174	153	164	223	160	110	175
LOC141456742	352	374	394	358	707	675	719	624
LOC141456738	9	5	15	8	14	8	10	5
LOC141456741	805	1178	1133	947	29	873	663	57
LOC141456743	1966	1610	2204	2215	2534	2123	2193	1996
RpL40	2695	2831	2702	2334	2661	3929	3393	2513
LOC141456739	2191	2809	3258	3334	3317	3367	2956	2603
LOC141456747	3	1	4	0	2	0	2	2
LOC141456740	1331	3398	2902	3179	1521	3030	3443	1421
LOC141456748	2	5	6	5	5	8	6	3
ds	201	78	194	218	239	130	254	284
LOC141456750	0	0	0	0	0	0	0	0
ThrRS	3512	4250	4153	3599	4795	4531	3939	4053
LOC141457327	1155	1214	1637	1688	2955	1815	1736	2173
LOC141456665	14	8	20	9	14	22	13	32
LOC141456664	7	4	11	10	19	14	2	17
LOC141457328	9	6	7	5	8	7	9	14
LOC141457372	49	15	36	55	11	23	13	1
LOC141457373	9	16	16	12	33	16	7	14
LOC141457374	0	0	1	1	0	0	0	0
LOC141456642	0	0	1	2	0	1	2	0
mRpL4	226	261	268	308	433	464	411	373
LOC141456641	34	40	32	27	46	32	11	20
LOC141456996	0	0	0	0	0	0	0	0
cact	861	1017	1243	1022	1147	1723	1561	909
Stip1	602	609	663	754	1762	2055	2246	1614
emb	3205	2906	3785	3606	3736	3490	3810	3283
LOC141457161	2	2	3	6	9	6	4	2
bdl	4780	4321	5517	5699	6646	3988	3611	5035
LOC141457092	8	1	4	3	7	1	9	4
holn1	360	326	304	341	598	497	479	548
LOC141456634	101	72	88	97	112	73	41	65
LOC141456700	60	93	103	71	1	2650	1430	12
LOC141456702	19	19	20	11	21	33	34	24
LOC141456704	1100	1426	1570	1179	21	2668	2067	117
LOC141456705	0	0	0	0	0	0	2	0
LOC141456701	1104	1000	1273	734	34	2000	1872	178
LOC141456703	139	107	96	42	68	48	28	89
LOC141456698	223	342	309	217	21	580	294	34
LOC141457107	8992	11637	11030	9492	13229	14676	12054	15371
LOC141456706	157	384	325	176	40	722	551	140
LOC141457108	1314	1465	1406	1548	1741	3658	2714	960
LOC141456708	214	252	225	245	316	310	233	251
LOC141456707	0	2	0	0	1	1	2	0
LOC141456693	344	533	543	373	387	575	402	270
LOC141456694	0	0	0	0	0	0	0	2
LOC141456953	0	0	0	0	0	0	0	0
LOC141457109	0	0	0	0	0	0	0	0
LOC141456876	1	1	3	6	4	0	0	2
LOC141456877	0	2	0	5	10	0	0	0
LOC141456691	483	371	549	534	844	464	533	662
LOC141456695	1	0	6	2	8	0	0	2
LOC141456697	44	58	65	73	40	39	17	23
LOC141456692	513	363	503	472	650	377	448	440
7B2	12663	11175	13036	12638	20561	12345	11275	14327
LOC141457015	1	1	2	3	5	1	0	3
LOC141456753	3	0	4	0	1	7	0	3
LOC141457010	6	0	2	4	1	1	3	8
LOC141457011	11	4	12	12	16	11	16	8
LOC141457014	1	1	1	5	4	0	1	1
LOC141457018	162	151	140	151	234	216	179	144
LOC141457016	391	376	460	472	597	414	383	396
numb	579	503	669	595	856	579	602	672
LOC141456686	3	7	15	1	5	9	0	12
LOC141456754	305	265	343	366	415	310	312	290
LOC141457165	245	259	235	302	487	484	412	384
EMC1	1914	1707	2038	1936	3307	2633	2661	2802
CCDC53	287	247	252	295	401	305	232	336
RpL36A	1427	1660	1302	1226	1355	2194	2073	1431
LOC141457166	78	65	89	93	74	65	84	80
LOC141457163	1	3	6	3	2	1	1	0
LOC141457329	1	0	0	0	0	0	0	0
LOC141457058	0	0	0	0	2	2	0	0
LOC141456683	1	0	0	0	0	0	0	0
Trf	92	120	129	123	204	213	228	174
LOC141456789	277	166	198	259	354	170	190	168
LOC141456790	0	1	4	2	0	0	1	0
LOC141456952	0	0	1	0	0	0	0	0
TRNAQ-CUG_1	0	0	0	0	0	0	0	0
LOC141456737	9	5	8	26	3	23	46	11
LOC141457061	0	0	0	1	0	0	0	0
TRNAH-GUG_10	0	0	0	0	0	0	0	0
LOC141457346	4	1	0	3	6	1	1	5
Alg7	316	391	396	350	694	672	624	480
Rsph1	298	153	174	239	657	454	186	312
LOC141457030	362	357	408	362	573	522	450	494
Sfmbt	562	546	720	764	939	691	754	685
LOC141457033	1	1	0	2	2	1	2	1
crp	1228	1037	1316	1150	1759	1243	1163	1244
LOC141457032	0	0	0	0	0	1	0	0
LOC141457031	4	5	7	9	2	7	6	4
LOC141456687	215	250	222	236	367	362	293	285
LOC141456688	0	2	1	2	0	0	0	0
LOC141456689	4	6	3	2	3	0	3	0
Atet	574	439	798	814	1065	841	993	911
LOC141457205	0	1	0	4	2	0	3	2
LOC141456892	7619	5942	9072	8891	12765	7266	7164	10154
LOC141456681	6	3	20	8	18	9	6	13
LOC141457110	2	1	0	1	0	2	1	0
LOC141456755	2	1	4	2	5	1	0	17
LOC141456900	3	4	3	2	8	6	0	2
LOC141456902	8	4	5	5	17	3	8	11
LOC141456950	0	1	1	0	2	4	0	0
LOC141456903	21	21	31	37	48	17	20	34
LOC141456893	762	602	889	850	1128	762	772	893
LOC141457062	0	0	0	0	0	0	0	0
LOC141456896	230	265	271	269	353	208	185	241
LOC141456904	5	0	3	1	6	0	3	3
LOC141456899	158	152	199	174	259	181	121	171
LOC141456890	357	387	398	393	509	536	534	400
LOC141456898	626	742	780	781	872	663	469	590
LOC141456894	455	415	693	684	786	477	556	625
LOC141456897	6	8	3	3	5	12	3	5
LOC141456901	1	0	1	1	1	0	0	1
LOC141457142	0	0	0	1	2	0	1	0
Rab3-GAP	1291	1197	1507	1476	1455	1165	1077	933
LOC141457144	293	375	293	352	500	462	334	383
Mulk	440	468	487	455	754	762	590	617
RYa-R	152	128	174	169	254	133	156	196
LOC141457145	0	0	6	0	1	0	0	0
LOC141457224	0	0	0	0	0	0	0	0
LOC141456954	0	0	0	0	0	0	0	0
LOC141456995	0	0	0	0	0	3	0	0
fj	139	118	148	152	169	133	135	145
LOC141457009	0	0	0	0	0	0	0	0
LOC141457004	6065	5414	6792	7305	9776	6191	6165	7066
ric8a	955	936	1103	1098	1757	1354	1207	1308
LOC141457007	0	4	8	2	7	1	3	5
LOC141457008	0	0	3	0	1	0	0	3
Mad	238	161	284	267	340	185	217	289
Blm	677	689	802	721	980	812	751	740
LOC141456870	3	3	9	5	7	5	8	10
para	8595	7107	10002	9255	12857	7333	7593	9988
LOC141456868	0	3	11	1	9	13	3	5
LOC141456873	5	3	12	9	10	5	12	10
LOC141456856	266	293	322	299	454	443	374	364
Iru	507	433	595	695	832	704	956	761
LOC141456851	2690	2502	3038	2977	4531	3213	3056	3400
LOC141456853	494	535	520	501	762	711	661	524
Glyp	1391	1169	1353	1346	1586	1449	1207	1151
LOC141456855	12	3	6	6	6	4	6	11
Rtnl1	12787	12572	14400	14056	20510	14483	13291	15844
LOC141456864	205	161	265	207	273	115	168	215
lace	989	1020	1212	1086	2043	1780	1539	1409
TBC1D23	2476	2633	2985	2750	3392	3554	3597	2828
Tom70	1076	1103	1239	1206	1734	1626	1602	1419
LOC141456863	1591	1632	1578	1512	1914	1848	1807	1467
Tbcc	786	855	932	989	1387	1390	1285	1109
Taldo	705	899	827	780	917	1359	1197	813
Msp300	24363	16327	26291	32058	17202	14712	15742	15459
LOC141456871	0	0	0	0	0	0	0	0
LOC141456872	1	3	2	2	1	0	3	1
LOC141456866	6	7	7	5	7	6	5	5
LOC141456867	138	114	53	80	21	30	13	3
LOC141456874	2	6	1	5	1	0	0	1
LOC141456862	179	170	155	122	239	214	174	164
LOC141456854	263	285	325	282	442	350	307	319
LOC141456843	778	799	882	747	1477	1382	1536	1258
LOC141456857	161	140	149	149	278	220	216	190
Ptpmeg2	3558	3285	3756	3540	6182	4171	3707	4549
LOC141456869	21	12	37	34	37	12	18	37
LOC141456852	283	289	322	310	436	281	362	321
ClpX	1314	1428	1524	1569	1993	2083	2048	1573
Naxd	340	381	420	418	559	525	483	386
NKCC	507	113	158	818	146	770	914	103
LOC141457111	0	0	0	0	0	0	0	0
LOC141457281	11	18	21	13	61	68	26	22
LOC141457279	1419	1128	1624	1488	1713	1228	1247	1278
LOC141457290	43	30	41	28	40	52	17	40
ND-B14.5B	877	919	964	920	1304	1231	987	954
LOC141457282	1342	1206	1580	1501	1787	1692	1489	1460
LOC141457283	1265	1315	1482	1307	1976	1407	1245	1456
LOC141457280	519	478	520	523	1050	829	750	777
LOC141457285	14	25	19	19	19	12	12	18
LOC141457284	527	533	569	562	905	975	861	659
Bka	76	115	99	96	143	228	195	148
LOC141457297	48	51	68	45	90	84	51	58
LOC141457303	45	46	32	50	56	69	50	49
grp	472	431	514	560	1026	926	751	705
LOC141457307	0	4	4	2	5	6	9	10
LOC141457299	869	912	1239	1129	1921	1800	1873	1643
AP-2sigma	585	630	675	684	1047	815	666	809
LOC141457304	173	152	194	187	244	144	123	154
plx	542	472	592	599	378	297	291	250
LOC141457309	2	0	0	3	0	0	0	0
dbe	161	206	224	228	387	391	392	317
Pgant2	447	443	524	532	779	537	540	566
LOC141457310	3	2	1	0	0	1	1	0
LOC141457308	0	0	2	0	1	0	0	2
LOC141457305	2	0	12	4	1	13	3	2
LOC141457306	4	8	8	4	6	1	5	5
LOC141457300	11149	10877	11635	10156	10081	8016	6947	7322
LOC141457295	733	723	883	956	1174	922	780	892
LOC141457292	544	446	662	566	846	781	672	696
LOC141456645	115	88	94	79	217	223	169	156
LOC141456644	273	270	325	340	768	793	989	666
LOC141456648	1240	1246	1322	1354	2059	1756	1445	1543
LOC141456647	55	12	15	61	11	7	86	17
LOC141456649	0	0	0	1	0	0	0	0
LOC141457323	0	0	0	0	0	0	1	0
LOC141456646	5	0	1	3	0	1	4	1
LOC141456650	685	705	754	786	1174	964	810	786
LOC141456652	143	183	170	136	161	150	131	99
LOC141456651	48	30	42	44	24	21	20	14
Cka	1625	1457	2014	2011	2987	2000	2114	2275
baf	227	227	228	220	538	519	456	411
l(3)87Df	154	182	163	154	179	157	125	144
LOC141456661	1882	2057	2071	2103	3076	3157	2513	2433
LOC141456658	51	19	39	49	74	27	43	52
ry	2117	2204	2931	2157	1816	1642	1789	1598
gish	441	340	580	515	613	366	513	580
LOC141456654	275	264	300	292	301	258	287	241
LOC141456662	6	7	9	2	4	7	6	0
Pbp49	139	155	151	140	177	155	142	171
LOC141457202	940	783	1232	1088	1301	1138	1012	965
LOC141457383	2	0	2	1	0	0	0	0
LOC141457203	6	13	18	10	12	8	5	11
MBD-like	761	606	875	738	969	631	619	652
betaggt-I	1072	926	1216	1266	2138	1585	1668	1662
sigmar	725	637	880	763	1079	879	849	894
LOC141456951	0	3	1	2	0	0	0	0
LOC141456994	0	3	0	0	0	0	0	0
LOC141456978	0	0	0	0	1	0	0	1
LOC141456833	0	0	0	0	0	0	0	0
LOC141456835	0	0	0	0	0	0	0	0
LOC141456834	0	0	0	0	0	0	0	0
LOC141456666	0	0	0	0	0	0	3	1
pasi2	299	295	356	337	443	313	251	322
LOC141456991	0	0	0	0	0	1	0	1
LOC141456992	4	5	0	1	3	0	0	4
LOC141457112	0	0	0	0	0	0	0	0
sff	1365	1132	1604	1570	2559	1342	1405	1743
LOC141457342	1	1	3	1	2	0	1	2
LOC141456974	0	0	1	1	1	1	0	0
LOC141457221	1	0	0	0	0	3	0	0
LOC141457095	0	1	0	0	0	3	0	0
RpL17	2959	3404	3027	2666	2995	4626	3766	2894
LOC141457094	986	1162	1223	1236	715	2191	2223	736
LOC141456633	0	5	3	1	1	4	0	0
OR14	0	2	0	0	0	1	0	0
LOC141457104	0	4	0	0	0	1	0	0
LOC141457097	109	571	281	290	0	8571	4550	147
LOC141457099	0	1	0	0	2	18	144	0
LOC141457113	0	0	0	0	0	0	0	0
LOC141457103	42	118	94	49	0	14	9	1
LOC141457100	11199	589	8848	11003	1	43	627	19
LOC141457098	26	97	66	17	2	14	47	0
LOC141457102	159	422	297	196	0	306	304	8
LOC141457101	124922	172748	133656	118351	5	61125	72499	4644
LOC141457131	109	59	110	106	1	71	142	14
LOC141457130	1429	800	731	997	5	415	987	78
LOC141457128	2795	3758	3716	3027	0	8615	9776	242
kek2	737	586	827	769	1268	651	729	899
LOC141456905	14	0	21	69	23	13	59	33
LOC141456997	5	0	0	2	0	4	1	0
LOC141457036	1	0	0	0	1	0	0	0
LOC141456735	0	0	0	0	0	0	0	0
LOC141457140	1	0	0	0	1	0	0	0
LOC141456832	26	44	24	37	49	27	27	28
LOC141457371	0	0	0	0	0	0	0	0
LOC141456785	2	0	0	0	0	1	0	0
Yip1d1	362	413	321	274	326	320	234	240
LOC141456669	3	0	3	1	4	0	0	3
LOC141456670	51	106	63	57	56	441	203	106
LOC141456824	2	0	4	0	10	6	12	3
LOC141456825	0	2	0	0	0	4	1	3
LOC141456784	0	0	0	1	4	0	1	0
LOC141457449	2130	2021	2390	2303	3814	3392	3466	2869
LOC141457450	85	88	124	125	58	53	61	39
LOC141457452	910	867	964	933	1396	1088	860	1032
LOC141457451	1169	1182	1168	1211	1685	1323	1318	1149
AIMP3	734	782	741	745	865	769	619	673
LOC141457454	1132	1109	1246	1241	2260	1811	1775	1723
LOC141457458	699	631	790	706	1276	892	801	929
dome	1770	1344	2292	2271	2519	1862	2141	2040
Sec6	755	684	790	758	1034	935	841	775
Spt20	520	424	623	604	947	825	838	760
LOC141457460	484	440	474	539	949	737	864	643
LOC141457464	243	234	251	244	534	424	400	357
UBL3	525	435	579	658	902	706	739	743
tw	2217	2140	2323	2140	2959	2499	2531	2228
bt	2470	1691	3702	6085	762	1372	1003	1433
LOC141457396	60	30	38	77	88	41	51	78
LOC141457397	16	6	19	10	21	10	12	25
LOC141457516	381	409	447	472	577	448	434	461
Plap	514	506	566	536	920	1032	945	774
LOC141457401	1524	1636	1735	1494	2421	2021	1569	1613
LOC141457402	34	25	48	36	33	19	29	33
KrT95D	928	973	1057	1030	1697	1349	1205	1309
p130CAS	737	732	831	878	1568	1299	1303	1214
LOC141457468	2882	3440	3271	2456	2177	2487	1946	1624
vri	569	499	736	624	411	470	442	299
LOC141457493	454	439	499	439	592	399	432	494
LOC141457488	325	312	396	364	546	604	533	430
LOC141457490	855	681	975	913	1334	1055	1049	923
LOC141457496	285	301	317	301	561	553	436	367
LOC141457495	425	355	397	494	670	558	695	523
LOC141457497	808	627	775	805	938	783	707	736
LOC141457491	2051	2247	2118	2212	3673	4120	3645	2783
PRAS40	403	390	376	313	567	418	358	463
SH3PX1	706	728	805	665	698	659	601	501
LOC141457487	1338	941	1470	1256	1720	943	921	1161
LOC141457498	772	658	772	716	1072	1036	907	717
LOC141457500	81	72	78	117	85	71	70	55
LOC141457503	1	0	2	0	0	1	1	0
LOC141457502	4	6	1	2	2	4	1	3
LOC141457504	9	5	9	13	13	8	4	9
Rilpl	430	282	519	578	845	360	528	625
LOC141457486	2543	2478	2884	2666	4998	3413	3155	3679
LOC141457506	1304	1431	1866	1333	1623	1553	1102	1401
LOC141457507	159	186	232	200	310	184	146	245
LOC141457515	1301	1244	1505	1568	3146	1677	1778	2211
BicD	1122	988	1485	1267	2029	1615	1795	1722
LOC141457412	976	1014	1191	1009	1522	1391	1120	1173
LOC141457414	1459	1488	1739	1526	2065	1622	1474	1623
Rat1	1796	1842	2082	1799	2812	2514	2473	2160
LOC141457413	786	533	950	708	1246	424	401	786
Cyfip	2074	2032	2407	2215	3547	2671	2647	2650
LOC141457407	1	1	0	5	1	0	1	0
LOC141457406	664	751	713	678	1233	1038	812	960
LOC141457408	118	145	142	132	195	141	125	152
CaMKI	1184	999	1370	1222	1842	1254	1333	1485
LOC141457470	0	0	0	0	0	0	0	0
Crk	812	690	950	1003	1261	950	1084	1002
Chc	6151	5605	7131	7198	11746	9732	10577	9236
sea	160	108	219	215	198	324	442	180
LOC141457510	423	254	428	329	690	276	319	504
AstA	1802	2345	1957	1918	2984	2294	1822	1936
LOC141457511	44	21	31	39	56	24	19	34
scf	1786	1664	2165	1953	2603	2190	2502	1992
LOC141457417	1181	1085	1554	1492	2235	1975	2009	1822
pr	167	191	169	181	366	524	444	285
exu	607	616	668	680	1136	1229	1231	910
LOC141457415	2482	2445	2602	2738	3634	2392	2207	2545
Sting	1089	1173	1313	1202	994	777	801	728
v	187	263	312	286	288	428	397	273
LOC141457423	900	1511	1146	871	307	537	419	302
LOC141457421	755	702	791	657	866	727	609	627
Afti	973	993	1121	1018	1636	1515	1388	1331
Sox102F	62	25	61	48	64	40	55	68
LOC141457481	64	44	65	62	113	72	53	82
Usp12-46	1325	1382	1517	1391	1923	1512	1272	1312
Akh	451	336	329	367	308	13	205	488
tgo	899	670	1107	1104	1529	798	1096	1311
alpha-PheRS	347	401	376	326	625	852	727	569
Galphao	630	287	844	836	916	407	548	817
LOC141457513	0	3	0	2	1	0	1	0
Cht5	22	21	29	27	38	26	39	25
LOC141457431	887	917	931	812	1173	1054	946	999
LOC141457430	498	537	538	525	969	871	796	756
Cont	2370	2294	2669	2477	2618	1996	1971	2001
LOC141457432	6	3	3	6	6	1	0	2
LOC141457403	6	2	5	1	5	0	0	4
Naus	723	611	773	742	1109	774	692	851
LOC141457427	625	476	741	782	372	265	318	384
LOC141457434	1610	1774	1628	1479	1265	1210	1051	1030
Mon1	726	742	807	662	923	871	751	736
sd	1587	1416	1907	1551	1963	1694	1608	1482
LOC141457436	4497	3905	5072	4273	4833	3252	3407	3474
LOC141457437	165	102	156	151	179	116	115	140
EMC10	1259	1318	1375	1283	2163	1937	1663	1566
LOC141457443	682	579	760	788	1513	1345	1344	1186
LOC141457442	807	945	938	899	1570	2429	2308	1391
yip2	1740	1973	1953	1934	2715	2509	1915	1854
DCP2	595	608	650	549	736	657	535	541
LOC141457440	68	114	98	79	75	59	38	47
LOC141457446	67	50	61	42	55	79	48	26
LOC141457445	2120	1843	2177	2131	2824	2166	2381	2029
LOC141457447	628	665	643	644	879	842	727	657
Rnf11	287	265	354	334	434	353	335	352
LOC141457473	716	679	781	774	1017	804	684	610
LOC141457471	4	2	4	2	0	0	1	2
LOC141457472	4	1	4	0	6	4	1	0
LOC141457474	8	5	2	7	10	6	4	2
LOC141457482	0	1	0	0	1	0	0	0
LOC141457526	6	8	1	3	11	4	2	1
LOC141457533	433	423	508	474	700	661	600	411
LOC141457529	2105	1722	2379	2377	3773	2290	1919	2820
LOC141457528	1366	1233	1559	1589	2362	2293	2841	1920
Pp2A-29B	5447	4920	5876	5605	6624	5459	5749	5098
LOC141457531	135	121	162	181	223	174	123	208
LOC141457534	6490	5291	7131	6721	11559	6495	6569	8713
LOC141457535	62	163	143	160	69	63	74	34
LOC141457536	1	1	2	2	1	0	0	0
LOC141457521	711	777	891	972	1154	834	814	839
mv	2179	1812	2564	2364	2556	2102	2188	1980
LOC141457523	575	485	594	543	823	661	666	665
Plc21C	2595	1930	2987	2783	4142	2209	2567	3406
LOC141457524	3	1	3	5	2	2	2	0
LOC141457520	1418	1370	1639	1198	1396	1615	1632	964
LOC141457555	0	0	1	3	0	6	0	1
LOC141457522	0	1	1	2	0	0	1	0
LOC141457563	0	0	0	0	0	0	0	0
LOC141457525	0	2	0	0	0	0	1	0
LOC141457569	0	0	1	2	0	0	0	1
LOC141457553	0	0	0	0	0	0	0	1
LOC141457554	2	0	0	0	1	0	0	0
nompC	16	6	14	6	32	23	13	9
Acsf2	3084	2585	3232	2804	1036	775	814	752
LOC141457565	1612	1540	1772	1512	1835	1467	1367	1359
LOC141457567	0	1	1	0	0	0	0	0
LOC141457542	0	0	0	0	0	0	0	2
LOC141457537	0	0	2	0	1	5	3	1
LOC141457539	0	0	0	0	1	0	0	0
LOC141457541	0	2	1	0	3	1	0	2
LOC141457540	34	49	56	52	39	24	18	26
oaf	677	672	901	794	1178	795	875	770
Aldh-III	1039	962	1020	1089	1555	1659	1461	1145
LOC141457552	53	43	59	34	83	44	48	45
LOC141457550	0	1	1	2	1	2	1	2
LOC141457551	0	5	3	2	0	1	5	1
LOC141457547	219	281	231	271	295	790	798	216
Ubqn	3065	2646	3478	3694	5008	4385	5545	4324
LOC141457548	1401	1425	1722	1673	2956	2299	2275	2327
Pgm2a	1957	2111	2306	2071	2524	2618	2427	1820
LOC141457549	429	345	505	439	734	488	480	536
mei-218	2	3	0	5	2	6	1	2
LOC141457558	483	429	573	486	617	522	412	545
LOC141457560	886	639	984	827	1168	676	712	923
LOC141457561	27	38	36	38	78	43	45	79
LOC141457562	69	59	63	66	117	76	71	72
LOC141457557	925	549	1189	1162	1257	631	821	1141
LOC141457571	2	0	9	4	8	1	1	4
LOC141457585	469	458	576	482	810	513	511	605
Saysd1	443	334	284	388	675	509	367	503
simj	1074	1062	1348	1185	1614	1260	1325	1246
LOC141457586	1519	1685	1788	1708	3003	3289	3650	2434
LOC141457578	451	385	79	35	67	15	17	24
LOC141457580	0	1	0	1	0	0	0	0
LOC141457579	653	503	53	35	83	1	16	31
LOC141457577	3663	4771	4122	3617	5798	3857	3289	3890
LOC141457583	1607	1826	1640	1522	2136	2515	2308	1859
hth	2572	2040	2982	2983	4089	2749	2667	3268
Ten-m	1214	765	1786	1515	1900	917	1227	1752
Hil	251	239	338	316	319	240	304	321
LOC141457591	8	6	2	11	6	1	4	7
LOC141457590	2056	1902	2059	1912	2626	1963	1753	2023
LOC141457592	563	457	664	657	920	688	838	861
Rpt5	1038	1146	1155	1135	2040	2352	2283	1692
Sbf	1011	921	1174	1156	1692	1051	1144	1117
LOC141457572	506	373	534	473	761	361	397	606
LOC141457603	0	0	0	2	0	0	0	1
LOC141457614	0	0	0	0	0	0	0	0
LOC141457613	0	0	0	0	0	0	0	0
TRNAK-CUU_3	0	0	0	0	0	0	0	0
LOC141457610	1	0	0	0	1	0	1	0
LOC141457611	0	1	0	0	0	0	0	0
LOC141457600	0	0	0	0	0	0	3	0
LOC141457601	0	0	1	0	0	0	0	0
LOC141457602	0	0	0	0	1	1	0	0
LOC141457615	0	0	0	0	0	0	0	0
LOC141457612	0	0	1	0	1	0	0	0
LOC141457594	1	0	0	0	0	0	0	0
LOC141457597	0	0	0	0	0	0	0	0
LOC141457595	1	0	5	2	3	6	2	8
LOC141457598	3	5	3	7	3	27	79	11
LOC141457605	0	0	0	0	0	0	0	0
LOC141457606	1	0	0	0	0	0	0	0
LOC141457607	0	0	0	0	0	0	0	0
LOC141457609	0	0	0	0	1	0	0	0
LOC141457622	0	0	0	0	0	0	0	0
LOC141457623	0	0	0	0	0	0	0	0
LOC141457624	0	0	0	0	1	0	0	0
LOC141457625	2	3	0	1	1	0	0	0
LOC141457626	1	0	0	0	0	0	0	0
LOC141457648	7	38	21	24	13	20	18	0
LOC141457628	0	0	0	0	0	0	0	0
LOC141457649	0	0	0	0	0	0	0	0
LOC141457629	0	0	0	0	0	0	0	2
LOC141457651	0	0	1	0	0	0	0	0
LOC141457650	0	1	2	1	0	0	1	0
LOC141457630	0	0	0	0	0	2	1	0
LOC141457631	0	0	0	0	0	0	0	0
LOC141457632	0	0	0	0	0	0	0	0
LOC141457633	0	0	0	0	0	0	0	0
LOC141457634	0	1	0	1	0	1	0	1
LOC141457646	0	0	0	0	0	0	0	0
LOC141457647	2	1	1	1	2	2	1	2
LOC141457645	0	0	0	2	0	0	0	0
LOC141457635	0	0	0	0	0	0	0	0
LOC141457637	0	0	1	0	1	0	0	0
LOC141457638	0	0	0	0	1	0	0	0
LOC141457621	0	1	0	1	0	0	0	0
LOC141457618	0	0	0	0	0	0	0	0
LOC141457640	0	0	0	0	0	0	0	0
LOC141457641	0	0	0	0	1	0	0	0
LOC141457642	0	0	0	0	0	0	0	0
LOC141457643	0	0	1	0	0	0	0	0
LOC141457656	1	0	0	1	0	0	0	1
LOC141457655	33	23	47	44	52	25	28	50
LOC141457654	1	0	0	3	0	0	0	0
LOC141457652	12	6	12	16	23	20	12	21
LOC141457653	1	1	2	5	0	2	2	0
LOC141457657	0	0	0	0	0	0	0	0
LOC141457658	0	0	0	0	0	0	0	0
LOC141457660	3	6	1	1	3	5	2	5
LOC141457661	2109	1992	2576	2140	2593	1855	1595	1830
LOC141458993	153	168	188	131	170	123	162	120
LOC141458053	266	220	313	262	423	190	218	200
LOC141458056	3	2	6	2	3	4	1	1
LOC141458050	870	711	852	861	1052	975	789	717
gus	3646	3244	4197	4002	7436	4785	4734	5704
LOC141458055	634	613	669	686	1132	967	977	805
ATPCL	2190	2229	2604	2570	4540	5504	6361	3819
LOC141458520	0	0	0	0	0	0	0	0
LOC141458292	0	0	0	1	0	0	0	0
LOC141458167	0	3	1	1	1	2	0	3
LOC141458262	792	807	985	817	947	1292	1281	717
LOC141458736	1	1	0	0	0	0	2	1
eIF3c	2167	1970	2375	2430	4414	5457	5668	3718
LOC141458261	4516	3443	5244	4726	6453	3385	3946	4874
LOC141458264	1074	835	1130	965	1592	804	739	1046
LOC141458800	880	692	1010	941	1208	759	724	917
LOC141459042	0	0	0	0	0	0	0	0
LOC141458808	4	3	2	1	2	3	2	1
RpLP0-like	1157	1060	1161	781	556	522	618	504
14-3-3zeta	21737	20121	24311	22896	35691	27314	27090	28836
Pfk	3221	3472	3875	3679	5557	4344	3702	3699
TRAM	1153	1302	1651	1653	2320	3561	4604	2022
LOC141458801	65	59	65	53	70	58	88	45
egr	1447	1538	1772	1752	3087	2176	2025	2178
LOC141458819	501	409	512	425	541	413	363	330
LOC141458809	395	261	407	325	495	259	406	514
LOC141458813	36521	31688	42771	41312	63193	38014	37337	48695
LOC141458821	19	23	32	19	44	29	26	27
LOC141458817	245	239	290	270	374	298	296	311
IntS6	265	214	337	340	407	353	442	346
Atg16	288	250	330	272	442	306	370	324
neo	19	20	42	14	52	26	27	67
Asph	1113	1023	1408	1574	1657	1317	1196	1229
LOC141458820	327	288	427	357	454	372	332	333
LOC141458815	1420	1420	1835	1711	2861	1962	1701	2081
LOC141458818	15	2	7	9	16	4	3	8
LOC141457910	3	2	0	0	0	0	0	0
LOC141458024	14	4	5	3	9	12	3	4
LOC141458998	14	6	5	3	19	6	11	15
LOC141459002	0	1	0	0	0	0	0	3
LOC141458999	10	11	9	12	26	13	14	9
LOC141459000	0	0	0	0	0	0	0	0
LOC141459003	0	0	0	0	0	0	0	0
LOC141459001	5	0	0	0	0	0	1	0
LOC141457987	2	1	1	1	0	0	0	0
LOC141457968	6	0	2	0	9	2	1	4
LOC141457967	8	0	0	0	1	0	0	1
LOC141457794	9	0	4	3	8	13	2	3
LOC141457791	9	1	1	4	12	9	1	3
LOC141457792	1	1	4	0	1	0	4	1
LOC141458293	1	0	0	0	0	0	0	0
LOC141457784	29	7	14	16	31	25	8	7
LOC141457785	3	0	2	3	3	3	5	0
LOC141458023	0	0	0	0	0	0	3	0
LOC141458169	0	0	0	0	3	0	5	0
OR62	0	0	0	0	0	0	0	0
LOC141458077	1	0	0	0	0	0	0	1
LOC141458142	0	1	1	5	0	1	0	0
OR59	0	1	0	0	0	0	0	0
LOC141458299	0	1	0	0	0	0	1	1
LOC141458988	0	0	0	0	0	0	0	0
LOC141457739	0	0	0	0	0	0	0	0
LOC141457740	0	0	0	0	0	0	0	0
LOC141457738	2	0	0	0	0	2	0	0
LOC141457741	1	1	5	0	3	1	0	1
LOC141457664	7	7	5	1	12	9	3	10
LOC141457663	19	3	9	16	20	2	5	9
LOC141458888	48	22	40	59	119	52	18	40
LOC141458887	0	0	0	0	0	0	0	0
LOC141458271	0	0	0	0	0	0	0	1
LOC141458891	2	1	2	0	2	0	5	1
OR76	4	5	3	4	3	1	0	3
dlg1	4110	3646	5206	4260	5562	3583	3749	4315
LOC141458598	6	5	9	14	14	8	3	5
LOC141459015	0	0	1	0	0	0	1	2
LOC141458595	0	0	0	0	0	0	0	0
LOC141458596	1	1	0	0	0	0	0	0
LOC141458589	59	41	72	69	93	54	63	82
LOC141458591	0	0	1	0	0	0	0	1
LOC141458592	2	1	6	9	6	4	1	0
LOC141458593	0	0	1	0	1	0	0	0
LOC141458586	257	321	325	337	481	617	495	472
LOC141458583	164	117	234	222	250	205	328	203
LOC141458597	2	1	3	1	2	1	4	1
Ude	632	681	712	801	705	824	594	398
Tap42	819	825	824	889	1297	1053	1096	979
AGO1	306	173	339	357	317	190	223	297
mRpL53	619	624	514	527	714	713	583	679
LOC141458590	0	0	0	0	0	0	0	0
LOC141458588	302	293	283	288	332	277	200	222
Rpn13	2916	2928	3123	2645	1927	1911	1709	1495
LOC141458582	391	458	508	482	845	1010	874	723
LOC141458602	649	581	815	749	1126	928	930	862
LOC141458600	349	424	465	362	493	656	1364	335
LOC141458599	614	547	761	720	1065	867	948	846
LOC141458604	628	639	713	725	1254	1114	906	827
LOC141458603	88	111	93	77	98	61	61	73
LOC141458601	940	1061	1103	1326	2050	1364	942	1240
firl	508	615	645	507	469	1402	717	278
LOC141458605	35	30	34	30	58	56	38	37
Reps	693	721	797	718	1185	967	934	815
Ak2	759	907	895	753	882	1230	1257	866
LOC141458607	1186	1221	1365	1286	1876	1696	1448	1477
LOC141458025	5	3	4	3	1	1	0	0
LOC141458844	94	68	101	120	143	64	121	134
LOC141458846	0	0	0	0	0	0	0	0
TRNAV-CAC_1	0	0	0	0	1	1	0	1
LOC141459024	0	0	0	0	0	1	0	1
LOC141458845	1	1	0	2	1	2	2	5
LOC141458150	279	265	351	320	365	306	269	268
LOC141458147	413	343	467	430	535	360	360	317
yki	637	668	767	702	670	786	735	589
ACOX1	1930	1749	2250	2350	3121	2304	1930	1707
LOC141458152	30	39	23	27	47	25	11	27
LOC141458078	0	0	0	0	0	0	0	0
LOC141457697	0	0	0	1	1	0	0	0
LOC141458109	0	0	0	0	0	0	0	0
LOC141458110	0	0	0	0	0	0	0	0
LOC141457801	0	0	0	0	0	0	0	0
LOC141458535	0	1	0	0	5	0	1	0
LOC141457748	0	0	0	0	0	0	0	0
LOC141457747	0	0	0	0	0	0	0	0
LOC141457746	0	0	0	0	0	0	0	0
LOC141458825	144	148	156	118	254	192	92	163
LOC141458111	0	0	0	1	0	0	0	1
ham	74	98	129	75	139	69	55	58
LOC141458035	0	1	0	0	0	0	0	0
LOC141457999	29	85	84	57	25	101	41	33
LOC141457703	56	81	87	29	11	55	99	9
LOC141457704	718	38	21	4	10	21	485	3
LOC141458017	77	174	171	123	18	66	64	27
LOC141458013	14	38	27	14	1	16	87	0
LOC141458020	1	3	5	2	0	0	2	0
LOC141458016	4	3	4	4	3	4	3	2
LOC141458018	3	4	0	1	1	2	0	0
LOC141458012	4896	5028	6259	6667	11184	7296	5954	7501
LOC141458014	257	236	257	336	406	291	177	334
LOC141458021	21	9	15	15	14	9	4	13
LOC141458015	186	270	228	289	508	302	170	234
LOC141458022	13	17	20	13	21	11	24	13
LOC141458019	72	53	90	93	120	82	51	39
LOC141458011	2437	2353	2757	2323	3120	2393	2349	2013
LOC141458010	1178	1029	1370	1451	2013	1507	1706	1498
LOC141457701	248	208	233	298	279	223	289	250
LOC141458133	14	5	0	1	0	0	1	0
LOC141457918	258	232	282	291	366	324	226	258
LOC141457917	466	347	779	440	181	2184	2444	222
LOC141457920	588	539	829	547	390	1651	1767	428
LOC141457921	247	222	228	191	402	435	410	319
LOC141457916	374	320	417	450	661	536	716	604
LOC141457926	104	106	108	100	153	120	86	92
LOC141457924	366	284	358	387	490	413	283	265
LOC141457928	0	1	1	4	2	0	1	1
LOC141457915	801	768	996	902	1689	948	972	1122
LOC141457927	6	1	7	15	10	5	7	6
LOC141457922	28	18	25	28	65	26	29	56
LOC141457694	3	7	7	17	4	4	8	2
LOC141457696	27	12	11	25	10	18	13	20
LOC141457923	3	0	4	7	6	2	6	5
LOC141457930	0	0	1	0	1	1	0	0
LOC141457929	0	0	0	0	0	0	0	0
LOC141458045	0	0	0	0	1	0	0	0
LOC141458043	4	0	0	1	0	1	1	0
LOC141458112	28	25	23	31	32	31	31	19
LOC141458044	462	458	406	404	604	624	595	446
LOC141458041	210	172	198	173	227	132	172	195
LOC141458047	0	0	0	0	0	0	0	0
SCAR	865	787	923	872	1332	1067	824	719
LSm3	780	766	838	669	762	635	508	617
LOC141458038	87	73	80	79	124	54	66	87
LOC141458037	359	362	382	357	293	284	253	273
LOC141458040	84	84	87	84	160	167	138	144
heix	615	745	704	702	1369	1519	1340	1044
LOC141458828	19	23	21	9	12	7	12	16
LOC141458831	123	75	83	99	129	93	99	71
LOC141458058	7	8	12	3	0	9	0	1
LOC141458113	3	1	2	1	5	2	2	0
LOC141457699	69	89	87	103	153	90	60	78
LOC141457700	235	215	248	278	346	221	169	227
LOC141458483	175	166	183	177	278	165	189	160
LOC141458485	214	237	244	229	274	172	184	168
LOC141458486	4	3	6	6	4	0	5	3
LOC141458471	11866	10659	13920	13220	18629	11039	10774	14455
LOC141458477	653	569	794	815	1111	648	771	937
prtp	1936	2004	2255	2173	4476	4264	4176	3612
LOC141458474	585	434	669	686	807	445	521	626
LOC141458478	134	52	92	193	56	37	70	125
escl	393	385	396	355	532	474	392	436
LOC141458479	126	160	125	157	307	263	243	246
AP-1sigma	2448	2362	3240	2956	4425	3544	3808	3334
LOC141458482	0	3	2	3	4	0	6	3
PIG-Z	1281	1089	1387	1071	1409	973	1002	1012
Mtl	836	751	962	913	1498	951	1013	1093
HDAC6	1490	1288	1788	1684	1840	1465	1557	1345
LOC141458495	204	220	232	230	388	381	354	283
Dpm1	285	316	306	243	364	394	368	267
LOC141458491	4796	5414	5317	4565	2307	2352	2057	1824
beta-PheRS	485	509	528	515	1193	1647	1747	1086
mask	6507	4833	8109	7884	10702	6876	8686	8673
LOC141458496	1255	1426	1471	1460	2311	1883	1851	1655
nau	58	61	62	76	66	68	38	75
LOC141458501	295	355	384	421	641	311	373	311
LOC141458503	90	79	84	101	118	97	73	58
LOC141458504	6	5	5	14	15	9	8	5
LOC141458492	3647	4348	4229	3812	5000	5154	4926	4080
LOC141458505	76	60	89	64	145	92	125	82
Dnali1	0	0	1	1	0	0	2	1
scrib	2778	2263	3001	2579	2662	2517	2867	2144
LOC141457749	371	359	339	315	275	372	165	127
LOC141458373	1	0	1	1	0	2	2	3
LOC141457985	48	52	48	40	82	47	39	52
LOC141457782	6	3	7	2	3	0	3	2
LOC141457781	33	25	35	24	10	1	7	5
LOC141458432	187	235	256	280	323	262	153	179
LOC141458434	1582	1276	1752	1422	2496	1293	1562	1888
LOC141458431	2214	1257	2601	2314	2963	1336	1635	2751
Syp	2959	2597	3518	3055	5788	4670	4730	4367
LOC141458760	429	387	477	438	584	454	465	473
LOC141458775	0	1	1	1	1	0	0	0
Mpc1	284	352	380	356	678	829	808	469
ppan	153	153	122	153	328	422	377	286
LOC141458779	38	34	31	32	67	90	93	66
RpL7	3659	4309	3740	3496	4167	6503	6221	3972
LOC141458769	156	171	190	156	301	266	208	173
TppII	675	638	792	848	1240	1918	2312	1297
LOC141458770	274	273	301	259	480	359	291	391
nmdyn-D7	339	324	362	354	399	336	235	281
LOC141458764	1051	1009	1257	1237	1925	1367	1272	1431
LOC141458776	28	23	22	47	33	23	23	35
Rab6	978	1082	1078	1030	2020	1615	1463	1358
LOC141458766	425	432	443	477	841	907	970	714
Tace	1715	1568	1901	1895	2802	1945	1949	1968
LOC141458765	569	591	638	548	665	730	558	452
LOC141458774	501	432	537	474	539	371	398	330
RapGAP1	4942	4100	5541	5428	7848	5075	4946	5900
LOC141458778	34	23	46	67	61	18	29	40
Gale	419	567	534	488	971	971	965	715
LOC141458201	258	216	308	275	424	325	290	297
LOC141458193	346	237	291	330	362	281	230	260
LOC141458185	339	324	371	353	509	426	352	338
LOC141458227	677	535	665	664	1094	765	744	583
LOC141458228	71	81	64	58	89	89	73	70
LOC141458199	5589	5973	6396	5235	4433	3120	2950	3798
LOC141458221	1088	1174	1157	1082	1623	1504	1338	1209
LOC141458184	615	571	706	676	1165	715	675	808
LOC141458232	2	7	4	2	9	2	2	4
Cox17	168	206	184	171	272	218	209	207
LOC141458189	839	788	1015	1060	1474	1515	1443	1293
LOC141458183	22	25	17	16	18	23	10	17
LOC141458210	5	6	8	6	4	2	2	2
LOC141458196	127	147	161	148	176	220	321	127
LOC141458190	106	258	308	496	287	123	141	159
LOC141458233	1	2	0	0	0	0	0	0
LOC141458219	1	1	2	3	6	0	0	0
LOC141458205	174	242	641	246	128	127	88	368
LOC141458231	1	0	5	4	1	0	2	3
LOC141458223	79	35	93	110	110	48	80	218
LOC141458220	228	186	205	223	343	220	236	195
LOC141458116	188	157	166	148	238	149	113	118
ndl	938	826	995	1025	1508	1049	1004	1017
LOC141458209	90	97	89	73	186	237	235	167
LOC141458182	2900	3746	4431	3407	4501	3877	3448	3408
LOC141458213	0	0	0	0	0	0	0	0
LOC141458229	34	28	34	25	20	13	6	20
Sf3b6	353	387	398	373	464	364	400	400
RpL27A	3380	3913	3464	3075	3050	4714	3986	2854
Faf2	325	269	361	397	646	675	822	527
LOC141458198	186	208	232	200	355	352	337	295
LOC141458218	380	375	399	416	630	596	509	500
Spf30	375	382	374	395	601	543	449	480
T3dh	623	690	639	674	645	599	477	482
LOC141458195	349	276	431	447	589	343	457	464
LOC141458234	61	62	86	71	93	83	37	58
rod	1260	1281	1506	1431	2113	1672	1423	1515
LOC141458230	0	0	0	0	1	0	0	0
Asap	371	294	505	486	518	277	416	493
Muted	218	227	230	252	401	430	290	325
LOC141458208	244	246	228	237	451	431	294	313
LOC141458181	4078	4959	5815	4383	2434	7326	6069	2223
LOC141458216	374	225	316	381	385	252	254	330
Elp3	818	802	738	831	1140	1222	1153	938
LOC141458203	402	404	396	397	658	601	489	391
LOC141458200	508	475	703	719	743	648	656	566
LOC141459046	0	0	0	0	0	0	0	0
LOC141458197	0	0	0	1	0	0	0	0
LOC141458206	1	5	6	5	3	2	1	2
LOC141458236	96	96	141	118	95	97	95	83
Oatp33Ea	636	823	767	740	632	2129	1677	460
LOC141457709	2990	2987	3487	3214	4414	2846	2495	3260
dve	264	230	285	295	378	280	290	307
LOC141458781	1	1	0	1	0	1	0	0
LOC141458798	3185	2706	4166	4285	4131	2779	2849	3102
LOC141458557	34	45	48	67	39	96	33	8
LOC141458558	2	6	0	1	1	5	3	1
LOC141458560	13	23	16	49	17	39	24	1
LOC141458561	80	134	80	149	109	182	76	25
LOC141458563	38	38	41	37	64	40	33	52
LOC141458564	2917	3021	2932	3306	4702	3431	2791	3314
LOC141457911	116	314	375	199	17	173	88	67
LOC141458440	3	0	1	2	7	2	7	3
LOC141458439	60	71	107	110	8	175	156	20
LOC141458438	1	0	0	0	1	1	0	1
LOC141458437	8072	7644	7925	8513	10264	7591	6562	7247
LOC141458444	4	1	8	4	3	2	3	4
LOC141458435	446	400	594	480	616	456	434	496
Prosbeta3	426	462	501	468	954	1080	913	766
LOC141458441	226	184	248	227	264	214	248	134
LOC141458442	65	95	96	61	105	63	76	59
LOC141458443	6	9	7	8	11	7	12	8
Gdh	3092	3011	3408	4148	4307	5967	6448	3531
CDase	1969	1776	2538	2055	2469	1674	1872	1667
LOC141458614	4	3	1	1	5	0	6	3
LOC141458616	0	0	4	1	0	2	1	0
LOC141458532	0	0	0	0	0	0	0	0
LOC141458910	233	163	163	146	210	160	141	197
LOC141458911	1	3	1	0	4	3	2	3
LOC141458912	2	0	4	1	0	0	0	1
LOC141459013	0	0	0	0	3	2	0	0
Gli	337	333	378	455	609	470	410	401
Marcal1	433	375	497	433	763	549	478	484
LOC141458509	429	374	473	449	623	659	690	537
LOC141458513	24	46	41	36	52	53	35	38
LOC141458514	53	74	59	56	120	98	60	38
LOC141458515	18	23	17	10	26	11	11	14
LOC141457823	7	4	6	14	10	0	16	28
Cda5	1167	1125	1632	1416	1146	704	850	1350
LOC141458239	0	0	0	0	0	0	0	0
LOC141457826	1	0	0	0	0	0	0	0
LOC141457820	891	1034	1019	956	1828	1462	1172	1272
LOC141457816	301	264	275	256	307	263	226	218
Cog3	369	414	479	440	750	630	710	532
LOC141457818	271	277	194	228	412	401	322	339
Tom7	508	536	467	434	593	655	495	494
PIP4K	1514	1369	1750	1712	2734	2062	1836	1986
TBPH	5485	5766	6147	5599	6268	5187	4982	4699
LOC141457827	7	2	4	11	13	5	7	5
LOC141457819	190	180	209	203	344	337	280	281
LOC141457824	22	14	38	29	62	26	39	37
Lerp	570	513	583	646	1087	853	813	825
LOC141457813	618	625	745	776	698	710	757	606
LOC141457828	0	0	3	3	4	0	1	4
LOC141457830	1	11	7	9	6	9	22	15
LOC141457829	575	462	680	613	847	644	591	543
LOC141457971	137	169	190	152	206	161	107	104
LOC141457973	63	93	74	63	117	126	117	97
Oatp30B	852	634	924	996	1362	777	828	988
LOC141459037	0	0	0	0	0	1	0	0
LOC141458363	2	0	3	0	5	0	0	2
Oatp26F	7	7	3	7	4	5	6	4
LOC141457977	207	222	256	224	417	521	514	425
LOC141457975	205	210	199	200	325	321	335	314
Gar1	72	81	76	105	215	284	307	205
LOC141457980	220	149	312	317	261	178	234	227
Tsp26A	512	414	488	525	816	543	482	549
LOC141457984	0	0	3	1	2	0	0	3
LOC141457978	213	223	165	213	216	349	153	91
LOC141457982	1	0	2	0	0	0	0	0
glu	1545	1307	1565	1412	773	769	582	526
LOC141457795	0	0	0	0	1	0	0	0
LOC141457783	20	16	26	11	29	12	10	16
LOC141459048	0	0	1	0	0	0	0	0
LOC141458295	1	0	1	1	0	0	0	0
LOC141458294	0	0	0	0	0	0	0	0
LOC141458795	1	1	0	0	4	0	2	0
LOC141458108	0	1	1	0	0	1	0	1
LOC141458797	1	0	0	2	3	0	0	0
LOC141457737	0	0	1	0	0	0	1	0
LOC141459014	0	0	0	0	0	0	0	0
Eph	636	482	806	748	1136	568	790	959
LOC141458796	13	8	16	12	14	7	13	19
LOC141458794	6	2	9	12	0	15	16	1
LOC141458793	40	14	12	15	3	15	90	13
LOC141458754	403	365	445	395	620	522	495	480
LOC141458756	2967	3004	3536	3976	4890	4005	3878	3736
LOC141457879	341	340	366	338	621	428	396	429
Slob	913	816	924	1151	1548	936	910	1185
LOC141457877	31	40	44	34	54	32	28	41
LOC141457880	6	7	8	2	7	2	5	4
LOC141457883	22	34	38	46	63	50	31	36
LOC141457881	251	218	227	214	323	293	256	266
LOC141457871	21	26	20	53	111	158	52	17
LOC141457874	1529	1117	2026	2060	2346	1287	1600	2012
LOC141458141	3	2	3	1	4	0	0	3
LOC141458508	0	0	1	2	3	0	0	1
LOC141458117	0	0	0	0	1	0	0	1
SMC1	818	751	877	841	1079	859	801	782
LOC141457884	13	8	10	8	23	20	14	16
Nep3	2291	1844	2724	2680	3643	2208	2345	2855
LOC141457886	13	24	20	10	21	28	7	35
LOC141458619	1119	821	1269	1146	1305	738	858	856
LOC141458622	77	69	75	111	103	62	64	76
LOC141458617	5795	11358	10773	5311	20	3384	4071	58
EloB	495	569	634	586	1022	927	850	754
LOC141458620	269	283	253	249	202	148	159	169
Ndc1	264	246	266	241	484	518	444	437
LOC141458932	187	273	267	277	532	645	756	534
pit	516	540	539	536	937	1276	1397	851
LOC141458248	42	9	18	32	24	17	30	35
LOC141458249	1	0	5	0	2	2	1	2
how	649	625	719	727	896	584	621	589
LOC141458250	0	3	4	1	2	1	0	1
LOC141457702	0	0	0	0	0	0	0	0
CCT3	1354	1525	1548	1605	3411	4255	4010	3010
CCT1	1532	1669	1914	1964	4491	5267	4851	3778
Grip128	312	341	341	369	693	627	575	527
LOC141458243	16	9	11	16	27	24	12	7
LOC141458632	742	596	870	901	1555	919	872	1227
LOC141457689	1	0	4	0	4	5	2	5
LOC141457691	1	2	7	3	9	1	1	10
LOC141457933	1	0	3	1	6	3	0	4
LOC141457934	0	0	2	0	1	0	0	1
LOC141457798	0	0	1	1	2	0	1	8
LOC141457799	1	3	8	9	8	5	3	2
LOC141458634	0	0	0	0	2	0	1	2
LOC141458362	0	1	0	2	0	2	0	2
LOC141458884	1162	1417	1498	1629	2361	1538	1347	1730
LOC141458886	0	2	5	2	0	6	1	1
LOC141458121	0	3	3	0	2	1	1	0
LOC141459007	0	0	0	0	1	0	0	1
LOC141457831	0	0	11	1	3	3	0	12
LOC141458823	4	20	3	4	17	7	4	8
TRNAQ-CUG_2	0	0	0	0	0	0	0	0
LOC141458465	70	92	110	91	146	107	86	111
LOC141459050	0	0	0	1	1	0	0	0
LOC141458470	0	0	0	0	0	0	0	0
LOC141458080	0	0	0	0	0	0	0	0
LOC141458468	758	838	856	739	794	731	648	662
smo	374	370	395	376	517	412	391	394
LOC141458466	211	198	257	194	232	224	202	143
LOC141458467	66	65	95	95	173	126	144	147
Nhe3	667	490	771	699	871	567	595	680
fabp	5876	6897	6232	5881	8833	9498	7739	6753
LOC141458982	1415	1436	1890	1590	3520	3483	3325	2451
LOC141457692	20	18	41	21	29	30	37	38
LOC141458240	0	0	0	0	0	0	0	0
LOC141458361	0	0	0	0	0	0	0	1
PheRS-m	383	268	377	317	526	475	414	388
Gyg	2587	2377	3213	4638	1269	3372	1583	1342
LOC141457762	965	574	1165	1063	1157	582	787	1108
LOC141457769	6	13	10	9	12	8	11	5
mRpL15	347	406	358	310	508	615	508	460
Nmd3	1125	1545	1118	1324	1669	1775	1641	1368
Uqcc1	354	345	367	339	441	393	275	322
LOC141457761	246	265	335	325	445	376	325	317
LOC141457779	73	59	71	72	100	63	65	83
LOC141457772	908	886	992	1228	1618	1055	1062	1358
oys	883	916	1129	1053	1463	1239	1016	1018
LOC141457768	37	26	31	37	112	2	5	43
LOC141457780	2	3	0	2	0	2	2	6
cysu	81	70	123	131	186	130	138	218
LOC141457758	5	1	2	4	5	3	0	5
LOC141457771	0	1	1	1	0	0	44	1
LOC141457775	26	1196	25	455	3	65	11408	52
LOC141457774	30216	1984	5968	20468	0	5277	1059	37
LOC141457776	2	15	0	3	0	0	80	0
TwdlE	5	0	10	8	0	0	1	0
LOC141458237	29	34	26	30	26	19	22	23
LOC141458026	6425	6918	6452	7655	11052	7234	5749	7343
LOC141458061	212	217	230	188	339	247	291	274
LOC141458060	2439	2217	2565	2463	2578	1688	1583	1595
Polr2A	2323	1861	2718	2447	3474	2269	2640	2690
Alp12	618	550	749	731	913	1104	733	670
LOC141457744	0	1	0	0	0	0	0	0
LOC141458265	17	14	17	36	1	65	168	32
LOC141457712	782	670	1039	990	1452	830	1095	1035
Rpt1	1250	1366	1353	1374	2305	2473	2075	1809
LOC141457723	381	300	407	401	480	473	478	408
CstF64	355	319	410	321	491	396	427	336
LOC141457718	181	156	199	189	302	241	249	202
LOC141457719	775	964	1154	1023	1338	1598	1445	1196
LOC141457736	1	0	3	2	1	6	2	0
LOC141457734	60	37	66	69	66	33	65	49
RpL37A	872	1056	957	764	1050	1515	1461	1099
Rhau	492	520	607	513	951	769	726	672
ND-SGDH	938	1026	928	968	1484	1499	1246	1180
Kdm2	366	381	446	447	666	448	471	477
LOC141457733	119	143	116	145	147	98	92	124
LOC141457713	918	757	1087	954	1254	1188	1258	892
dgo	479	454	540	436	532	426	377	329
RpS26	1385	1513	1457	1230	1843	2755	2534	1779
LOC141457729	716	754	789	753	1251	1104	879	847
fwd	647	490	864	716	908	536	702	684
msl-2	145	141	186	154	205	141	124	136
LOC141457735	3	3	0	0	0	0	1	0
LOC141457726	62	94	108	93	4	155	125	6
LOC141457722	311	246	237	184	26	279	635	54
LOC141458739	469	454	538	375	242	769	850	219
LOC141458742	13	8	8	3	4	1	3	4
LOC141458737	1	3	0	1	2	1	1	0
eIF4EHP	1205	1261	1301	1096	940	1086	873	753
LOC141458738	335	315	423	417	631	577	615	541
LOC141458789	1409	1152	1582	1569	2069	1586	1674	1507
LOC141458790	657	636	722	610	1263	724	630	756
Urm1	354	415	392	360	550	626	401	441
LOC141457808	25	20	32	20	31	18	29	11
LOC141457807	2285	3757	3326	2048	438	12081	11235	741
LOC141457809	131	164	188	142	222	353	298	166
LOC141458119	66	39	54	75	101	100	124	91
CASK	3957	2962	4764	3860	5699	3378	3581	4453
LOC141458049	0	0	7	1	2	4	0	10
LOC141457810	0	0	0	0	0	0	0	0
LOC141458858	660	524	698	776	1302	1171	833	798
LOC141458859	11	7	8	1	3	4	2	15
LOC141458863	16	7	13	7	9	3	8	1
LOC141458869	1	1	3	1	2	1	1	0
spen	2792	1948	3271	2886	3108	1998	2260	2236
LOC141458867	9	11	26	16	26	16	19	34
rho-4	364	333	424	429	640	505	471	537
LOC141458862	29	35	24	20	33	32	21	16
LOC141458864	66	43	58	72	98	52	47	60
LOC141458868	1	2	0	0	0	1	2	0
LOC141458866	0	0	0	2	0	0	0	0
LOC141458521	0	1	4	0	2	1	2	6
LOC141458057	1059	1349	1117	972	2	1153	960	58
LOC141458007	0	0	0	0	0	0	0	0
LOC141457662	65	124	160	58	39	159	104	50
LOC141458120	0	0	0	1	1	0	0	2
LOC141458075	0	0	0	0	0	0	0	0
LOC141458076	0	0	0	0	0	0	0	1
Cad99C	359	296	421	461	467	364	422	384
LOC141457931	1	0	0	0	0	0	0	4
LOC141458093	0	0	3	1	0	0	2	0
LOC141458166	0	0	0	0	0	0	0	0
TRNAQ-CUG_3	0	0	0	0	0	0	0	0
TRNAQ-UUG_1	0	0	0	0	0	0	0	0
TRNAQ-UUG_2	0	0	0	0	0	0	0	0
LOC141458034	0	0	0	0	0	0	0	0
LOC141458123	0	0	0	2	0	0	0	0
LOC141457754	531	456	512	629	868	585	512	668
LOC141458641	0	7	3	3	5	9	8	2
LOC141457914	1	0	0	2	0	1	0	0
LOC141458124	0	0	0	0	0	0	0	0
LOC141458125	0	0	0	0	0	0	0	0
LOC141458533	0	0	0	2	0	0	2	0
LOC141458126	0	0	0	0	0	0	0	0
noc	794	996	1121	984	1550	1215	1002	1211
LOC141457788	3	18	19	3	2	6	11	7
LOC141457789	0	0	1	0	0	0	0	0
LOC141457787	303	1439	940	586	99	702	493	144
LOC141458009	4	0	0	0	0	1	0	0
GR18	8	1	0	0	0	0	0	0
Hydr1	1449	1335	1613	1648	3294	2500	2781	2228
LOC141458540	58	1	52	27	35	2	8	34
Prp18	335	364	322	323	401	415	346	328
LOC141458544	57	61	61	76	93	61	57	63
LOC141458542	20	19	34	29	41	21	22	24
LOC141458543	855	820	873	759	974	939	802	743
LOC141458541	0	0	0	0	1	1	0	0
MFS17	556	433	696	806	1281	826	1003	1007
LOC141458539	4	0	6	1	4	12	4	10
Cals	9830	8549	11944	10918	14127	10891	11709	11639
Cad89D	39	11	39	24	63	27	30	53
LOC141458519	3	1	1	6	6	11	1	3
LOC141458260	0	0	0	0	0	0	0	0
LOC141458826	1317	1216	1474	1577	2600	1509	1661	1780
LOC141457693	0	0	6	2	3	3	0	3
LOC141457756	73	86	96	66	175	118	77	131
LOC141457996	665	632	616	553	895	788	557	622
Mettl14	234	220	210	203	302	257	228	265
LOC141457997	586	592	713	676	853	737	649	654
Pten	982	937	1342	1127	1859	1331	1375	1319
LOC141457995	1118	1226	1302	1206	1876	1839	1781	1580
stck	1825	2080	2343	2055	2092	1570	1351	1532
qin	1133	1042	1287	1173	1729	1284	1218	1389
LOC141457998	111	93	154	167	125	124	93	133
LOC141457991	3	1	5	0	11	3	0	5
uif	429	230	425	594	446	324	595	802
LOC141458631	0	0	1	1	0	1	1	0
LOC141458628	2	3	0	0	3	1	0	1
LOC141458630	10	2	5	2	7	5	7	5
Gnf1	1090	939	1066	1014	1331	1121	1044	961
LSm7	78	102	73	81	156	169	137	133
LOC141458625	29	14	33	20	22	6	21	6
LOC141457711	3797	10073	8499	7205	11013	10331	6912	7508
LOC141458961	1709	2110	2083	2077	2820	1977	1897	1837
TpnC25D	104	77	191	170	112	75	82	124
LOC141458978	9	0	0	3	5	3	5	7
Thor	1459	1381	1437	1261	1632	1601	1282	1032
LOC141458981	0	0	0	1	0	0	1	0
LOC141458953	706	546	794	655	1201	724	650	832
LOC141458975	2	0	0	2	1	0	0	4
LOC141458977	2	2	1	0	0	0	0	0
LOC141458956	2	4	5	3	6	2	4	9
LOC141458942	0	0	1	0	0	0	0	4
LOC141458960	1	0	0	1	1	0	0	1
LOC141458951	0	1	0	2	4	0	0	3
LOC141458096	1033	1049	1070	1261	1711	931	914	913
LOC141458097	120347	114218	143252	132526	172371	102329	91568	139751
Mthfs	504	530	578	520	583	506	392	479
LOC141458106	252	187	241	184	226	131	133	193
LOC141458095	252	263	256	270	363	282	214	232
RpL26	283	407	333	307	562	701	574	449
LOC141458098	329	300	413	377	713	596	515	489
LOC141458103	108	165	186	142	85	350	333	78
LOC141458105	344	181	277	261	425	260	267	295
LOC141458099	59	47	81	70	85	83	100	137
LOC141458101	9	5	3	1	10	7	4	4
LOC141458726	699	707	730	727	1352	870	719	891
GXIVsPLA2	693	750	710	662	797	678	577	564
Grx1	1706	1810	1757	1586	2209	1951	1478	1776
LOC141458724	108	99	121	125	154	132	134	138
LOC141458729	12	17	20	11	1	7	8	4
LOC141458971	86	87	117	85	89	98	72	81
garz	1293	1145	1546	1470	2023	1785	2087	1601
LOC141458940	423	505	543	530	678	468	430	488
LOC141458948	857	1158	1051	1037	1413	1384	1403	918
LOC141458974	47	13	42	44	8	9	7	5
LOC141458968	62	18	65	63	50	29	47	71
LOC141458976	0	0	0	1	2	2	0	1
LOC141458979	1	0	1	1	3	0	2	1
LOC141458959	174	114	174	140	314	200	156	306
ninaB	468	247	369	465	810	674	425	751
Nmdmc	181	164	205	218	312	276	292	257
LOC141458949	18	14	12	8	41	17	21	20
LOC141458954	643	289	544	446	485	574	456	378
Hmt-1	1683	1720	1748	1746	2499	2588	2328	1794
LOC141458939	964	858	1038	1018	1409	1110	943	1046
IntS9	740	726	879	700	1142	1163	974	847
PH4alphaEFB	6451	5695	7653	7049	8564	5225	4541	6450
TRNAY-GUA_6	0	0	1	0	0	0	0	0
LOC141458973	84	24	67	48	85	93	56	71
LOC141458127	1	0	1	0	2	0	0	1
LOC141458970	892	976	993	981	2229	1385	358	1169
LOC141458958	497	431	515	506	746	494	477	554
LOC141458967	214	157	218	160	197	219	234	195
stmA	1309	1192	1458	1380	2073	1544	1377	1568
LOC141458943	741	748	885	657	1202	1138	1099	1004
Bug22	109	120	128	121	340	290	277	248
stau	3562	3338	4174	4039	5016	3864	4007	3780
LOC141458962	594	674	617	504	588	570	498	498
Naprt	2096	1939	2453	2442	2949	3644	3861	2197
LOC141458980	9	8	17	10	10	10	16	6
capt	1555	1447	1865	1826	2661	2364	2555	2100
LOC141458935	196	129	219	218	369	286	305	359
LOC141458028	0	0	0	0	0	0	0	0
LOC141458358	0	0	0	0	0	2	0	0
LOC141457686	52	35	63	43	71	42	22	43
LOC141457685	857	515	912	903	1009	491	590	558
bou	144	189	159	162	323	213	181	147
LOC141458893	3319	3244	3704	3668	6816	3804	4058	4966
SF1	1073	963	1222	1099	1894	1666	1746	1391
SmD3	411	477	409	496	867	903	776	805
LOC141458896	2622	2545	3664	3124	2433	1868	2073	1870
LOC141457706	17	15	9	11	18	13	14	7
LOC141458906	18	8	21	14	23	13	9	10
BckdhB	738	844	826	878	1106	1052	1181	893
na	1338	1164	1520	1667	2243	1450	1519	1730
Galt	601	677	624	567	895	1051	1041	601
mts	2359	2404	2949	2882	4520	3757	3611	3453
Rack1	11349	12845	12527	10950	9607	11897	10378	9287
BicC	667	516	793	793	1074	685	643	818
bsk	3854	3553	4778	4613	6975	4430	4757	5703
LOC141458905	73	43	94	60	21	30	70	93
brun	622	507	763	780	1129	852	895	885
LOC141458377	49	188	145	433	548	4932	1104	993
LOC141458375	205	288	195	164	72	2316	1821	192
LOC141458378	4858	4554	5768	5798	8104	5157	4960	5765
LOC141458379	70	73	75	56	19	31	18	18
LOC141457898	3	4	2	2	9	2	0	4
dnt	329	291	386	304	531	324	298	369
LOC141457896	34	23	32	33	27	18	28	38
LOC141457897	63	42	77	87	100	62	36	18
LOC141457895	0	0	1	0	0	0	1	0
LOC141457894	29	65	71	99	145	39	37	72
LOC141457888	103	172	329	501	343	157	67	134
LOC141457899	22	17	14	8	15	3	5	4
LOC141457892	27	17	15	12	9	5	3	4
LOC141457893	5	7	6	9	3	0	0	4
LOC141457889	395	542	698	853	456	179	111	165
Nt5c	734	644	855	750	976	617	666	886
dyl	50	30	70	54	51	29	23	62
LOC141457902	24	13	17	6	10	12	3	24
LOC141457904	0	0	0	1	0	0	0	0
LOC141457903	0	0	0	0	0	0	0	1
ken	486	256	592	586	343	157	297	372
LOC141457913	24	19	30	18	53	35	27	35
LOC141457912	29	42	43	45	85	55	29	39
LOC141457932	18	16	16	21	7	10	5	15
stumps	1077	1020	1114	1289	2027	1143	1185	1504
LOC141458722	1	2	2	1	0	0	0	3
LOC141458718	28	7	16	16	14	21	26	5
LOC141458719	18	6	12	10	7	4	4	3
LOC141458723	8	7	7	7	14	6	5	15
LOC141458721	1	2	2	8	1	0	2	1
jdp	3430	2644	4012	3891	5924	3216	3683	5042
phtf	2149	2310	2533	2302	3244	2575	2322	2557
LOC141457834	579	578	691	714	955	917	970	889
LOC141457841	1032	1013	1087	988	1428	1082	913	1070
Cmpk	350	372	390	364	720	571	566	580
LOC141457839	706	699	766	725	1366	1221	1169	1056
LOC141457838	1442	1569	1683	1618	2322	2041	2038	1672
Rca1	43	61	50	44	93	154	73	88
LOC141457836	2105	2175	2538	2836	3873	3242	6250	2702
Polr2K	51	85	71	52	118	157	105	84
shn	1232	1263	1504	1310	1343	1445	1462	1144
LOC141457908	0	0	4	0	0	0	0	2
LOC141457909	32	86	69	52	16	54	50	25
Fmr1	1272	1258	1539	1515	2562	2036	1978	1967
LOC141458664	1376	1180	1490	1501	2050	1401	1532	1403
LOC141458679	433	384	392	341	598	501	440	438
LOC141458668	720	771	809	782	1129	763	715	818
LOC141458672	140	151	174	139	198	148	147	151
vtd	996	888	1214	1113	1621	1292	1239	1201
nero	565	619	659	560	1061	1419	1286	1025
Hmgcl	502	456	500	555	814	831	794	585
LOC141458678	1073	1087	1035	1241	1728	1344	1225	897
Tsen34	860	920	1149	949	1015	831	725	832
LOC141458671	580	825	818	780	833	2462	2641	525
Vps51	868	1004	1028	1109	1377	968	855	840
LOC141458666	39	74	80	160	267	278	196	100
LOC141458669	410	450	520	487	763	736	721	653
LOC141458677	178	278	216	159	8	288	238	7
LOC141458685	847	747	984	911	1375	1107	1126	1011
LOC141458703	58	22	28	35	54	18	16	41
LOC141458702	4	7	15	15	25	5	5	13
LOC141458698	46	22	17	71	81	14	25	18
LOC141458695	8	6	10	4	11	8	22	16
LOC141458691	0	2	0	0	0	0	0	3
LOC141458692	79	16	65	101	2	2	4	15
LOC141458690	0	0	0	3	0	0	0	0
LOC141458687	0	0	0	0	0	0	0	0
LOC141458694	1	4	2	3	4	2	3	1
LOC141458131	0	1	1	1	2	3	0	3
Atac1	97	129	110	87	136	148	185	133
Adk2	354	306	289	263	356	445	418	292
LOC141458707	49	41	50	36	55	46	46	41
enok	1985	1412	2372	2208	2408	1482	1538	1712
LOC141458704	2	8	1	16	1	82	24	1
LOC141458684	641	507	650	580	688	513	446	393
LOC141458693	567	445	636	596	812	586	582	719
SpdS	285	141	131	115	148	430	494	122
P5CDh1	2457	2550	2755	3004	4391	2948	2355	3120
LOC141458705	6	4	13	1	5	3	2	2
LOC141458681	131	154	163	173	137	101	79	79
LOC141458700	81	92	72	73	145	198	216	159
LOC141458701	49	58	52	54	96	100	68	77
Pex5	765	724	965	862	1121	968	1102	857
LOC141458709	2156	2186	2379	2068	3195	2048	1921	2294
Mvk	249	304	287	302	516	474	464	361
PPK-like12	4	3	1	4	0	1	1	4
Rpro014276_PPK	0	0	0	0	0	0	0	0
PPK-like11	4	2	0	6	7	1	4	2
Mpi	540	481	546	409	398	499	442	349
LOC141458714	13	20	35	26	39	29	29	25
LOC141458710	518	557	764	813	1086	752	722	690
LOC141458708	7918	6906	8760	8256	12497	7867	7243	9872
LOC141458715	1	1	0	1	0	1	0	1
LOC141458241	0	0	0	1	1	0	0	0
LOC141457755	427	550	303	233	6	135	294	11
LOC141458644	12149	11811	13271	13147	20873	13542	12521	15760
LOC141458651	4	4	18	4	11	4	1	12
LOC141458653	12	3	61	12	34	22	5	58
Acadvl	1137	1081	1244	1254	1430	988	948	1012
LOC141458647	356	353	426	363	664	533	467	435
LOC141458650	2855	2684	2521	1950	1040	1844	2032	921
glo	3262	3230	3289	3043	5407	4758	4510	4112
mats	578	565	715	720	996	811	852	683
LOC141458643	589	472	718	501	851	495	511	690
LOC141457986	0	0	3	1	2	1	0	1
TRNAD-GUC_3	0	0	0	0	0	0	0	0
TRNAD-GUC_4	0	0	0	0	0	0	0	0
TRNAD-GUC_5	0	0	0	0	0	0	0	0
TRNAD-GUC_6	0	0	0	0	0	0	0	0
TRNAD-GUC_7	0	0	0	0	0	0	0	0
TRNAD-GUC_8	0	0	0	0	0	0	0	0
TRNAD-GUC_9	0	0	0	0	0	0	0	0
TRNAD-GUC_10	0	0	0	0	0	0	0	0
TRNAD-GUC_11	0	0	0	0	0	0	0	0
TRNAD-GUC_12	0	0	0	0	0	0	0	0
TRNAD-GUC_13	0	0	0	0	0	0	0	0
TRNAD-GUC_14	0	0	0	0	0	0	0	0
TRNAD-GUC_15	0	0	0	0	0	0	0	0
TRNAD-GUC_16	0	0	0	0	0	0	0	0
TRNAD-GUC_17	0	0	0	0	0	0	0	0
TRNAD-GUC_18	0	0	0	0	0	0	0	0
TRNAD-GUC_19	0	0	0	0	0	0	0	0
LOC141458652	0	0	1	0	0	0	0	0
hgo	2529	2802	3230	2417	1108	5606	6267	923
LOC141458654	1201	946	1400	1351	1743	1150	1272	1160
LOC141458662	0	0	1	1	1	0	1	2
LOC141458656	565	484	721	714	960	636	709	792
LOC141458663	0	1	2	5	0	0	0	1
LOC141458165	0	3	6	1	0	1	0	3
LOC141458135	0	0	1	0	0	0	0	1
LOC141458660	287	246	356	292	364	325	300	286
MED14	753	635	887	866	1220	1047	1013	958
LOC141458661	7	11	7	16	18	11	14	8
LOC141458659	12	8	20	14	9	19	13	19
LOC141458857	0	0	0	3	1	0	0	0
ATP6AP2	4693	4543	5284	5138	7810	5820	5606	5768
LOC141458852	25	17	17	13	76	87	57	101
LOC141458856	0	2	2	4	4	2	0	1
LOC141458853	12	17	21	25	26	29	25	15
LOC141458382	138	193	307	253	1246	4346	4157	1394
LOC141458383	110	57	51	49	95	91	66	75
LOC141458381	4146	5569	5049	4881	3947	8154	8332	3811
LOC141458384	2	1	1	3	3	2	0	4
LOC141458380	29	109	110	75	491	256	138	139
LOC141458386	4	3	4	2	6	6	2	6
LOC141458136	0	0	0	1	3	1	4	1
LOC141458565	122	98	118	97	189	118	122	151
LOC141458534	1	0	3	2	4	1	0	8
LOC141457845	0	0	3	0	3	0	0	7
LOC141458566	1	1	1	1	1	0	1	2
LOC141458567	461	901	737	388	2	423	1898	1
LOC141458568	0	0	0	1	1	0	0	0
LOC141458569	505	561	653	544	866	584	488	527
Caf1-55	578	670	694	658	1329	1237	1051	1113
gsb	1	3	4	2	1	3	1	1
LOC141458750	6	8	4	4	3	2	1	2
LOC141458749	5	12	13	6	2	6	3	5
Argk1	29084	25838	28682	30144	42526	42148	33971	33236
LOC141459020	0	1	6	1	2	8	4	2
LOC141458751	3	2	0	2	2	1	1	3
LOC141457906	107	133	110	93	155	125	71	148
LOC141458302	1	0	0	0	0	0	0	0
LOC141457935	10	7	4	6	18	16	6	8
LOC141458300	0	0	1	0	0	0	0	0
LOC141457803	1	0	11	3	0	0	3	0
LOC141457802	72	95	90	83	110	94	64	94
LOC141458753	0	0	2	0	0	0	0	1
LOC141457804	0	1	2	0	0	0	0	1
LOC141458986	0	0	0	0	1	0	0	0
LOC141458531	0	0	0	0	0	0	0	0
LOC141458985	590	400	565	602	800	488	372	705
LOC141457969	0	1	1	0	0	0	0	1
LOC141458835	10	7	8	11	17	0	1	7
Adi1	496	732	488	438	320	365	419	296
Naa40	120	117	137	124	172	156	107	131
LOC141458832	682	524	715	615	600	662	617	501
LOC141458871	58	129	141	35	4	21	78	3
LOC141458873	142	143	132	117	253	184	141	146
Marf	537	439	618	697	946	873	1034	796
LOC141458874	1	5	15	3	3	3	3	1
LOC141458298	0	3	2	0	0	1	0	0
LOC141457887	1	0	1	0	1	2	0	0
LOC141458137	0	0	0	0	0	0	0	0
LOC141458507	0	0	0	0	0	1	0	0
LOC141458909	473	460	497	563	839	531	514	614
LOC141458048	0	0	3	2	0	2	0	0
LOC141457846	14148	16454	14552	15339	22656	14361	11106	16716
LOC141458639	883	820	895	922	1173	665	567	799
Kal1	124	139	116	147	107	100	36	61
LOC141458640	47	30	41	33	85	27	26	65
LOC141458636	1	0	1	2	0	0	0	3
conu	534	473	607	589	380	363	437	273
LOC141457687	0	0	0	1	0	0	0	0
LOC141457688	664	705	808	753	895	1881	2070	659
f	575	638	798	691	218	1685	1559	256
LOC141458839	0	0	0	0	0	2	0	0
LOC141458840	0	0	0	0	0	0	0	0
LOC141458838	966	907	1041	994	1430	1286	1179	1059
LOC141458746	1119	867	1326	1070	1349	839	745	955
LOC141458747	2	1	3	3	6	60	248	381
Cpr100A	16	11	16	24	6	8	17	103
TRNAK-CUU_4	0	0	0	0	0	0	2	0
LOC141458524	188	185	208	221	346	225	278	229
tll	7	10	4	10	28	19	11	25
TRNAK-CUU_5	0	0	0	0	0	0	0	0
LOC141458522	445	454	703	824	1006	632	585	611
LOC141458530	0	0	2	0	1	0	0	1
LOC141458529	55	69	68	73	112	88	77	67
Usp16-45	834	887	939	966	1480	1551	1627	1301
LOC141458455	11	9	16	8	15	14	11	6
twin	293	219	275	267	320	196	202	261
LOC141458454	96	104	126	110	301	180	195	239
LOC141458506	0	0	2	0	1	0	0	1
Ilp3	1903	1733	1897	1535	3198	2029	1028	2393
LOC141458138	40	25	52	59	46	35	34	39
LOC141458027	3	6	3	1	10	4	3	2
LOC141459043	0	0	0	0	0	0	1	0
LOC141457684	0	0	0	0	2	0	1	0
LOC141458082	388	512	472	493	1644	1072	1442	1077
LOC141457989	0	0	0	0	0	0	0	0
LOC141458553	27	34	48	91	80	41	21	59
LOC141458548	231	78	250	146	181	153	80	346
LOC141458549	7	1	3	1	2	1	0	2
LOC141458554	14	5	28	5	6	3	6	8
LOC141458552	0	0	0	0	0	0	0	0
LOC141458550	10	21	8	29	13	13	8	12
LOC141458547	0	2	0	4	0	0	2	0
LOC141458546	296	313	353	450	751	494	404	490
LOC141458545	12	5	5	6	7	10	10	5
LOC141459005	260	172	247	233	321	182	178	189
LOC141459004	551	494	577	504	690	451	389	426
LOC141458555	1037	1143	1057	1010	1524	1489	1421	1210
LOC141458556	106	58	149	159	126	57	97	126
LOC141458461	7	0	0	0	0	1	0	0
LOC141458462	0	0	0	0	0	0	0	0
LOC141458457	1303	237	277	297	180	79	104	108
LOC141458458	350	374	392	359	763	757	662	592
LOC141458460	161	123	186	114	213	170	160	164
LOC141458459	283	93	253	191	235	170	100	87
LOC141458456	868	643	842	889	1175	737	638	708
Nmt	609	584	683	716	1247	1058	1035	968
Swip-1	1002	910	1048	1087	1448	1197	1143	1252
LOC141458880	406	399	478	443	791	701	616	665
TwdlT	11	1	4	2	2	0	0	1
LOC141458883	0	0	0	0	0	0	2	1
LOC141458611	0	0	0	0	0	0	0	0
LOC141458094	0	0	0	0	0	0	0	0
LOC141458848	6	11	14	16	21	12	7	21
LOC141458851	202	170	251	215	311	189	180	147
LOC141458847	529	825	900	399	1015	640	817	367
LOC141458850	299	229	234	273	327	496	184	202
LOC141458256	45	24	35	8	39	17	20	49
LOC141458251	2	1	1	3	3	4	3	8
LOC141458259	0	0	0	1	0	0	0	2
LOC141458258	4	0	5	2	3	1	0	10
LOC141458257	56	25	52	44	47	25	18	52
LOC141458252	4	0	3	7	2	0	0	2
LOC141458253	273	140	245	340	194	91	103	163
Cpr97Eb	472	397	450	527	789	543	405	511
LOC141457797	10	4	1	12	7	2	2	4
LOC141457796	103	75	92	78	161	77	80	67
exp	407	253	415	501	788	385	471	488
LOC141458842	6	14	7	10	26	9	12	9
LOC141458843	7	12	5	1	20	9	9	5
LOC141458360	0	0	0	0	0	0	0	0
LOC141458359	0	0	0	0	1	0	0	0
LOC141458752	0	0	0	0	0	0	0	0
LOC141458006	0	2	1	0	0	0	0	0
LOC141457681	558	392	467	524	749	564	499	447
LOC141457666	78	64	68	103	114	52	84	72
LOC141457676	0	0	0	0	0	0	0	0
wts	1275	1268	1784	1469	2236	1370	1365	1472
Sec20	472	601	485	431	199	219	161	185
LOC141457671	321	416	412	416	557	651	631	434
LOC141458744	1	0	0	0	0	0	0	0
Doa	1802	1708	2179	1938	4036	2878	2541	3053
LOC141458745	208	171	269	236	443	353	372	364
LOC141459009	0	0	0	0	0	0	0	0
LOC141457673	2203	1732	2558	2276	2977	1882	1594	2246
LOC141457672	2	5	6	2	6	2	0	3
LOC141457683	0	0	0	0	0	1	0	2
Cand1	1588	1484	1824	1877	2933	3585	3515	2407
LOC141457675	786	747	1022	1172	886	1244	1126	698
LOC141457669	1926	1571	2086	1990	2110	1328	1371	1442
PrBP	145	91	176	160	187	143	169	137
LOC141457677	90	89	104	82	92	88	93	62
Cul2	982	946	1045	1033	1599	1202	1286	1214
vas	169	273	191	274	673	1244	1307	671
LOC141458984	174	193	134	185	238	202	189	189
LOC141458140	0	2	1	1	0	1	0	0
LOC141458987	1	0	0	1	1	1	0	0
LOC141457752	352	456	292	596	848	318	417	214
LOC141457751	240	399	255	437	499	144	181	135
LOC141458990	4	3	0	5	1	2	0	0
LOC141458989	5	14	4	4	1	2	2	5
LOC141458992	9	6	5	0	1	0	1	1
LOC141458991	46	51	46	57	63	52	52	39
LOC141458031	73	64	66	83	91	67	62	63
Ing3	181	173	169	150	128	96	102	88
Prp5	1431	1320	1762	1564	2165	1813	1879	1870
Nplp1	55158	53547	64677	65408	87241	49778	48407	65871
LOC141458033	0	8	4	5	18	6	2	7
LOC141458156	537	699	678	617	850	1267	1245	760
TRNAT-UGU_2	0	0	0	0	0	0	0	0
TRNAT-UGU_3	0	0	0	0	0	0	0	0
LOC141458162	67	54	65	47	54	39	49	41
LOC141458155	26	19	38	22	24	23	21	42
LOC141458160	189	211	219	203	258	170	160	183
LOC141458164	27	34	36	16	58	40	51	84
wapl	811	712	914	865	1166	910	994	799
mRpL1	230	333	289	285	491	412	404	336
bwa	564	545	756	854	867	759	1206	655
Naa20A	795	915	856	799	976	1006	881	892
m	110	99	137	139	242	166	194	178
LOC141458389	20	42	20	13	41	7	32	24
LOC141458390	24	43	33	21	24	14	25	40
LOC141458393	63	64	83	85	48	29	59	48
E23	554	562	635	766	1869	1304	1073	1378
LOC141458410	23	10	26	4	19	31	25	41
Cdk5alpha	3133	2317	3727	3644	5082	2670	3342	4487
LOC141457705	568	571	600	611	936	696	627	680
LOC141457905	0	2	0	0	0	1	0	1
LOC141457665	191	221	206	194	233	172	108	169
LOC141458450	123	124	130	123	223	156	104	131
LOC141458448	694	573	878	858	735	1287	1584	795
AQP	216	204	185	226	103	150	55	110
LOC141458447	240	189	245	309	404	288	304	368
LOC141458449	341	320	291	303	447	371	271	358
Mvl	680	641	639	680	967	921	801	732
LOC141458409	5	9	12	6	3	2	3	4
LOC141458407	3	16	12	4	1	0	0	1
LOC141458398	1948	1927	2487	2028	2485	2593	2453	2052
LOC141458402	2036	2196	2222	2560	3191	2097	1790	2064
LOC141458406	178	166	154	184	251	211	213	238
Atac2	75	74	64	48	48	60	34	30
LOC141458408	46	81	47	45	3	24	45	7
TRNAI-AAU_1	0	0	2	1	4	0	2	0
LOC141458403	690	862	1054	805	280	1151	992	226
LOC141458404	79	120	77	85	42	137	102	35
fest	2	8	11	10	6	2	0	1
LOC141458400	335	569	761	483	178	674	391	213
ATPsynbeta	18440	19118	20670	18299	21403	22676	19208	17958
LOC141458397	471	506	645	592	762	908	852	675
LOC141458411	289	262	331	275	547	409	350	343
LOC141458396	974	985	1073	954	1434	1022	908	1034
dsh	664	658	838	757	1110	782	877	658
LOC141458412	6	4	5	8	4	2	8	2
LOC141458405	380	374	462	430	620	287	363	377
LOC141458413	4074	2741	4240	3892	5542	2816	3552	4208
LOC141458423	32	20	40	39	52	19	44	21
LOC141458418	63	43	64	66	100	50	44	75
LOC141458421	298	258	307	349	528	400	298	410
LOC141458416	544	554	735	609	695	638	610	570
LOC141458422	4	1	1	2	3	3	2	2
LOC141458414	618	553	682	709	881	621	598	593
LOC141458419	653	620	628	470	508	463	426	396
Inos	221	319	351	149	47	248	223	90
qtc	1829	1800	1858	1873	2889	2690	2014	1983
RpL11	3829	4714	4105	3610	3845	4807	4192	3405
Uxs	368	369	383	337	530	417	438	366
Sse	124	128	118	125	238	239	213	175
tefu	731	526	796	658	789	681	656	725
mRpL46	352	414	353	361	343	408	313	287
LOC141458735	16	24	40	13	9	11	9	7
LOC141458732	98	111	113	87	159	157	141	95
LOC141458731	4632	5882	5897	4254	4118	6315	5561	3514
LOC141458734	3	3	1	5	1	5	0	0
LOC141458730	1631	1407	1798	1550	2465	1488	1411	1790
LOC141458733	14	24	17	10	7	29	9	10
Pde11	1198	1177	1277	1311	1557	1195	1082	1112
Mtr4	637	593	714	715	1051	804	828	727
kel	1400	1383	1624	1557	2025	1445	1419	1501
LOC141458005	539	765	977	774	828	739	744	1041
LOC141458004	1376	1316	1607	1393	1761	2366	2169	1509
LOC141458338	463	568	684	219	14	93	76	12
LOC141458332	1128	1158	1190	1445	2035	1204	1077	1482
Tfb5	7	5	1	2	2	1	2	2
LOC141458331	13	8	21	11	19	18	23	21
LOC141458335	629	3136	1299	1584	284	1167	1030	677
krz	2142	1933	2699	2305	3861	2580	2551	2867
LOC141458317	45	16	195	50	88	56	29	130
LOC141458347	49	40	45	45	68	35	31	42
LOC141457790	172	164	187	49	136	125	117	126
LOC141458344	259	229	249	294	365	352	303	282
LOC141458305	1086	1117	1295	1334	1646	1465	1542	1239
LOC141458328	638	1555	673	786	16	563	954	28
LOC141458327	2685	3977	3372	2438	701	2739	1678	552
LOC141458345	209	232	229	196	256	164	176	136
Elp5	214	236	263	187	305	288	242	187
lt	660	687	776	687	940	784	858	670
LOC141459040	3	4	2	3	3	3	4	1
LOC141458313	251	166	203	192	260	123	146	153
LOC141458325	416	394	415	353	325	331	242	188
EndoG	144	187	154	134	254	250	225	223
Gbeta13F	4803	4216	5992	6012	8735	5531	6049	7534
LOC141458349	1	4	0	1	0	0	3	1
LOC141458306	1151	1297	1737	1202	1681	1739	1885	1405
Ret	325	328	360	422	614	430	381	459
LOC141458336	0	0	0	0	0	0	0	0
LOC141458333	842	680	859	855	1463	1091	867	1172
LOC141458310	958	827	1072	1023	1301	909	987	1095
LOC141458311	1157	1146	1160	1121	1554	1455	1331	1147
net	97	99	102	100	97	157	93	88
LOC141458322	1885	1905	2035	2131	3386	2701	2506	2336
Lamtor3	132	130	114	122	146	116	98	116
LOC141458316	80	69	72	87	86	59	44	68
schlank	1982	2049	2346	2423	3969	3157	3429	3309
Eaf	677	840	890	778	1121	1210	1191	845
Chpf	404	317	455	405	673	681	709	499
CSN4	743	741	775	833	1219	941	920	969
LOC141459049	0	0	0	0	0	0	0	0
LOC141458320	10349	11239	10949	9888	9390	10221	8839	7585
nSyb	845	654	935	1087	1412	798	969	1266
LOC141458348	26	14	27	17	31	18	24	20
LOC141458315	226	213	247	268	402	295	304	293
LOC141458340	639	744	682	628	821	880	715	672
LOC141458879	10	7	13	5	27	20	34	12
LOC141458876	256	152	225	180	198	139	180	148
LOC141458878	14	7	10	3	7	4	5	2
ClC-a	501	458	665	688	731	515	632	590
LOC141458090	205	350	433	241	182	246	203	145
OstDelta	2028	2126	2119	2150	4158	5616	5494	3267
pps	2010	1858	2446	2170	2880	2180	2283	2113
LOC141458088	154	152	171	205	310	203	163	173
LOC141458091	282	276	265	265	422	372	278	286
LOC141458089	1959	2053	2058	1955	3046	2518	2004	2179
LOC141458129	8	14	9	28	22	13	18	6
LOC141458092	1	0	2	0	0	1	1	1
LOC141458174	248	250	237	206	448	322	285	297
LOC141458172	73	58	94	87	161	124	89	109
Sec31	2336	2028	2835	2755	4380	3921	4693	3521
Sf3b2	1680	1490	1819	1727	2803	2448	2427	2393
LOC141458177	693	599	790	657	852	640	511	634
LOC141458175	11	11	41	32	9	7	0	9
LOC141458173	219	262	291	337	302	232	163	246
LOC141458354	0	0	2	0	0	0	0	1
Root	738	507	852	632	878	468	587	634
LOC141458352	266	702	618	236	11	111	68	32
LOC141458353	0	0	1	0	0	1	0	0
LOC141459018	0	0	0	0	0	0	0	0
LOC141459030	0	0	0	0	0	0	0	0
LOC141459041	0	0	0	0	0	0	0	0
LOC141459008	0	0	0	0	0	0	0	0
LOC141458356	33	29	23	46	49	31	30	34
LOC141458357	2	0	2	0	7	9	19	2
LOC141457966	12	19	15	24	23	13	16	6
LOC141457941	1044	1177	1539	1287	964	2108	1719	760
LOC141457964	1	0	1	0	4	9	4	0
LOC141457963	4	4	8	1	3	5	5	2
LOC141458995	1	0	0	1	1	1	0	1
LOC141458994	6	6	1	2	0	2	2	4
LOC141457947	7	4	12	3	5	20	4	9
LOC141457945	2	4	8	1	8	2	3	7
LOC141457949	0	1	3	4	6	5	3	1
LOC141457950	1	0	4	7	3	12	3	3
LOC141457954	3	1	5	0	6	2	0	7
LOC141457955	0	0	4	1	3	2	0	5
LOC141457944	4	3	10	2	7	2	1	7
LOC141457953	1	0	2	0	1	2	2	6
LOC141457940	23	26	19	4	21	24	17	26
LOC141457943	4	0	0	0	0	0	0	0
LOC141457936	3	0	1	3	1	2	3	0
LOC141457965	0	0	2	1	6	0	0	3
LOC141457937	5	12	7	17	19	9	4	10
LOC141457952	0	2	2	0	4	2	2	1
LOC141457942	4	3	5	8	10	1	0	1
LOC141457946	4	5	5	2	2	4	3	9
LOC141458143	78	50	83	102	124	75	78	99
LOC141457951	2	1	2	2	2	1	0	3
LOC141457961	1	14	1	4	7	2	1	3
LOC141457957	31	37	28	60	60	37	26	34
LOC141457959	152	210	173	222	332	169	274	202
LOC141457938	234	166	345	288	346	203	243	344
LOC141457958	45	19	53	36	56	41	37	42
LOC141457956	2	1	0	1	2	0	3	2
LOC141458036	0	0	0	0	0	0	0	0
LOC141458079	1	0	0	0	0	0	0	1
TRNAL-UAG_1	0	0	0	0	0	0	0	0
LOC141457907	366	329	394	342	556	570	471	415
mRpS2	214	223	171	206	306	286	250	239
LOC141458787	1	2	8	4	12	4	6	4
LOC141458785	34	32	35	12	18	39	22	23
LOC141458786	9	9	7	3	6	9	12	8
p115	589	656	650	686	1214	1060	1053	1010
LOC141458783	3	2	8	5	4	2	1	4
LOC141458875	1015	881	1246	1183	1776	1363	1804	1801
LOC141458642	1	2	0	0	3	0	2	4
LOC141457988	27	16	23	26	22	17	15	12
LOC141459047	0	0	1	0	0	0	0	1
LOC141458368	15	18	20	32	18	22	12	21
LOC141459044	0	0	0	0	0	0	0	0
LOC141458372	0	3	0	1	0	0	0	0
LOC141458371	0	0	1	0	1	0	1	0
LOC141458370	56	40	61	66	81	70	79	64
Fancd2	409	442	528	485	724	600	515	425
Prp40	1127	1109	1322	1224	2203	1844	1852	1729
LOC141458369	700	753	768	668	1086	862	677	821
Usp39	384	366	417	363	589	451	445	409
LOC141457757	2027	2168	2376	2131	3414	3187	2691	2780
LOC141458920	730	697	1001	864	1229	968	1139	928
LOC141458923	20	4	30	30	25	7	15	17
LOC141458928	16	14	10	14	48	36	29	32
LOC141458916	1351	1224	1548	1471	1572	1670	1815	1008
LOC141458930	20	7	21	3	19	9	19	18
LOC141458921	2204	1916	2493	2436	4131	2482	2754	2981
LOC141458917	983	872	1134	1102	1742	1283	1257	1328
LOC141458924	1059	974	1121	1173	1990	1358	1260	1516
LOC141458931	3	0	1	0	0	0	0	0
spz3	668	760	885	872	1074	715	676	694
LOC141458918	946	896	1055	1021	1316	943	850	952
LOC141458925	238	234	280	209	304	245	236	228
LOC141458915	180	317	371	173	372	203	285	69
crok	528	538	710	604	780	503	470	508
LOC141459023	0	0	0	0	0	0	0	0
LOC141458919	147	27	61	45	92	96	51	102
LOC141458926	3105	2834	2803	3309	3598	1805	2008	1807
LOC141458074	21	6	10	15	18	9	14	9
LOC141458069	1642	1498	1650	1618	2075	1677	1342	1445
LOC141458071	371	373	345	418	512	558	489	456
LOC141458066	1089	971	1365	1260	1719	1095	996	1190
LOC141458073	8	7	13	5	6	7	7	3
TRNAE-UUC_4	0	0	0	0	0	0	0	0
TRNAE-UUC_5	0	0	0	0	0	0	0	0
TRNAE-UUC_6	0	0	0	0	0	0	0	0
papi	911	793	1097	1034	1561	1384	1778	1202
LOC141458072	260	291	342	289	533	464	519	444
Orc4	284	356	362	334	581	542	438	448
Lpin	3915	3636	4585	5147	7352	4715	4552	5534
LOC141458914	5	0	2	1	6	0	0	2
LOC141457848	6263	7194	7567	6955	8803	6793	5013	7620
LOC141457847	45	53	35	94	54	37	17	24
LOC141457849	1	0	3	3	2	0	0	1
RagC-D	183	170	139	180	293	242	235	243
LOC141457852	0	1	0	2	2	1	0	1
LOC141457851	180	183	200	182	298	285	263	209
CaBP1	2941	3005	3113	3210	6165	6377	6082	4658
LOC141457859	5	7	12	12	15	8	11	12
eIF2Bdelta	516	595	636	552	896	965	957	711
RpL19	3548	3996	3907	3184	3997	4745	4286	3532
LOC141457857	17	13	3	16	9	4	9	6
LOC141457855	59	41	58	53	56	53	50	44
Nepl8	1286	1053	1458	1518	1458	903	784	1123
Zw10	288	265	361	281	624	454	472	443
LOC141458574	0	0	2	0	0	0	0	0
LOC141457867	0	0	3	2	3	4	1	0
Cad88C	86	63	140	84	124	51	99	126
LOC141457865	8	6	19	12	9	4	13	8
LOC141457862	979	825	1048	1051	1454	783	829	1042
LOC141457870	13	9	6	18	16	8	11	6
LOC141457869	4	5	1	1	3	5	3	0
LOC141457863	492	1540	1906	849	203	1009	704	391
LOC141457868	0	0	0	1	0	0	0	2
LOC141457864	1	2	11	6	2	11	3	1
LOC141457866	2	1	0	0	0	0	0	1
LOC141458130	1	0	3	1	2	3	0	1
LOC141458145	547	542	654	553	777	580	582	556
LOC141458146	474	531	541	495	694	570	534	490
LOC141458908	71	53	53	68	97	62	49	69
LOC141458287	168	153	197	187	210	187	140	180
LOC141458275	1554	1563	1786	1689	2661	2016	1706	1896
LOC141458280	4448	5450	4763	3956	4291	6301	5499	4020
Atg8a	5540	5390	5960	5663	7290	5183	4009	5101
LOC141458278	33	21	21	30	33	31	26	15
LOC141458281	1375	1147	1381	1336	2118	2557	2879	1596
LOC141458283	23	8	14	13	15	12	5	16
LOC141458284	23	21	8	22	37	29	2	30
LOC141458291	1	1	1	3	4	8	0	2
Kaz-m1	25	22	3	6	7	63	5	9
rictor	377	336	454	411	571	446	417	389
LOC141458277	3752	4423	4288	2849	3800	3571	2836	2634
pAbp	64050	61438	76216	63191	67165	57949	58735	54411
cutlet	280	191	221	227	436	283	281	236
Drgx	195	136	243	192	447	238	234	285
LOC141458288	11	10	17	16	23	16	8	21
TRNAQ-UUG_3	1	0	0	0	2	0	1	0
LOC141458289	0	3	1	1	1	3	2	5
LOC141458272	0	0	0	0	0	0	0	0
TRNAC-GCA_2	0	0	0	0	0	0	0	0
LOC141458064	10	13	13	7	33	17	29	14
LOC141458063	0	1	0	0	3	0	1	1
for	2163	2493	2957	1930	1603	2355	1895	1343
LOC141458268	17	20	33	47	72	41	46	74
LOC141458270	1	0	2	0	0	3	2	4
LOC141458269	988	1026	1036	904	870	966	903	590
LOC141458153	0	0	0	0	0	0	0	0
asun	918	873	1037	950	1447	1048	1059	1048
RIC-3	1423	1281	1621	1825	2430	1488	1225	1831
LOC141459522	763	621	838	728	1024	934	809	794
LOC141459524	92	62	93	77	115	56	43	73
LOC141459136	53	30	41	49	46	16	24	25
LOC141459511	69	49	69	61	32	21	13	22
LOC141459510	775	710	839	783	1128	789	707	823
LOC141459512	467	485	440	417	840	1291	1159	718
LOC141459509	2876	2033	3212	2883	4626	2275	2287	3174
Frmd5	901	778	927	933	1411	939	791	930
LOC141459331	64	65	79	72	29	32	40	40
LOC141459330	2670	2850	3119	2823	5582	4731	4106	4009
LOC141459595	8	4	5	5	10	3	5	3
LOC141459325	1525	1039	1770	1583	2157	1220	1266	1896
LOC141459329	2	1	8	2	3	2	1	6
LOC141459385	2	4	8	0	6	6	0	5
LOC141459207	967	709	1014	1009	1366	890	800	916
SecS	276	194	301	344	494	345	413	443
LOC141459211	5297	5187	6239	5790	9438	7166	6499	6973
Apoltp	182	280	367	285	130	242	153	119
LOC141459212	5	2	16	6	0	3	0	2
Ankle2	332	390	364	380	495	385	400	378
Fim	450	419	694	814	902	2560	3654	1045
Stim	132	70	164	182	171	144	247	156
LOC141459244	0	0	0	1	0	0	0	0
LOC141459243	1071	1067	997	1049	1648	1469	1428	1162
LIMK1	111	62	117	116	132	100	149	129
LOC141459570	695	583	812	800	1163	795	882	987
LOC141459304	8	4	14	0	0	161	174	16
LOC141459559	307	339	395	324	546	379	323	410
LOC141459560	0	6	11	0	0	0	0	1
LOC141459308	1082	830	1311	1292	1712	900	1079	1395
pnut	2772	2437	2963	2714	4433	3212	2978	3121
LOC141459309	351	373	402	414	517	371	364	338
Sec13	825	861	823	804	1429	1533	1393	1040
LOC141459254	472	513	324	386	39	314	415	53
LOC141459255	1240	1518	1735	1240	859	1674	2045	793
LOC141459253	2376	2243	2524	2323	2893	2146	2202	2196
LOC141459261	10	29	17	13	23	19	11	10
LOC141459260	433	470	459	430	626	603	503	458
LOC141459257	313	310	302	322	476	458	415	360
Spec2	509	550	623	525	1052	973	904	848
pyd	688	452	721	695	690	412	517	524
LOC141459365	0	0	0	0	0	1	0	0
sage	45	2	0	0	0	0	10	0
LOC141459189	9	7	12	9	22	18	14	19
Uba5	887	1144	1076	851	947	1118	925	829
CAH1	2881	2304	2473	2693	3034	2441	3219	2476
LOC141459195	0	0	0	0	0	0	0	0
LOC141459193	282	308	320	275	399	433	312	361
rk	1164	1006	1297	1262	1936	1193	985	1237
LOC141459087	318	313	325	336	698	644	562	467
ZnT63C	1471	1222	1667	1578	2203	1538	1863	1563
Synd	653	424	803	916	892	695	868	822
LOC141459410	123	102	179	185	198	144	165	177
LOC141459098	0	1	0	0	0	0	0	0
lobo	21	11	23	13	46	21	4	11
LOC141459099	102	81	167	148	158	88	93	176
LOC141459375	9	11	4	3	6	6	4	3
LOC141459377	1	5	2	1	2	0	4	3
Vps2	1754	1943	1932	1760	2520	2189	2024	1749
Sec23	1860	1708	2249	2328	3970	4211	5391	3594
LOC141459379	1401	1441	1732	1873	2120	2371	2007	1776
Tsp68C	135	133	157	158	264	165	125	91
Myb	740	682	898	816	1271	853	788	883
blw	15520	16292	16399	14701	17707	17671	15450	13442
Chd1	1474	1265	1840	1777	2096	1408	1835	1845
LOC141459096	417	412	470	398	559	380	368	418
LOC141459388	640	517	717	644	984	628	537	505
nahoda	66	34	76	91	105	34	71	82
LOC141459598	0	0	0	0	0	0	0	0
Paf-AHalpha	348	354	443	477	705	573	562	542
LOC141459420	11	54	22	44	6	24	7	4
LOC141459423	1829	1558	2042	1934	3645	2195	1961	2815
Ser	110	90	125	125	160	127	128	178
LOC141459425	1	0	0	0	1	0	0	0
LOC141459421	4	2	8	1	6	8	4	5
Mfe2	618	688	783	735	1021	1135	1082	656
LOC141459471	50	24	50	47	41	13	44	41
LOC141459470	14	9	19	11	9	5	8	14
LOC141459469	5389	4929	5853	5993	10882	6785	6501	7846
Oscillin	395	474	502	559	878	780	649	523
LOC141459505	0	3	1	1	2	3	0	1
LOC141459504	11	11	17	8	12	13	11	10
LOC141459507	0	3	0	3	2	1	2	0
LeuRS	629	706	741	771	1488	1364	1553	1232
RpS11	1471	1578	1303	1290	1810	2638	2388	1593
LOC141459442	67	60	90	86	92	72	109	109
PlexA	251	148	371	327	410	297	400	469
Ca-alpha1D	198	112	247	162	267	140	123	234
LOC141459340	846	621	1026	965	1589	748	885	1132
LOC141459602	0	0	5	0	3	1	1	1
LOC141459166	186	196	213	208	397	213	193	255
LOC141459567	0	0	0	2	2	1	0	1
LOC141459389	0	1	0	0	1	1	1	2
LOC141459140	124	186	129	177	298	433	342	272
LOC141459139	100	106	114	158	124	179	146	126
LOC141459449	6	1	1	2	6	1	8	1
LOC141459450	1642	1309	2262	2605	1714	1123	1677	1282
side-IV	570	524	649	635	951	673	518	649
LOC141459394	0	0	0	0	2	1	0	4
LOC141459167	0	1	2	0	0	3	0	1
LOC141459583	0	0	0	0	0	0	1	0
LOC141459582	0	0	0	0	0	1	1	1
LOC141459395	0	0	1	2	2	0	0	1
LOC141459311	2993	2454	3250	2917	4146	2700	2288	2552
LOC141459313	0	0	0	0	0	0	0	0
AIF	726	901	743	780	1331	1512	1471	1076
elm	1343	1638	1499	1480	2080	1765	1320	1451
LOC141459314	0	0	0	2	0	0	0	0
LOC141459392	237	190	317	378	155	179	125	175
LOC141459396	1090	1202	1307	1237	1988	1934	1742	1553
Cpsf100	1115	1022	1169	1042	928	898	741	683
LOC141459393	1079	1248	1026	1158	1684	1557	1193	1268
LOC141459390	2537	2627	3171	2471	1788	1493	1403	1486
Dhit	2971	2455	3499	3331	4656	2665	2717	3812
LOC141459214	1	0	3	0	1	2	0	4
LOC141459215	5	4	11	5	11	9	6	11
LOC141459216	1588	1606	1680	1718	4139	4818	4554	3383
LOC141459217	1423	1202	1509	1609	2388	1419	1372	1717
LOC141459220	65	43	71	109	61	24	36	39
btv	15	17	22	21	29	14	17	16
Task7	1375	1275	1449	1474	2262	1561	1397	1529
Duba	1404	1291	1616	1616	2276	1669	1567	1650
Kdm5	836	683	905	823	1213	771	792	810
dcma	1948	1469	2306	2133	2998	1572	1492	2182
LOC141459338	1	0	0	0	0	0	0	0
LOC141459147	309	210	330	317	516	279	289	482
LOC141459137	2	1	3	0	1	0	0	4
LOC141459477	373	851	992	459	102	484	564	207
Cbs	659	924	979	694	1172	1863	1333	1161
gwl	119	127	144	117	178	149	127	160
LOC141459479	719	786	785	663	641	513	569	491
LOC141459481	5	2	7	4	6	1	4	4
LOC141459532	250	213	348	308	409	244	318	356
LOC141459575	1143	1084	1403	1153	1866	1578	1649	1627
LOC141459574	0	0	0	4	0	1	1	0
LOC141459284	7	8	7	1	1	4	6	3
LOC141459097	1150	1140	1168	1072	1192	1051	1055	857
LOC141459270	6	12	6	7	9	11	11	10
LOC141459170	651	532	740	634	951	621	676	723
Pvr	1996	1833	2299	2150	2820	2088	2150	1969
Smr	1579	1250	1970	1811	2283	1564	1924	1843
LOC141459171	22	21	24	16	48	18	29	34
Gycalpha99B	1770	1424	1969	2073	3244	1813	1853	2354
shrb	978	1071	971	994	1651	1777	1522	1169
LOC141459173	208	120	300	219	232	132	187	215
EDTP	437	484	514	517	770	1075	1063	624
LOC141459135	2693	2264	2667	2515	5172	3056	2573	3545
Tmtc3	1938	1780	2333	1906	3387	2608	2210	2256
LOC141459451	65	38	87	134	68	46	208	324
CARPA	395	304	451	528	668	429	507	603
LOC141459086	438	404	483	477	931	676	650	726
LOC141459445	202	129	146	147	285	148	146	196
LOC141459446	930	775	1033	944	1053	946	908	836
LOC141459444	310	240	301	333	341	445	544	218
LOC141459447	568	640	641	617	678	728	690	605
LOC141459527	833	838	777	803	1449	1263	922	1090
DMAP1	700	799	891	836	824	754	782	697
L	417	437	458	431	905	547	626	483
JMJD6	359	370	439	398	518	533	678	419
LOC141459566	514	443	569	565	704	828	866	623
LOC141459530	1196	1015	1361	1168	1026	804	893	751
Fpps	783	781	978	790	889	1108	1068	709
LOC141459350	5	1	0	1	5	1	0	5
LOC141459359	93	95	86	84	118	108	83	81
LOC141459357	501	310	683	613	595	370	494	510
Bsg	2028	1833	2700	2679	3401	3080	3396	3098
LOC141459360	23	44	33	19	33	46	15	21
LOC141459198	193	144	197	287	339	202	260	222
Ptp36E	1311	1266	1617	1238	1878	1299	969	1462
Pmm2	756	917	759	786	1277	2973	2758	1070
Gip	216	289	233	136	70	119	91	69
msps	3480	3399	4126	3773	5494	4704	5350	4547
LOC141459414	358	365	372	328	614	384	340	446
LOC141459500	2433	2226	2905	2699	4087	3035	3112	3184
Mp20	6744	7404	8473	13082	1170	2839	3015	3479
LOC141459180	66	88	145	210	68	104	87	108
LOC141459514	3746	3184	4389	4039	6331	3698	3862	5210
LOC141459513	983	413	1322	3026	209	248	171	711
LOC141459134	0	0	0	0	0	0	0	0
sano	27	31	40	28	47	94	48	79
LOC141459580	1454	1410	1561	1434	2351	1906	1840	1774
LOC141459089	975	827	1109	1112	1721	1009	1041	1337
tous	14	9	11	19	16	4	8	9
LOC141459206	32	59	32	40	70	98	78	39
sli	717	482	991	840	1250	746	870	1177
Tmem131	2902	2613	3484	3137	4952	3435	3411	3748
LOC141459431	987	1146	1037	957	1496	2019	1872	1284
LOC141459429	1	2	4	4	4	6	8	14
Snx1	674	569	824	792	1170	887	1174	1022
LOC141459181	176	157	224	203	154	140	141	209
tamo	407	445	516	444	676	438	417	398
LOC141459183	806	783	856	767	1137	893	810	730
LOC141459186	268	318	284	241	338	390	342	293
Atpalpha	27262	23697	33509	35772	43824	30163	34710	35344
LOC141459569	1777	1627	1989	1898	2100	1189	1394	1724
LOC141459438	793	803	776	701	657	545	534	455
LOC141459437	1504	1603	1899	1905	3405	4094	4922	3281
Zw	427	443	488	435	587	520	411	377
LOC141459141	1569	1145	2092	2004	2563	1713	2252	2212
LOC141459144	123	99	165	109	186	136	84	149
fne	17215	13177	19515	18283	29016	15721	16058	22831
LOC141459143	451	390	558	439	699	525	555	550
Lim1	420	422	479	486	711	439	455	528
Dip-C	2386	2505	2396	2353	3233	2891	2509	2299
CPT2	1347	1179	1253	1306	1827	1462	1348	1314
Nox	621	534	721	675	539	285	297	319
LOC141459492	138	189	176	137	152	222	169	224
FASN3	1	4	3	2	3	4	11	3
dos	2005	1832	2265	1990	2522	1992	1964	1687
ApepP	2295	2466	2640	2008	2310	3279	2930	1994
LOC141459292	182	198	176	190	275	234	203	195
Herp	1018	1025	1144	1133	1885	1931	2145	1503
Xpc	203	213	208	218	381	279	231	264
LOC141459286	1896	1374	2031	1964	3005	1746	1835	2126
LOC141459579	2015	1825	2121	1883	1762	1508	1340	1247
p120ctn	949	806	1342	1272	1020	2078	2096	1009
LOC141459248	365	444	431	338	572	410	323	326
ps	140	117	195	197	250	128	195	209
LOC141459249	219	244	288	264	380	336	383	300
Tsp	363	435	513	388	294	447	358	225
Ssdp	2169	2004	2611	2343	3478	2716	2713	2642
Syx16	663	574	672	649	902	605	584	581
Sec10	1904	1686	1919	1791	2408	2137	2079	1704
LOC141459344	158	145	159	123	208	166	151	171
LOC141459346	577	595	660	627	1031	750	661	625
Trs33	500	448	474	494	528	521	466	373
UbcE2H	1185	1155	1405	1293	1740	1542	1399	1381
LOC141459351	2354	1714	2381	2332	3149	1757	1801	1889
Adss	1280	1360	1415	1707	2683	2778	2945	2118
LOC141459353	50	51	42	55	88	115	87	66
LOC141459465	3259	3031	3905	3716	4300	4032	3990	3144
LOC141459466	308	255	334	330	483	345	335	316
LOC141459542	1132	1165	1349	1266	2059	1484	1188	1520
Etfb	1208	1391	1209	1107	1224	1737	1503	1012
LOC141459549	119	71	145	129	241	161	129	200
LOC141459538	920	775	1091	892	1151	792	688	865
sha	73	59	73	54	92	59	65	52
LOC141459552	1066	1051	1257	1158	1475	1677	1720	1170
ort	318	216	319	237	624	249	212	350
LOC141459558	2	2	4	1	1	1	1	0
LOC141459547	293	300	402	385	567	441	285	467
ERp60	6096	6143	6443	6343	13061	17434	16827	10372
LOC141459594	0	0	0	0	0	0	0	0
Ndf	1903	1953	2368	2145	3572	3128	2908	2582
LOC141459179	644	714	774	702	903	767	681	598
LOC141459557	3	5	3	0	10	8	5	2
LOC141459551	148	156	174	178	281	273	211	164
LOC141459544	1083	1136	1213	1092	1334	1187	1117	993
POSH	1118	971	1302	1241	1552	1200	1165	1138
LOC141459556	82	37	106	90	270	73	99	159
LOC141459555	4285	4254	4506	4507	7277	5733	4987	5475
LOC141459398	1	0	3	1	2	2	1	0
LOC141459541	1043	1514	1807	1157	744	1584	1556	648
LOC141459546	3541	3687	3822	3768	7196	6111	5313	5352
LOC141459279	2417	2249	2887	2781	3611	2735	2612	2623
LOC141459280	2540	2540	3576	3202	4949	2997	2610	3130
LOC141459282	1087	1018	1136	1179	1705	1628	1491	1275
Arc42	561	606	687	565	761	666	498	495
Itpr	2231	1435	2648	2373	3390	1755	2260	3082
LOC141459531	455	435	619	581	793	506	559	531
Tmem43	996	915	968	977	1621	927	747	997
LOC141459403	410	291	446	399	354	254	249	293
esn	496	528	553	557	682	533	442	473
Dab	2887	2547	3300	3022	4429	3132	2906	3085
LOC141459462	26	50	38	78	61	55	45	98
SREBP	1157	1211	1457	1377	2102	2129	2021	1476
LOC141459535	50	53	94	103	19	15	7	36
LOC141459536	425	515	479	440	655	695	561	498
LOC141459562	3597	3597	3857	3647	5028	4713	3856	3585
zye	23	10	18	38	36	13	24	21
Vha44	1252	950	1354	1518	1812	1303	1450	1380
siz	923	675	988	1036	1536	809	911	1222
Rich	391	291	554	568	694	489	646	556
LOC141459363	600	414	754	916	1114	574	806	995
homer	798	690	953	896	1349	835	1018	1123
LOC141459276	80	55	95	64	167	62	92	84
LOC141459262	1229	999	1453	1502	1949	1502	1723	1600
LOC141459263	1903	2595	2287	1884	268	2869	1987	313
LOC141459265	278	216	359	366	417	318	398	412
TER94	4760	4596	5449	5407	9933	10567	10424	7949
LOC141459380	3166	2660	3572	3474	5377	3521	3594	3904
LOC141459381	1994	2309	2105	1869	2484	3190	2297	1743
rasp	1325	1219	1416	1442	2128	1704	1538	1527
LOC141459269	917	929	942	913	1072	970	949	721
Cnx99A	6033	4847	7513	7356	7966	5718	7082	6473
LOC141459399	237	164	268	273	295	173	201	269
LOC141459400	336	276	469	461	371	267	300	369
spas	672	454	782	716	1017	700	719	832
LOC141459341	11237	10205	12726	10872	16913	10909	10162	12146
LOC141459343	115	141	120	96	195	170	127	138
LOC141459342	52	44	63	47	78	75	93	64
LOC141459237	207	232	241	227	501	497	408	460
Usp14	1250	1244	1345	1222	2409	2465	2154	1836
stac	1168	1139	1436	1524	1273	783	583	850
LOC141459238	6	1	4	3	0	0	0	1
Ssadh	2342	2050	2559	2545	3389	2233	2106	2307
LOC141459234	1152	1075	1367	1478	2280	2168	1793	1627
LOC141459306	2	1	0	4	3	3	1	0
Gtpx	2943	3124	3137	2934	4532	3811	2956	3333
Taz	374	381	463	514	572	488	473	499
LOC141459201	1034	1036	993	987	1695	2014	1661	1368
LOC141459199	2176	2023	2385	2253	3342	2516	2377	2290
LOC141459252	5	8	2	3	10	6	1	10
Pkc98E	843	659	1041	1012	1372	827	937	1157
LOC141459205	152	166	188	154	271	190	134	159
HSPC300	704	618	852	829	1273	985	1191	998
LOC141459203	2249	2304	2593	2379	3592	5294	5498	3105
stj	3890	3124	4238	4109	6957	3985	4199	4968
wdb	2608	2422	2895	2885	4646	3238	3186	3423
LOC141459374	59	48	70	48	85	44	44	60
LOC141459372	54	48	74	78	124	115	127	128
LOC141459373	153	139	109	164	234	183	140	159
LOC141459472	1	2	4	1	9	15	11	6
LOC141459474	275	231	322	289	491	376	341	384
LOC141459475	63	35	58	47	51	55	44	63
LOC141459405	0	0	0	1	0	0	0	1
eIF2D	613	593	653	656	1081	968	810	889
LOC141459368	117	155	123	75	4	127	112	6
RpS27	2604	2930	2589	2156	2327	2710	2552	2118
gpp	1534	1162	1777	1525	2064	1506	1668	1521
Ephrin	350	298	428	480	625	520	599	615
RNASEK	4095	4883	4461	4120	4774	4431	3557	3574
Src42A	2378	2259	2806	2594	4288	3604	3732	3420
Orco	8	8	14	12	17	9	12	13
CBP	293	320	388	307	825	487	413	556
LOC141459111	586	627	550	666	1451	1426	1312	1104
LOC141459149	746	639	825	832	1277	799	798	874
LOC141459157	1019	1265	1107	964	1683	1475	1000	861
LOC141459150	2803	2333	3202	2888	3590	2354	2473	2441
LOC141459156	60	60	77	67	94	75	76	76
LOC141459153	1168	1101	1389	1222	1492	1748	1581	1200
LOC141459158	684	717	675	663	908	934	751	714
LOC141459155	843	976	877	839	1472	1395	1091	1100
LOC141459154	220	114	213	235	160	98	133	139
Kank	2923	3012	2955	2573	2810	2486	2193	1896
nompA	2	3	0	3	4	5	3	9
nSMase	482	515	525	486	827	819	712	634
Hexo1	1143	898	1394	1123	1550	725	657	1016
sau	485	494	584	532	714	727	743	618
LOC141459494	3105	4102	3433	3222	1472	993	764	937
LOC141459461	45	63	71	50	16	18	7	2
LOC141459458	0	0	0	1	0	0	0	3
Shal	3038	2555	3531	3416	6155	3677	3523	4500
LOC141459483	1241	1092	1232	1006	1072	859	920	728
Stoml2	401	416	402	407	746	761	610	544
LOC141459229	7	5	14	8	14	8	4	8
Pka-R2	7100	5939	8702	8394	11867	8094	9294	9730
Rab1	3513	3612	3817	3795	6722	5980	5472	4823
LOC141459227	3578	2976	4402	3997	5772	3519	3681	4438
LOC141459232	910	848	930	895	1083	765	650	697
PlexB	286	214	435	432	522	305	410	465
LOC141459125	718	573	801	738	1071	669	568	731
LOC141459124	3199	4050	4283	3533	5353	6744	5783	4097
LOC141459127	33	9	22	28	24	28	12	15
LOC141459123	7047	6066	7499	7210	11150	6754	6338	6942
LOC141459126	108	58	95	68	137	60	80	110
brp	4492	3296	5359	5333	7036	3633	4419	5814
AP-2alpha	3897	3278	4684	4558	7651	5067	5899	6110
LOC141459129	129	206	287	250	287	266	189	201
LOC141459130	16	89	51	42	22	39	31	29
LOC141459537	2465	2521	2700	2480	3751	3017	2682	2844
LOC141459148	262	316	337	336	404	363	284	307
LOC141459131	1338	1033	1580	1385	2214	1215	1293	1609
LOC141459578	16	13	62	16	44	16	8	57
Nf1	3187	2709	3769	3340	4581	3030	3146	3242
LOC141459337	1	1	1	2	2	0	2	2
LOC141459334	1951	1754	2008	1949	2548	1663	1518	1544
LOC141459335	10	6	8	16	4	10	12	6
LOC141459333	168	240	215	203	293	249	190	210
Osbp	564	605	642	622	1097	1254	1153	987
Dyrk3	460	489	534	471	595	663	593	482
LOC141459299	44	30	55	36	51	52	35	32
LOC141459298	726	690	696	778	1563	1784	1785	1224
mRF1	189	222	216	241	392	418	344	286
LOC141459297	697	835	647	580	475	543	439	364
LOC141459110	129	159	162	110	24	66	105	20
fid	1635	1157	2065	2058	3210	1617	2198	2915
LOC141459356	12	8	3	19	12	12	13	5
LOC141459563	1602	1461	1761	1596	2105	1689	1685	1582
Tmhs	775	682	949	921	1047	726	634	745
LOC141459418	1711	1604	2066	1986	2671	2183	2301	2205
Dscam4	1009	769	1093	1042	1611	833	836	1042
Nckx30C	68	30	60	71	83	69	72	77
Datp	850	896	764	814	1387	1408	1176	1154
LOC141459159	2556	2024	2896	2594	3476	2455	2355	2364
Gycbeta100B	1627	1666	1718	1747	2511	1932	1541	1962
LOC141459162	90882	93814	104986	91011	85816	74710	67271	72855
LOC141459161	0	0	1	0	0	2	0	1
LOC141459406	0	0	0	0	0	0	0	0
LOC141459407	4	6	6	5	8	7	6	6
LOC141459285	3	0	0	0	0	0	0	0
LOC141459528	1884	1558	2542	2209	3778	2764	2943	3165
LOC141459138	7	14	24	23	19	19	22	28
LOC141459177	152	111	232	167	331	133	127	214
pic	1415	1457	1714	1616	2739	2443	2443	2311
Cyp301a1	373	299	364	397	515	343	355	406
LOC141459316	814	675	938	995	1566	841	977	1158
mthl5	323	355	390	314	398	424	484	319
LOC141459318	1395	1351	1485	1382	1690	1293	1079	1056
LOC141459321	4	3	2	0	5	2	1	0
so	104	135	129	99	107	81	55	79
Taf3	659	614	864	744	1113	700	867	898
LOC141459100	1086	597	1433	1281	1713	892	1264	1642
fkh	628	634	716	607	643	708	771	521
LOC141459109	139	193	162	110	95	97	122	39
sip3	4076	4064	4577	4102	6169	6196	5568	4098
LOC141459101	557	509	570	570	811	665	697	577
aop	540	450	659	720	646	498	488	450
crim	744	668	738	727	987	773	760	808
LOC141459104	932	824	986	896	1189	737	731	869
LOC141459105	1574	1626	1743	1647	2153	1658	1323	1869
LOC141459572	1749	1630	2025	2211	3931	2753	3018	2967
Art8	224	276	265	269	427	373	364	318
pnt	966	1178	1294	1189	1802	1455	1345	1378
Pi3K21B	2099	1838	2440	2322	3623	2543	2626	2826
Obsc	1067	560	1416	2417	622	708	452	696
LOC141459323	22	6	28	24	7	17	4	24
LOC141459482	356	225	480	376	419	212	246	424
LOC141459515	560	607	605	550	879	793	755	627
LOC141459426	513	1709	374	656	0	1295	998	58
LOC141459277	6666	4634	6999	6099	9228	4327	4694	6209
LOC141459408	5	4	9	2	1	7	2	0
Mau2	498	525	512	458	857	676	651	619
LOC141459275	1583	1409	1640	1399	1776	1555	1507	1285
LOC141459273	878	850	818	802	1640	1420	1326	1128
14-3-3epsilon	4385	4328	4988	4926	9735	9754	8771	7344
slgA	3851	3620	4158	4346	7732	5607	5471	5613
PIG-O	830	757	929	828	1540	1269	1165	1025
LOC141459587	1343	1286	1387	1410	1958	2076	2355	1503
LOC141459588	13	10	11	12	4	9	8	5
egh	609	535	715	730	1002	948	923	787
slx1	747	848	744	648	427	467	364	326
Septin1	524	489	533	499	1006	806	790	747
pug	796	1118	1332	881	741	1487	1392	700
LOC141459495	2227	2213	2336	2343	3012	2319	2065	2166
lft	2040	2106	2421	2177	3485	2677	2416	2227
LOC141459456	442	473	467	427	394	275	263	286
ZnT86D	2111	1862	2185	2199	3579	3427	3261	2505
LOC141459499	55	74	54	78	109	73	77	55
sol	213	202	308	244	397	379	343	373
LOC141459303	21	15	23	15	18	9	11	13
LOC141459302	80	52	139	79	73	55	48	77
mesh	3395	4421	4685	3613	271	3777	3664	411
LOC141459114	843	783	918	915	1548	1251	1061	1077
Nrg	5705	4978	7587	7488	9935	5636	6220	7696
LOC141459116	31	25	40	26	43	28	20	21
LOC141459115	2	1	0	2	0	1	0	0
LOC141459118	2	1	1	1	1	5	4	8
LOC141459117	641	617	761	662	1291	970	998	846
LOC141459409	0	0	0	0	0	1	0	0
mav	9	1	4	9	3	1	2	3
LOC141459283	0	0	0	1	0	0	0	0
Rap1	2127	2043	2604	2336	3682	2914	3087	2873
LOC141459225	3009	3387	3354	2780	3916	5035	4189	3376
Kr-h2	3517	3546	4031	3857	6551	5101	5083	4686
LOC141459226	383	377	509	363	454	406	363	374
LOC141459222	836	623	883	741	1068	678	638	687
LOC141459383	63	76	92	83	100	80	58	63
LOC141459384	4	6	5	3	1	1	2	3
fat-spondin	435	774	1025	649	152	595	533	243
LOC141459564	12	28	16	24	21	24	12	14
LOC141459565	6	2	15	1	2	0	10	33
LOC141459622	1	0	0	0	0	1	0	0
LOC141459621	0	1	0	0	0	0	0	0
LOC141459714	2	0	3	5	1	1	7	0
Prosalpha4	577	721	577	560	767	1059	1036	709
LOC141459704	227	181	278	254	266	213	228	295
LOC141459718	0	0	1	2	0	0	0	0
EMC4	352	395	426	347	522	384	305	379
LOC141459713	190	170	179	203	345	284	250	274
LOC141459705	873	835	1119	951	1340	939	933	995
LOC141459707	694	648	644	684	954	710	605	587
mRpL37	548	547	591	560	867	955	805	740
LOC141459717	2	1	3	2	3	3	0	0
Tango6	264	325	422	309	493	400	349	352
LOC141459709	387	330	452	406	649	484	507	449
LOC141459716	0	0	0	0	3	0	0	4
LOC141459715	49	57	61	61	101	87	49	63
bisc	146	178	175	156	308	291	296	262
Rubicon	99	111	155	149	140	118	114	130
Atg3	1105	1258	1197	1100	2048	1860	1798	1609
LOC141459655	408	374	460	436	654	517	416	488
LOC141459658	351	271	328	423	498	627	981	412
LOC141459759	18	44	68	58	0	127	127	8
LOC141459657	10	5	6	8	13	7	3	7
Rpn7	1000	977	1148	991	1785	2124	2048	1582
Atg17	217	166	303	274	211	153	150	156
fwe	4993	4474	5434	5095	8296	6244	5691	6085
LOC141459664	289	355	407	342	157	343	212	117
LOC141459665	15	47	21	19	11	13	4	1
LOC141459661	40	48	43	40	75	46	35	19
Socs36E	409	325	536	511	586	369	518	456
PGAP5	340	215	470	479	548	287	389	515
LOC141459687	113	207	310	204	104	491	951	231
LOC141459690	1	2	1	0	1	0	2	0
LOC141459678	81	54	98	142	112	45	77	128
LOC141459771	1	0	0	0	0	0	0	0
LOC141459692	1	1	0	4	0	0	1	2
jp	67	30	61	73	64	27	29	68
Rnmt	475	581	568	530	881	1029	1025	668
LOC141459667	3035	2843	3980	3581	4435	3043	3542	3129
LOC141459689	100	94	120	75	62	77	93	47
LOC141459773	0	0	0	0	0	0	0	0
LOC141459686	50	22	57	74	34	26	34	40
LOC141459760	611	680	773	541	750	655	652	534
LOC141459668	496	471	589	509	708	556	535	532
LOC141459684	18	3	45	31	43	16	32	35
RPA2	515	522	524	469	617	560	465	479
fand	1183	1153	1150	1204	1899	1428	1261	1349
Fbxo42	710	574	777	806	948	630	677	798
Miga	413	347	411	468	793	640	598	713
LOC141459676	11251	9912	13483	12959	15440	9135	9620	12363
Brd8	758	780	848	833	1159	963	1008	840
Caper	1754	1685	1970	1814	2755	2162	2065	2071
LOC141459671	226	164	294	218	418	366	468	431
LOC141459679	6	2	5	6	15	7	5	12
verm	338	279	351	653	439	459	566	854
LOC141459691	0	0	0	0	4	0	0	3
serp	5253	1056	4831	8134	450	316	946	1509
LOC141459606	93	92	107	73	172	121	85	106
trbl	849	780	1113	1100	1088	757	880	886
ND-51	2386	2389	2507	2494	3725	3163	2771	2734
LOC141459755	355	405	388	388	451	447	454	402
Axs	208	184	234	243	328	260	269	223
atk	62	43	65	52	60	57	32	42
LOC141459623	669	642	675	686	1294	1050	1076	1080
LOC141459698	2769	2272	3279	3058	4272	2231	2418	3143
LOC141459761	2	0	3	1	2	1	1	4
LOC141459720	0	1	7	2	9	1	0	9
LOC141459699	515	496	616	559	1076	946	886	854
eIF6	358	400	399	307	503	661	609	450
Cpsf160	376	325	381	425	711	640	590	502
LOC141459696	908	900	1131	1003	1349	1157	1180	980
LOC141459697	1513	1294	1611	1649	2185	1644	1453	1499
Spase25	684	654	624	643	1238	2016	1812	955
mtgo	1211	794	1476	1432	1561	1125	1493	1270
LOC141459613	516	501	574	473	780	748	683	542
LOC141459609	17	24	27	16	34	22	27	29
Tgt	554	493	496	484	810	736	699	648
LOC141459615	160	121	192	247	263	216	268	219
LOC141459616	616	614	570	565	852	783	679	633
LOC141459617	0	1	2	1	0	1	2	1
LOC141459610	14	10	18	19	3	11	9	11
dock	1351	1150	1560	1647	2489	1565	1774	1990
Arr1	102	58	104	82	176	62	90	132
mei-W68	177	137	170	129	200	93	110	127
LOC141459619	59	71	77	62	61	82	50	42
Pu	771	566	691	688	943	505	432	570
CycC	360	347	329	376	743	635	561	548
hppy	1979	1737	2198	2226	2851	1843	1791	2022
LOC141459649	7	7	6	6	3	4	0	1
LOC141459643	137	195	143	167	326	285	129	119
LOC141459651	0	0	0	0	0	0	0	0
LOC141459627	50	40	79	38	64	36	53	90
LOC141459644	129	163	160	159	354	399	358	256
Alk	5283	3262	6871	6152	8257	3712	5068	7398
LOC141459637	18	12	22	20	32	8	10	14
LOC141459774	0	0	0	0	0	0	0	0
LOC141459775	1	0	0	0	1	0	0	0
LOC141459642	85	12	14	40	29	2	19	25
LOC141459639	56	10	11	32	11	7	19	6
LOC141459636	49	15	15	36	5	16	20	18
LOC141459641	46	14	19	42	12	5	15	11
LOC141459634	21	4	3	26	8	6	6	13
LOC141459635	77	35	80	59	79	46	40	74
LOC141459653	20	12	17	14	24	12	10	26
LOC141459648	29	25	50	26	38	21	20	41
LOC141459631	2421	2497	2926	3100	3646	3766	2955	2705
LOC141459650	71	46	51	59	49	50	41	27
LOC141459652	0	5	1	3	0	3	1	0
LOC141459647	45	30	48	34	96	80	74	55
Pitslre	1236	1246	1406	1297	2037	1695	1630	1633
LOC141459740	795	665	974	1033	1494	894	896	1208
Patronin	2263	1668	3123	2909	3533	1917	2407	2751
LOC141459743	8	7	12	14	4	7	5	9
gbb	580	547	616	660	842	665	571	522
c12.1	265	356	306	260	553	528	442	382
LOC141459767	150	192	196	189	425	631	603	372
LOC141459765	189	169	199	223	294	238	197	186
Hsc20	29	27	38	23	35	34	39	25
GCS2alpha	2590	2387	2897	2870	4695	4297	4230	3664
usp	1405	1186	1660	1632	1680	1214	1308	1469
brn	299	303	333	384	616	567	528	500
LOC141459758	173	186	172	204	388	337	320	339
nrv2	4648	5203	5267	5832	13549	8631	8462	9160
LOC141459603	7	20	40	33	6	42	5	3
LOC141459605	1	0	1	1	0	0	0	0
LOC141459768	306	241	364	283	527	299	343	410
LOC141459624	2	1	0	1	2	0	0	0
LOC141459626	0	0	0	0	0	0	0	0
LOC141459719	6	8	4	12	16	3	18	8
CLS	31	40	49	29	53	50	23	47
LOC141459694	6	0	1	1	0	0	0	0
LOC141459693	571	122	58	18	1	6	134	0
LOC141459769	0	1	3	1	0	0	0	0
LOC141459770	213	183	273	237	399	318	258	283
Fib	616	662	639	488	1157	1392	1286	998
Hmbs	788	885	849	794	1469	2097	2842	1230
LOC141459727	236	225	208	235	402	406	406	334
Tom20	1143	1154	1302	1345	2173	2033	1992	1710
mRpS25	122	157	124	145	341	336	314	245
LOC141459732	119	142	141	116	135	138	119	115
LOC141459730	392	453	516	450	796	886	720	573
LOC141459725	701	631	853	872	865	739	913	770
LOC141459733	93	86	99	84	148	100	68	85
LOC141459726	810	740	812	836	1361	1157	1101	1053
LOC141459736	800	848	799	761	1174	1146	983	995
Sap130	671	654	781	775	1203	869	889	861
Cep135	597	552	655	608	782	617	615	571
LOC141459724	72	49	63	78	167	150	92	101
icln	870	915	930	831	1184	1138	853	860
Arglu1	2269	1930	2595	2308	2410	1516	1589	1661
LOC141459747	0	0	0	3	2	1	0	1
mi	952	920	1048	849	831	688	590	646
LOC141459748	2211	2081	2664	2716	3569	2655	2720	2887
LOC141459762	0	0	0	0	0	0	1	4
LOC141459763	0	0	0	0	0	0	0	0
LOC141459871	2334	2144	2317	2236	3103	3009	3695	2166
DAT	2195	1944	2860	2680	3550	1946	2086	2461
LOC141459872	5	7	8	4	8	14	7	8
LOC141459858	438	469	524	527	779	704	592	561
LOC141459862	0	2	0	1	3	0	1	1
spin	486	526	580	610	1163	1094	888	863
LOC141459864	20	22	27	17	19	37	12	17
Ypel	1847	1586	2245	1737	2227	1809	1552	1481
LOC141459854	745	651	895	852	1405	1009	1006	1015
LOC141459865	33764	28852	39236	40611	49534	28754	29391	36736
LOC141459869	285	266	326	300	375	229	206	264
LOC141459873	24	13	13	14	44	8	33	18
LOC141459866	194	185	159	171	263	220	245	179
LOC141459868	248	137	202	243	305	210	240	277
LOC141459859	95	48	38	39	45	23	17	46
LOC141459874	3	0	0	0	0	0	0	2
LOC141459863	0	0	1	0	0	0	2	3
LOC141459861	9	3	0	1	2	0	79	1
LOC141459843	1	1	1	2	3	2	6	1
LOC141459841	91	75	101	61	159	72	89	91
LOC141459839	459	566	858	628	708	360	192	521
LOC141459840	28133	67568	57224	36272	5718	4649	3621	6247
LOC141459838	8	17	22	11	108	48	47	42
LOC141459847	349	389	347	293	466	777	519	468
LOC141459849	0	0	0	0	0	0	0	1
LOC141459846	12	10	8	12	11	8	12	41
LOC141459844	8	20	14	10	17	8	10	19
LOC141459845	110	227	268	296	484	315	347	469
LOC141459778	10	7	10	11	35	23	25	23
LOC141459779	2	2	2	0	0	3	1	2
LOC141459876	52	29	31	44	73	49	52	57
LOC141459875	47	43	40	71	62	28	34	41
LOC141459878	12	1	0	4	2	0	1	1
LOC141459877	200	217	183	197	319	239	196	245
LOC141459831	1232	1058	1566	1697	196	174	141	218
WRNexo	558	557	652	503	517	454	448	407
Lipt2	0	0	0	0	0	0	0	0
RagA-B	217	194	232	210	297	212	174	185
LOC141459826	1432	1360	1569	1531	1902	1679	1758	1394
LOC141459834	5	1	5	4	2	6	7	3
LOC141459832	22	20	19	19	26	18	44	13
LOC141459835	288	144	177	187	307	203	261	194
LOC141459837	8	6	6	3	12	11	18	8
LOC141459833	5	0	3	12	0	6	2	2
unc-45	508	519	662	635	1219	1013	1038	1013
Gpdh1	453	507	525	633	761	989	1047	661
LOC141459806	324	241	409	389	621	363	447	509
Epg5	1911	1396	2178	2024	2246	1264	1353	1670
Mcm7	225	162	233	238	473	541	409	390
LOC141459815	94	125	144	113	191	264	259	173
rogdi	372	357	491	457	755	503	562	639
LOC141459804	434	496	478	422	682	621	511	456
LOC141459798	235	284	256	212	241	251	282	169
l(1)G0196	3129	2583	3340	3204	3716	2401	2344	2581
Mlc-c	1454	1681	1619	1605	2537	2668	2374	1983
LOC141459817	1891	1608	1881	1997	2876	2264	2058	2135
LOC141459818	2255	2322	2250	2195	3253	2930	2727	2219
or	396	467	448	446	677	598	609	495
LOC141459809	9289	13228	17503	10245	2730	4096	5064	2405
LOC141459820	20	11	27	18	30	20	24	11
LOC141459816	668	761	693	837	1457	1425	1229	1147
atos	1240	843	1440	1489	1607	1102	1414	1361
LOC141459851	1	0	0	1	1	0	3	1
chb	5037	4836	6052	6179	8681	6326	6593	6241
LOC141459813	988	1211	1187	1175	2026	2086	2146	1604
Nadk2	829	944	968	904	1261	1196	921	1016
TRNAP-CGG_1	0	0	0	0	0	0	0	0
ced-6	3735	3532	4016	4041	5860	3764	3933	4650
LOC141459819	11	55	77	39	10	15	13	6
LOC141459799	779	671	951	1015	1419	908	941	1081
LOC141459792	44	60	60	110	113	79	55	64
LOC141459797	1882	2702	3220	2305	1288	3638	4061	1802
LOC141459791	583	637	740	763	1144	1420	1390	949
LOC141459805	8	2	5	1	6	2	4	2
LOC141459811	479	475	596	512	880	605	482	635
LOC141459800	33	24	34	29	105	31	35	30
LOC141459824	2409	3444	3672	2490	1029	6574	12620	825
Cap-D2	866	809	916	898	1456	1368	1166	1062
mal	1440	1525	1774	1243	964	948	801	701
meigo	161	250	241	197	618	827	737	576
LOC141459776	1383	1281	1726	1457	1952	1247	1049	1231
LOC141459821	8	10	5	7	9	14	3	3
LOC141459852	1093	1297	1182	1118	1670	1578	1567	1245
LOC141459853	1	0	1	0	0	2	0	0
Sur	1068	1013	1196	1298	2344	1682	1284	1518
osp	2441	2109	2795	2635	3450	2595	2331	2523
Vha100-2	2750	3398	3553	3077	2535	4221	4510	1736
LOC141459784	825	865	891	863	1465	1163	1086	936
eIF2Balpha	315	356	355	319	608	481	432	451
FER	1065	1177	1288	1226	1379	1493	1582	990
LOC141459785	2655	2747	3303	3067	3863	2998	3057	2937
Elp4	789	807	852	662	578	558	441	400
LOC141459942	0	0	0	0	2	1	0	0
LOC141459880	0	0	0	0	0	0	0	0
LOC141459882	0	0	1	1	0	0	0	0
LOC141459883	0	0	0	0	0	0	0	0
LOC141459884	2	1	2	1	1	4	1	3
LOC141459885	0	0	0	0	0	0	0	0
LOC141459886	0	1	0	0	0	0	0	0
LOC141459889	0	0	0	1	0	0	0	0
LOC141459890	0	0	0	0	0	0	0	0
LOC141459891	0	0	0	0	1	0	0	0
LOC141459892	0	0	0	0	0	0	0	0
LOC141459893	0	1	0	0	1	0	2	0
LOC141459931	1	0	1	1	3	0	0	0
LOC141459894	0	0	0	0	0	3	0	0
LOC141459895	0	0	0	0	1	0	0	0
LOC141459896	0	0	0	0	1	0	0	0
LOC141459945	0	0	0	0	0	0	0	0
LOC141459897	0	0	0	0	0	0	0	0
LOC141459898	0	0	0	0	0	0	0	0
LOC141459899	1	2	3	4	1	0	0	1
LOC141459900	0	0	0	0	0	0	0	0
LOC141459901	0	0	0	0	0	0	0	0
LOC141459902	1	0	0	0	0	0	0	0
LOC141459903	0	0	0	0	0	0	0	0
LOC141459943	0	0	0	0	0	0	0	0
LOC141459904	0	0	0	0	0	0	0	0
LOC141459905	0	0	0	0	0	0	0	0
LOC141459906	0	0	0	0	0	0	1	2
LOC141459907	0	0	0	0	1	0	0	0
LOC141459908	0	0	0	0	0	0	0	0
LOC141459909	0	0	0	0	0	0	0	0
LOC141459910	0	0	0	0	0	0	0	0
LOC141459911	1	0	0	0	0	0	1	0
LOC141459912	0	0	0	0	0	0	0	0
LOC141459913	1	0	0	0	0	0	0	0
LOC141459914	0	0	0	0	0	0	0	0
LOC141459915	0	0	0	0	0	0	0	0
LOC141459941	0	0	0	5	0	1	0	0
LOC141459916	0	0	0	0	0	0	0	0
LOC141459917	0	0	0	0	1	0	0	0
LOC141459918	0	0	0	0	0	0	0	0
LOC141459919	0	0	0	0	0	0	0	0
LOC141459940	0	0	0	0	0	0	0	0
LOC141459939	0	0	0	0	0	0	1	0
LOC141459933	0	0	0	0	0	0	0	0
LOC141459934	0	0	0	2	0	1	0	0
LOC141459932	0	0	0	0	0	0	0	0
LOC141459922	0	0	0	0	0	0	0	0
LOC141459923	0	0	0	1	0	0	0	0
LOC141459936	0	0	0	0	0	0	0	1
LOC141459924	0	0	0	0	0	0	0	0
LOC141459935	0	0	0	0	0	0	0	0
LOC141459925	0	0	0	1	0	0	0	0
LOC141459944	0	0	0	0	0	0	0	0
LOC141459926	0	0	0	0	0	0	0	0
LOC141459928	0	0	0	0	0	0	0	0
LOC141459937	0	0	0	0	1	0	0	3
LOC141459929	0	0	0	0	0	0	0	0
LOC141459930	0	0	2	0	0	0	0	0
LOC141459973	0	0	0	0	0	0	0	0
LOC141459971	0	0	0	0	0	0	0	0
LOC141459974	0	0	0	0	0	0	0	0
LOC141459982	0	0	0	0	0	0	0	0
LOC141459955	0	5	6	2	6	15	1	4
LOC141459976	0	0	0	0	0	0	0	0
LOC141459986	0	0	0	0	0	0	0	0
LOC141459977	0	0	0	0	0	0	0	0
LOC141459987	0	0	0	0	0	0	0	0
LOC141459978	0	0	0	0	0	0	0	0
LOC141459988	0	0	0	0	0	0	0	0
LOC141459972	0	0	0	0	0	0	0	0
LOC141459956	28	24	45	29	39	21	47	40
mim	1324	899	1547	1446	1532	940	1018	1172
LOC141459957	51	14	28	72	29	31	52	140
Yif1	1096	1200	1204	993	1195	1216	1059	925
LOC141459961	83	188	36	50	11	62	22	17
LOC141459964	1249	1412	1420	1238	1807	1536	1323	1064
LOC141459965	88	51	47	78	98	49	58	68
LOC141459963	573	491	723	732	967	602	605	714
Pfas	1595	1751	3158	1836	1808	2768	3684	1907
Vps37B	810	750	827	840	1050	1083	950	848
Syt14	127	59	185	126	175	76	82	145
IKKepsilon	125	94	180	134	208	228	199	143
LOC141459968	5658	3470	7041	6661	7629	3563	4580	6552
Hsf	428	360	537	468	658	476	529	525
Mcr	2496	1993	3637	2780	2489	1625	1667	1919
LOC141459954	641	591	679	507	405	325	302	283
LOC141459953	245	193	259	205	313	240	247	288
LOC141459952	256	251	265	243	485	505	370	344
LOC141459990	0	0	0	0	0	0	0	0
LOC141459991	0	0	0	0	0	0	0	0
LOC141460004	0	0	0	0	0	0	0	0
LOC141459993	0	0	0	0	0	0	0	0
LOC141459994	0	0	0	0	0	0	0	0
LOC141459989	0	0	0	0	0	0	0	0
LOC141459995	0	1	0	0	0	0	0	0
LOC141459996	0	1	0	0	0	0	0	0
LOC141459998	1	2	0	0	0	0	0	0
LOC141459999	0	0	0	0	0	0	0	0
LOC141460000	0	0	0	0	0	0	0	0
LOC141460005	0	0	0	0	0	0	0	0
LOC141460001	0	0	0	0	0	0	0	0
LOC141460006	0	0	0	0	3	0	0	0
LOC141460003	0	0	0	0	0	0	0	0
LOC141460007	0	0	0	0	0	0	0	0
LOC141460008	55	54	76	44	82	65	49	94
LOC141460014	196	210	229	228	280	267	234	231
LOC141460013	292	319	339	261	416	308	307	302
ITP	51	33	66	48	105	84	69	96
LOC141460010	0	0	0	0	1	0	0	0
Pngl	495	503	581	573	808	620	611	614
LOC141460012	8644	8652	10031	10962	15595	11181	10175	11540
tap	7	5	2	4	4	0	0	0
LOC141460204	28	91	70	43	8	87	89	9
LOC141460205	411	1334	644	399	3	1526	588	33
LOC141460206	2	0	3	1	0	1	2	0
LOC141460023	2	22	25	6	3	675	14992	7
LOC141460019	2737	7097	1958	2825	5	2801	1454	91
LOC141460020	26	23	11	3	1	17	13	2
LOC141460017	2536	6541	2053	1869	3	4079	1984	114
LOC141460021	0	1	1	0	2	20	77	0
LOC141460018	418	1106	396	596	0	910	1138	2
LOC141460022	73	260	23	42	0	64	64	1
LOC141461124	1	0	2	0	3	535	5250	0
LOC141461296	1	1	4	0	2	25	603	0
LOC141461297	2	1	43	2	1	94	1621	0
LOC141461298	5	26	20	0	1	936	7457	1
side-VII	296	200	279	231	385	239	308	316
LOC141460035	2	0	2	0	4	0	0	2
LOC141460034	3	1	6	6	6	4	4	6
LOC141461300	174	136	166	172	288	157	137	233
BNIP3	2670	2434	3261	2671	3115	2365	1660	1744
LOC141461006	50	50	51	64	85	63	53	77
LOC141461007	116	101	116	128	211	147	148	159
rols	882	789	1163	1007	1508	1379	1237	1282
Hex-A	528	587	666	747	713	519	700	513
hfp	2494	2258	2734	2585	3963	3223	3106	2567
LOC141460743	31	67	59	45	76	23	45	27
LOC141460314	103	249	427	187	116	176	184	142
LOC141460748	0	2	7	1	0	9	3	2
LOC141460728	5	3	4	7	17	9	3	0
LOC141460746	554	408	390	554	478	368	230	237
LOC141460749	47	50	68	40	68	47	42	48
OR45B	12	4	3	4	8	3	2	6
OR45A	26	28	41	19	39	22	27	37
LOC141460740	51	63	74	45	110	75	71	102
LOC141460739	3	2	7	1	5	4	0	3
LOC141460738	29	27	48	36	61	34	52	41
LOC141460736	11	8	8	9	13	9	5	3
Rpn10	845	907	948	890	1623	1586	1555	1282
Nse1	205	189	169	165	420	320	269	306
LOC141460731	902	782	991	995	1260	733	885	1012
LOC141460744	319	372	350	317	408	301	260	262
RpL4	12152	14090	13290	11283	12225	17766	16546	11189
LOC141461543	1	6	0	1	0	0	2	0
LOC141460730	1436	1260	1700	1591	1396	951	797	1045
Pus1	402	341	376	356	592	534	442	484
LOC141460747	82	155	127	121	174	122	102	78
LOC141460733	626	626	737	627	1043	875	903	801
LOC141460741	2122	2810	3420	2812	288	5533	7503	581
LOC141460742	7	84	62	97	75	60	53	27
LOC141461465	62	63	69	85	105	89	46	100
LOC141461463	965	1011	1225	1324	1531	965	788	948
LOC141461464	428	590	510	646	920	657	378	421
Gmppa	392	435	453	405	571	714	689	414
LOC141460939	182	215	274	253	272	227	252	249
eIF2Bepsilon	532	555	524	594	985	953	979	822
LOC141460936	320	381	322	342	612	688	543	448
LOC141460945	983	795	1204	1073	2193	1211	1200	1617
LOC141460956	0	3	4	2	7	1	4	3
LOC141460940	55	84	72	87	120	100	95	85
LOC141460947	2681	2319	3326	3048	3737	4898	5259	3369
nej	1493	1036	1916	1769	2046	1217	1746	1708
LOC141460957	3	1	10	7	4	2	3	8
IFT52	62	61	75	70	93	57	59	53
Ufm1	853	922	959	889	965	1289	1076	775
Tsp5D	141	131	153	139	140	92	72	100
LOC141460953	72	96	86	84	116	69	66	84
Hmt4-20	994	759	1257	1171	1476	882	922	1183
LOC141460952	8	1	6	2	3	2	7	0
LOC141460933	273	105	105	130	45	78	143	71
LOC141460954	18	17	25	23	15	9	9	5
Hsp110	2164	2270	2532	2884	5637	4712	5186	4947
LOC141460934	2	7	6	6	15	3	5	7
ATP8A	2415	2360	3011	2483	2823	2009	2152	2061
RpL39	997	1173	945	725	884	1027	1018	860
Dph5	147	139	191	136	266	298	313	250
LOC141460928	351	324	382	371	639	470	486	530
LOC141460946	67	96	88	93	81	95	61	60
Ggamma30A	914	902	1081	955	1618	960	821	1039
LOC141460935	331	276	334	282	339	294	299	295
LOC141460941	1968	1856	2105	2091	2962	2350	2110	2317
ovo	239	222	285	330	274	255	237	242
TRNAR-UCU_2	0	0	0	0	0	0	0	0
LOC141460633	0	0	0	0	2	3	0	0
LOC141461516	0	0	1	0	0	0	0	0
LOC141461515	7	12	10	16	7	13	13	8
LOC141461517	0	2	3	4	0	0	1	0
LOC141460836	554	466	554	563	797	600	552	552
LOC141460843	236	361	307	227	296	258	259	222
lqf	531	430	737	613	695	561	673	633
LOC141460842	98	118	116	113	240	310	254	228
Nup75	216	262	288	276	590	624	611	469
KdelR	1286	1201	1414	1307	2387	2645	3144	2139
LOC141460839	458	467	500	496	694	746	659	479
LOC141460837	629	663	601	569	239	593	559	148
LOC141460838	0	99	118	0	22	167	193	50
LOC141460840	132	61	116	109	212	87	115	182
LOC141460634	6	9	3	4	4	10	3	4
LOC141460199	355	355	341	476	595	787	533	550
LOC141461477	428	293	355	330	513	353	278	321
LOC141461478	640	558	594	626	833	456	437	444
LOC141460094	141	128	148	203	339	164	181	171
wake	1032	1041	1672	1351	1431	976	928	1030
LOC141460096	0	0	0	4	0	3	0	1
LOC141460091	40	73	53	105	84	17	32	21
LOC141460092	42	60	109	78	21	52	72	26
LOC141460083	0	9	31	41	13	5	10	9
LOC141460087	2	19	37	38	3	3	8	4
LOC141460099	4	5	2	6	5	6	2	5
LOC141460086	2	33	121	53	8	4	37	1
LOC141460088	1	0	98	0	0	351	8959	0
LOC141460098	0	0	2	0	1	0	4	0
LOC141460081	7	4	7	5	9	73	844	17
LOC141460082	44	103	118	165	24	28	26	23
LOC141460085	14	26	68	41	4	1769	11843	19
LOC141460084	1553	4992	5101	2455	204	1380	682	407
LOC141460090	48	153	223	147	12	39	12	12
LOC141460095	1	0	2	3	3	0	1	1
LOC141460071	0	0	0	2	0	0	0	0
LOC141460078	0	1	0	2	1	0	0	0
LOC141460097	0	0	1	2	1	0	0	0
LOC141460069	0	1	1	1	4	3	8	2
LOC141461326	0	1	7	3	2	3	0	0
LOC141460075	0	9	12	6	3	2	3	8
LOC141460073	1	16	5	1	4	0	11	6
LOC141460072	0	0	0	0	0	0	0	1
LOC141460080	1	2	4	5	2	5	8	1
LOC141460079	0	0	1	0	2	0	0	0
LOC141460307	0	0	3	3	2	0	3	5
LOC141460074	1	0	0	1	0	0	2	0
LOC141460077	1	0	5	2	1	1	1	0
LOC141461340	9	22	15	51	38	18	17	6
LOC141461338	59	91	73	119	115	60	48	56
LOC141461332	1135	1026	1317	1192	1936	1378	1429	1513
TRNAV-AAC	0	1	0	1	2	1	0	1
LOC141461337	1371	863	1289	1083	1553	1017	781	1094
LOC141461336	418	231	480	475	489	195	285	465
LOC141460494	5	11	13	11	14	20	6	6
LOC141461339	6	6	9	14	7	12	7	3
Hap40	225	257	256	239	484	486	400	417
LOC141461334	945	1011	1169	1165	1629	1828	1855	1290
LOC141461342	20	17	14	17	28	24	23	7
LOC141461358	958	496	847	783	1236	851	598	658
LOC141461352	592	479	666	553	410	439	422	302
LOC141461361	2	8	5	9	17	13	5	3
LOC141461357	3	33	13	20	32	16	24	26
LOC141461360	66	79	65	62	143	61	59	98
Nna1	13	27	30	55	13	6	21	10
LOC141461351	4	6	8	3	10	8	7	6
RpL38	1427	1691	1573	1187	1209	1974	1824	1254
Vmat	3513	3015	4160	4385	5021	3398	3765	4174
LOC141461347	440	558	627	631	539	474	632	437
LOC141461343	2631	2533	3142	2862	4734	3594	3615	3367
LOC141461348	4647	3751	4703	4390	8411	6848	6530	6023
LOC141461355	836	529	790	802	946	707	593	634
LOC141461362	694	616	879	832	1235	658	750	946
TRNAG-CCC_1	0	0	0	0	0	0	0	0
LOC141461365	14	6	11	59	18	6	3	4
LOC141461366	67	14	19	14	40	13	48	36
LOC141461368	12	6	10	10	18	5	18	15
LOC141461364	240	182	273	257	196	135	173	130
LOC141461369	0	1	0	2	0	0	1	3
LOC141460308	0	0	0	0	0	0	0	0
LOC141460319	155	64	156	179	333	155	193	287
LOC141460418	8	10	9	15	21	1	6	11
Sema5c	809	595	1048	1028	1371	711	813	1052
LOC141460481	108	100	102	87	113	118	93	116
LOC141460416	2	1	0	1	0	0	0	0
LOC141460419	2	0	0	0	0	0	0	1
LOC141460136	378	373	410	454	710	631	564	640
LOC141460420	18	6	15	12	38	11	17	26
LOC141460423	245	196	191	255	268	199	143	131
LOC141460421	65	65	42	55	114	32	51	101
LOC141460426	17	58	5	0	0	6	5	1
LOC141460424	448	414	449	429	709	480	459	452
LOC141460425	290	331	316	313	494	418	257	260
LOC141461150	463	480	404	534	489	535	287	206
LOC141461149	1302	1467	1589	1625	1234	1224	852	767
LOC141461152	60	64	63	45	58	46	41	34
LOC141461153	129	144	150	122	117	124	124	74
LOC141461148	276	329	234	308	8	685	876	55
LOC141461151	409	248	530	543	505	318	439	564
LOC141461155	2	1	5	1	1	2	0	0
LOC141461260	0	0	1	0	0	0	0	0
LOC141461542	0	0	0	0	0	0	0	0
LOC141461531	0	0	0	0	0	0	0	0
LOC141460990	0	0	1	0	3	1	0	0
LOC141460432	0	0	0	0	2	0	0	1
LOC141460431	1	2	0	0	0	1	0	1
LOC141460103	93	153	143	102	217	103	152	114
LOC141460407	27	25	22	19	0	19	31	0
TRNAE-CUC_2	1	0	1	0	0	0	0	0
LOC141460467	3380	3617	4061	4270	6523	3832	4637	4291
LOC141460472	384	367	457	340	662	373	394	319
LOC141460466	1432	1383	1601	1545	2059	1549	1620	1534
LOC141460475	16	18	33	8	0	4	6	3
cpa	763	798	880	825	1374	1491	1330	1030
LOC141460320	766	836	971	814	1140	856	647	877
Rab3-GEF	5759	4572	6936	6394	7797	4705	5326	6276
LOC141460474	242	196	283	259	339	255	199	265
LOC141460476	59	42	69	46	71	33	35	42
Arl1	634	694	720	701	1428	1276	1239	1136
LOC141460469	1545	1607	1763	1657	2240	1687	1344	1536
LOC141460854	168	179	178	158	255	231	166	164
alpha-Cat	1849	2016	2390	2495	3289	3039	3193	2359
Roe1	410	481	448	462	858	1024	812	657
Slbp	93	66	113	102	209	207	209	146
Pglym78	1076	1254	1181	1007	1092	1181	1069	783
LOC141460853	361	352	396	413	646	614	563	506
Pli	537	395	667	759	671	689	664	624
DCTN3-p24	772	683	772	709	1341	965	842	1032
LOC141461381	262	308	270	289	450	353	367	271
Nt5b	1323	1352	1733	1528	1683	2765	3481	1476
mms4	138	144	140	130	204	243	380	137
Dhx15	960	944	1074	1177	1850	1841	2044	1595
Golgin104	907	836	1046	1079	1609	1274	1296	1233
SkpA	802	826	904	898	1570	1541	1277	1255
LOC141461384	38	34	39	28	39	36	22	20
LOC141461378	727	609	767	709	919	740	751	595
LOC141461386	163	164	168	193	131	205	193	128
LOC141461389	0	0	0	0	0	0	0	0
LOC141461390	0	0	0	0	2	0	2	0
LOC141461388	9	25	105	40	19	123	1364	25
pod1	2942	2463	3590	3468	5200	3363	3209	3616
LOC141461524	444	350	434	423	497	275	314	402
LOC141461403	3	6	13	16	19	1	2	10
LOC141461401	94	78	77	71	78	59	59	66
LOC141461391	1133	899	1215	1222	1409	947	937	994
LOC141461395	485	469	560	456	743	451	435	558
LOC141461399	2087	2133	2450	2339	3985	3087	2434	3033
LOC141461405	6	6	7	4	15	8	8	8
SWIP	1159	1142	1313	1221	1796	1564	1535	1289
LOC141461402	332	305	349	295	411	412	379	356
LOC141461398	198	207	210	195	377	353	293	253
LOC141461396	100	120	115	111	175	147	111	125
LOC141461404	0	0	0	0	0	1	0	0
LOC141461400	14	18	14	16	20	33	21	10
Rab40	1033	999	1423	1269	1537	1253	1294	1282
LOC141461164	863	944	973	1131	1669	1173	1005	1039
LOC141461168	0	2	1	0	2	1	0	0
LOC141461165	35	37	48	38	74	46	43	64
LOC141461167	26	32	32	35	33	28	16	19
LOC141461166	3951	3434	4761	4436	6498	4301	4531	4710
LOC141460378	915	854	1023	1048	1322	1030	915	866
LOC141460374	639	535	822	776	820	619	719	669
LOC141460379	2671	2273	3179	3070	4144	2915	2815	3196
LOC141460380	28	21	17	34	45	23	35	42
LOC141460381	7	11	26	10	17	12	10	12
LOC141460384	0	1	4	0	3	0	1	1
LOC141460382	0	1	2	1	2	0	0	5
LOC141460375	3849	3025	4301	4073	5326	2836	2955	3792
LOC141460372	274	128	320	261	297	104	177	228
STUB1	609	537	663	688	1046	859	820	737
LOC141460856	4	3	7	6	8	1	4	10
LOC141461442	145	84	192	142	170	98	104	109
LOC141461440	53	57	67	72	82	75	55	68
step	1069	925	1299	1312	1474	1227	1331	1096
LOC141461430	606	563	615	668	458	965	1157	292
LOC141461433	3642	4478	4775	4097	5546	5918	5170	3774
LOC141461443	232	207	233	236	449	228	224	270
TRNAS-GCU_2	0	0	0	0	0	0	0	0
IR101	0	2	0	0	0	1	0	0
LOC141461222	1	2	0	5	3	0	0	0
LOC141461425	784	802	868	834	1195	956	932	982
LOC141461426	252	240	333	293	456	339	294	336
LOC141461427	582	698	719	712	720	847	551	425
LOC141461423	3335	3416	4155	3767	5022	4137	3921	3360
Letm1	999	1023	1091	1150	1684	1565	1690	1260
REPTOR	361	248	411	383	245	131	150	188
LOC141461428	7	9	11	10	5	7	3	3
Gyc32E	70	70	67	65	123	53	71	88
LOC141461421	1376	1014	1576	1451	1990	919	1090	1568
LOC141461441	114	67	155	112	163	62	77	123
LOC141461444	2	1	4	0	3	3	3	1
LOC141461435	233	211	221	201	278	198	270	272
LOC141461436	124	80	74	86	122	65	102	91
LOC141461434	8	8	6	10	16	6	3	14
LOC141461437	47	45	41	38	52	32	44	65
LOC141460336	230	152	144	164	206	126	174	153
LOC141461432	11	2	5	1	8	2	3	1
LOC141461431	5	3	3	5	11	2	6	5
LOC141461264	872	864	806	739	964	692	591	660
LOC141461263	625	637	673	522	376	414	413	314
LOC141461282	141	129	110	108	190	89	143	160
LOC141461272	50	96	71	65	125	45	52	68
LOC141461271	43	90	74	72	106	61	49	46
nab	345	301	437	473	654	417	333	391
GluClalpha	16520	15602	20834	21689	27057	16539	15569	20515
LOC141460897	3	2	16	5	18	7	4	17
LOC141461279	66	42	66	65	66	67	37	49
LOC141461275	6025	5666	6277	6522	8745	5487	5078	6119
Gmppb	857	953	1097	1059	1392	1762	2008	1165
LOC141461277	278	188	242	264	289	187	242	236
LOC141461278	1121	996	994	933	1210	1027	910	953
LOC141461268	131	140	140	140	181	210	201	167
LOC141461285	1	0	5	5	10	5	2	0
Ranbp21	1152	1028	1242	1205	2045	1905	2070	1700
edl	270	279	337	337	654	442	433	508
LOC141461284	1	4	2	1	3	0	3	3
LOC141461283	3	2	2	3	7	4	6	1
LOC141461276	458	547	491	464	529	628	651	412
LOC141461286	3887	3660	4457	4742	6866	4339	4106	5167
LOC141461287	0	0	3	0	0	0	0	0
LOC141461292	1	2	1	1	3	4	1	3
LOC141460994	0	0	0	0	1	0	0	0
LOC141461291	0	1	3	6	0	3	0	2
LOC141461290	1	4	6	5	0	3	2	1
LOC141461288	89	101	197	191	22	19	16	79
Sb	79	39	44	26	7	6	29	13
HDAC3	845	881	1028	992	1804	1611	1648	1376
Slik	2159	2227	2902	2693	2902	2576	3113	2275
LOC141460646	2676	2594	3090	2948	4194	3220	3010	3127
LOC141460649	838	920	823	859	1075	1464	1332	939
mRpS26	150	173	206	146	293	306	265	243
LOC141460656	1	4	0	0	1	0	1	1
LOC141460653	526	871	653	428	0	249	294	3
LOC141460650	0	0	2	0	0	0	0	0
LOC141460654	193	171	150	190	230	163	176	174
LOC141460652	1	3	1	5	3	2	0	2
snky	2	3	1	5	5	7	5	3
LOC141460647	630	365	590	650	867	445	649	670
LOC141460658	4	2	0	3	0	3	11	7
LOC141460849	16	46	85	32	15	13	9	11
LOC141460657	133	119	150	144	191	142	117	140
LOC141460521	0	0	0	0	0	0	0	0
LOC141460519	0	0	0	0	0	0	0	0
LOC141460520	0	0	0	0	0	0	0	0
LOC141460410	70	74	56	57	74	58	44	72
LOC141460409	142	112	133	163	214	137	140	168
LOC141460413	1635	1147	2100	1626	2600	1301	1394	2001
LOC141460411	733	778	911	955	1417	996	1000	1055
LOC141460412	11548	12245	13987	13741	16405	11417	8945	11789
LOC141460833	0	0	0	0	0	0	0	0
LOC141460545	88	93	126	132	174	131	56	70
msi	1218	992	1366	1130	2064	1224	1176	1581
LOC141460355	0	0	0	2	0	0	0	0
LOC141461162	0	0	7	1	5	4	0	0
LOC141460356	2	0	1	0	1	0	0	1
LOC141460544	2	9	6	6	10	2	2	8
LOC141461331	0	2	0	0	1	0	0	2
Mcm10	378	351	447	307	502	410	337	368
LOC141460536	1324	1213	1417	1439	1531	1058	1035	978
Prosap	1547	1332	1653	1699	2666	1510	1595	1953
Ets98B	54	16	64	89	21	35	31	22
LOC141461539	1	0	1	0	0	1	0	1
LOC141460881	0	1	0	1	0	1	2	2
LSm1	246	260	243	264	401	334	332	276
LOC141460880	334	355	408	420	721	428	540	394
LOC141460884	40	50	90	100	61	85	64	26
pyd3	109	132	159	198	157	273	223	69
RpS25	2662	3244	2641	2401	2564	4113	3772	2644
LOC141460357	407	351	472	451	738	407	529	578
RhoGAP54D	354	246	372	293	526	308	274	339
LOC141460882	1148	1220	1556	1173	1323	1742	2007	977
LOC141460888	2	1	4	2	0	2	3	2
LOC141460883	1	0	3	3	2	7	4	0
LOC141460635	0	0	0	2	0	1	2	11
LOC141460643	2	0	0	0	1	0	0	4
LOC141460857	2	0	2	0	0	0	0	0
LOC141460358	1	0	0	0	0	7	0	0
LOC141461223	1	0	0	0	1	0	0	0
GluProRS	1241	1285	1436	1505	3032	2651	3318	2785
LOC141461227	913	955	977	970	1516	1423	1318	1238
LOC141461228	355	231	213	196	332	337	236	267
LOC141461225	130	113	100	119	169	115	135	101
LOC141461226	5	11	13	16	24	21	10	10
LOC141460894	113	77	122	131	199	119	116	131
LOC141460171	0	0	0	0	0	0	0	0
LOC141460029	126	114	127	66	153	122	72	156
LOC141460028	1390	1014	1710	1630	1856	1192	1336	1608
Stat92E	1715	1705	2060	2186	2548	2285	2444	2011
LOC141460024	1744	1558	1920	2022	2955	1964	2071	2163
LOC141460847	0	1	2	0	2	0	0	6
LOC141460031	3	1	3	0	0	3	1	2
LOC141460032	4	5	5	4	13	4	0	8
LOC141460033	0	0	0	0	1	0	0	1
LOC141460025	0	3	1	2	0	4	3	1
LOC141460030	21	19	26	21	33	19	28	32
LOC141461220	28	10	22	6	22	10	20	14
Pi4KIIalpha	1454	1460	1673	1540	1564	1548	1542	1199
FeCH	525	494	559	525	732	620	614	475
LOC141461217	35	22	28	24	38	20	24	20
Ufc1	336	393	371	342	510	586	495	397
KLHL18	553	489	499	574	954	695	654	638
LOC141461218	510	555	549	518	736	1057	1130	572
LOC141461036	0	1	0	1	1	2	0	0
LOC141461035	0	0	1	1	0	5	2	0
LOC141461032	2314	3215	2371	2093	1300	2671	2738	927
LOC141461031	427	434	423	419	741	876	805	605
LOC141461033	352	345	376	292	318	354	306	283
LOC141461034	374	392	413	347	357	380	391	287
LOC141461030	18	19	9	20	27	10	20	12
LOC141461038	0	0	0	0	0	0	0	0
LOC141461037	0	0	0	0	1	0	1	0
LOC141460100	40	44	59	47	35	29	34	36
Grd	122	97	131	121	253	144	135	168
TRNAW-CCA_2	6	1	1	0	3	0	3	7
LOC141461526	0	0	0	0	0	0	0	0
LOC141461156	31	35	54	34	53	9	31	41
LOC141461158	7	10	7	30	4	8	8	14
LOC141461159	9	12	26	17	31	33	23	26
LOC141461161	5	2	0	2	5	0	4	1
LOC141461157	161	124	179	140	306	246	301	250
LOC141460895	0	0	0	1	0	2	0	0
LOC141460065	94	68	97	94	149	106	91	107
LOC141460066	2	0	0	0	0	0	0	0
bbc	1862	2111	2187	2070	2594	2625	2034	1714
Ac13E	1746	1648	2316	1972	2014	2136	2433	1603
LOC141460845	0	0	0	0	0	0	0	0
LOC141460846	0	0	0	0	0	0	0	0
Ten-a	1774	1128	2084	2038	2863	1300	1748	2130
LOC141460207	3	1	5	2	6	8	1	11
LOC141461171	2	0	0	2	0	0	1	8
LOC141461192	1	0	2	1	0	1	0	0
TRNAE-UUC_7	1	0	2	2	0	0	0	3
LOC141460248	0	4	8	4	6	9	6	18
LOC141461546	0	0	0	1	1	4	0	2
LOC141460385	0	0	0	0	1	0	0	1
LOC141460166	2	2	2	0	2	2	2	2
LOC141460167	0	5	0	1	2	1	1	4
LOC141460170	3	8	19	4	10	8	0	9
LOC141461019	3	0	5	1	1	1	1	4
LOC141460992	0	1	0	1	0	0	0	0
TRNAP-UGG_2	0	0	0	0	0	0	0	0
TRNAP-UGG_3	0	0	0	0	0	1	0	0
TRNAP-UGG_4	0	0	0	0	0	0	2	0
TRNAP-UGG_5	1	0	0	0	0	0	0	0
LOC141460169	1	0	0	1	2	0	1	1
LOC141460163	154	159	160	181	287	148	135	166
PolD1	506	438	529	540	753	552	486	454
LOC141460165	534	517	565	516	915	731	658	666
LOC141460164	662	567	771	712	1164	636	775	896
LOC141460386	2	0	5	0	2	0	0	0
LOC141460388	1	1	0	0	0	2	0	0
LOC141460168	28	12	24	11	22	20	11	21
LOC141460389	13	12	21	13	13	10	2	6
prom	94	63	88	118	145	81	77	88
TRNAR-UCG_2	0	0	0	0	0	0	0	0
LOC141460162	2873	2637	3331	2982	3616	2825	2661	2531
sax	873	829	997	846	1090	794	723	847
Ssb-c31a	4552	5075	4716	4384	4944	4493	3915	4050
mRpL20	327	338	292	294	638	671	628	584
tzn	747	740	787	765	935	899	820	726
LOC141460919	15	5	6	5	10	14	10	7
LOC141460914	2567	2007	3096	3153	5154	2962	3346	4142
LOC141460912	327	337	310	311	562	489	315	368
LOC141460916	330	95	168	219	225	136	384	271
LOC141460406	3	2	2	0	1	8	6	2
Polr3E	332	400	410	360	635	601	581	484
LOC141460767	225	134	160	218	343	322	407	244
LOC141460773	0	0	3	0	0	0	0	0
lic	1298	1388	1538	1468	1420	1295	1324	1197
LOC141460765	602	586	684	649	671	557	518	495
LOC141460772	620	624	774	560	880	477	468	514
LOC141460764	103	57	64	89	151	74	122	109
Vps29	229	244	242	235	473	429	437	311
eIF3b	4910	5486	5681	4966	5408	7863	7802	4958
M6	457	562	655	545	642	623	455	463
LOC141460762	302	257	371	310	342	378	351	265
LOC141460768	4	3	4	3	3	5	12	11
LOC141460623	24	18	23	17	23	16	10	16
IRSp53	390	266	418	387	490	322	343	357
LOC141460480	1	4	1	1	0	0	0	0
LOC141460628	1	2	0	3	0	2	0	3
LOC141460626	0	0	1	3	0	1	1	0
sn	3501	3283	4319	4074	7371	7119	7363	5387
LOC141460137	3	0	3	7	5	1	0	1
LOC141460629	119	125	117	112	247	253	200	223
LOC141460619	104	269	336	429	493	384	253	335
LOC141460622	322	288	346	314	414	326	275	302
LOC141460632	0	0	0	0	0	0	0	0
LOC141460625	0	0	0	0	0	0	0	0
LOC141460616	5	3	7	3	9	9	3	1
LOC141460618	35	39	42	47	60	43	61	37
LOC141460631	6137	6306	7020	5990	7256	5659	4486	6302
LOC141460624	2256	1850	2516	2499	3894	2289	2237	2953
LOC141460630	0	0	0	0	0	0	0	0
Sytbeta	1346	1206	1540	1549	2343	1497	1332	1695
LOC141460517	0	1	0	0	0	1	0	0
LOC141460518	0	0	0	0	0	0	0	0
LOC141460793	195	223	239	194	329	340	291	262
wol	310	306	310	341	474	536	559	385
LOC141460797	124	116	89	104	152	113	125	99
Gdi	3588	3508	4161	4047	7154	5856	5668	5756
LOC141460777	531	514	610	684	690	815	1087	637
Capr	2928	2814	3307	2818	3211	3698	3904	2832
LOC141460803	766	935	969	847	842	734	598	611
roh	2141	2310	2120	2071	2551	2480	2360	1930
LOC141460782	670	667	777	694	1086	649	634	686
LOC141460807	5	1	11	9	8	7	8	10
rho-5	2550	2008	2885	2414	3197	2127	2243	2435
LOC141460804	32	12	48	31	22	13	19	21
RNaseZ	1547	1675	1803	1459	954	1062	1006	806
LOC141460800	561	568	628	609	1056	937	870	859
inc	512	545	543	559	1124	874	734	826
LOC141460802	81	85	97	86	191	190	142	136
mRpL28	680	760	761	689	930	959	780	667
LOC141460795	1707	1599	1768	1829	1990	1248	1079	1340
LOC141460809	0	0	0	0	0	0	0	0
LOC141460783	1087	969	1287	1247	1486	977	1068	1129
LOC141460788	1531	1508	1746	1711	2134	1768	1579	1617
LOC141460799	1711	1759	1937	1853	2913	2182	2116	2098
LOC141460792	329	350	332	348	522	367	323	359
Brf	514	475	596	640	993	697	651	695
lute	1196	1140	1249	1247	1773	1368	1213	1338
LOC141460780	13	13	14	5	26	7	7	2
LOC141460806	6	3	2	1	5	8	10	6
LOC141460808	0	0	0	0	0	0	0	0
Alas	1652	1268	1334	1333	1867	1531	2363	1674
RpL3	10269	9417	9990	7274	9455	13242	13202	10313
RhoGDI	1466	1558	1679	1567	2668	2908	2676	1967
Nrt	1447	1021	1692	1700	2696	1527	1578	2191
LOC141460826	4	3	5	3	5	4	0	1
LOC141460817	314	443	376	317	354	437	303	231
Xpd	110	94	143	138	246	247	204	184
Marc	7	13	13	8	14	13	13	14
UQCR-Q	1275	1313	1330	1115	1449	1445	1213	1180
LOC141460821	1539	1686	1739	1579	2913	2257	2022	2181
LOC141460810	1433	1533	2156	1841	1964	1415	1556	1533
LOC141460828	0	0	1	0	1	0	0	3
Tfb1	665	657	706	702	979	833	793	697
LOC141460822	3	1	3	6	4	3	0	2
LOC141460827	0	0	0	0	0	1	1	0
LOC141460820	38	56	48	76	88	45	59	67
LOC141461449	694	539	879	822	1225	711	753	1029
LOC141461453	1	5	4	3	3	6	5	6
LOC141461451	2	2	8	2	2	1	2	2
LOC141461450	133	171	135	112	256	186	150	172
LOC141461452	0	0	0	2	0	0	0	0
Best1	258	283	297	351	409	343	319	365
mbo	240	247	294	255	478	490	413	327
LOC141460829	219	216	226	230	394	250	203	224
LOC141461521	1	0	1	0	0	2	0	1
LOC141461520	1317	1279	1435	1466	2350	1738	1404	1807
LOC141461193	0	1	0	0	0	0	0	0
eIF5B	2369	2427	2783	2686	4555	4965	5253	3997
LOC141461316	428	335	547	531	652	407	474	470
Myo10A	1188	1088	1384	1513	1700	996	1194	1264
LOC141461319	2	11	12	11	27	14	10	24
LOC141461320	5	2	7	6	0	0	1	1
LOC141461317	1173	1016	1556	1418	1906	1466	1589	1635
LOC141461314	191	232	238	211	57	141	141	40
shop	342	380	401	365	598	539	498	386
LOC141461318	52	28	51	66	81	96	52	39
LOC141461321	206	267	260	264	252	268	250	239
cnc	705	865	1204	1056	608	2187	2348	518
LOC141461325	1	1	4	0	0	0	1	2
LOC141461324	5	5	8	3	119	585	1281	497
LOC141460436	614	517	809	768	1037	705	691	694
LOC141460439	1	3	2	1	4	0	1	0
LOC141460438	94	85	110	99	134	76	58	64
LOC141460437	31	25	15	22	28	12	7	9
LOC141460434	553	442	538	665	512	327	306	347
LOC141460440	13	9	26	15	3	1	4	5
LOC141460441	56	43	58	80	113	68	57	79
MED25	2554	1953	2606	2520	3918	2600	2716	2838
LOC141460444	143	131	201	195	232	141	150	155
LOC141460447	0	0	0	0	0	0	0	0
Mob2	204	172	259	349	368	226	371	314
LOC141460446	104	98	120	120	189	145	125	123
LOC141460442	931	803	1050	973	1407	1123	1251	1086
LOC141460993	4	4	6	4	2	3	1	2
LOC141461301	0	1	1	1	0	0	1	0
LOC141460109	11	9	8	11	3	8	9	12
LOC141460516	0	0	0	3	1	3	0	1
LOC141460135	0	1	0	0	0	0	0	1
TRNAV-AAC_1	0	0	0	0	0	0	0	0
LOC141461373	133	83	119	131	527	623	408	438
LOC141461372	221	220	239	207	352	265	267	276
Pop2	774	871	1003	910	1305	1148	1101	1063
LOC141460531	5	8	12	10	9	2	5	12
rdgC	1393	1722	1833	1424	2226	1464	1337	1260
LOC141460529	10	5	20	12	8	6	5	4
LOC141460528	17	4	25	11	15	12	16	16
Ca-alpha1T	1935	1402	2116	1830	2497	1261	1186	1681
LOC141460131	236	297	285	181	21	157	220	37
LOC141460534	0	0	3	1	4	2	1	3
LOC141460530	5	8	9	8	6	17	6	16
LOC141460532	0	2	11	5	2	4	0	3
LOC141460311	0	0	2	0	1	0	0	0
LOC141460533	0	3	5	0	1	3	2	0
LOC141460535	6	5	9	7	4	4	4	3
LOC141460527	4903	4135	5439	5001	6227	3425	3539	3856
LOC141461195	0	0	0	1	0	1	1	0
LOC141461194	130	62	108	124	33	186	266	146
LOC141461198	0	1	1	1	0	0	0	0
LOC141461196	0	0	0	0	0	0	0	0
LOC141461079	133	130	118	139	224	161	140	156
LOC141460958	1	1	2	4	10	0	2	3
LOC141461190	3	0	3	1	0	0	1	0
LOC141461081	181	201	214	225	372	385	339	293
LOC141461080	114	168	219	203	334	269	197	226
LOC141460427	705	1022	900	823	1088	1203	908	700
LOC141461416	194	224	185	206	162	191	185	139
cN-IIIB	276	271	322	313	432	357	297	256
LOC141461417	29	31	24	38	42	20	44	29
LOC141460428	63	68	78	73	131	115	87	129
LOC141461022	644	915	728	487	53	771	801	109
LOC141461024	16	27	41	51	9	11	4	6
LOC141461028	18	10	10	11	12	16	12	11
LOC141461026	5	1	3	0	1	0	0	1
LOC141461025	176	130	153	139	256	165	130	167
CARPB	207	152	281	276	397	187	206	282
LOC141460312	2	1	2	0	0	2	1	2
LOC141461027	1	1	9	5	11	4	1	4
LOC141461462	0	0	0	0	0	0	0	0
LOC141461461	4	0	2	3	0	0	6	1
LOC141461460	1	0	0	0	1	0	0	0
LOC141460140	0	0	0	0	0	0	0	0
U4-U6-60K	625	716	677	601	427	511	429	459
LOC141460148	122	117	131	103	101	95	87	78
Rpi	971	1308	1423	1016	1022	1149	998	922
Oat	169	269	216	201	194	238	221	139
LOC141460147	5	17	6	12	10	12	13	9
LOC141460141	298	286	315	303	517	393	322	284
LOC141460146	53	48	60	65	95	63	74	68
PQBP1	503	442	504	452	755	653	566	553
slmb	1390	1269	1781	1720	2548	1839	1956	1951
Sps1	1042	1089	1029	1105	2168	2186	2361	1472
LOC141460153	219	480	334	356	632	255	326	175
LOC141461540	0	0	0	0	0	0	0	0
LOC141460156	4	7	2	6	19	13	9	6
Ide	1548	1404	1809	1940	2946	3135	3363	2415
LOC141460154	67	73	107	61	41	91	77	67
LOC141460151	287	321	336	291	388	308	300	294
LOC141460149	1973	1730	2357	2193	2637	1634	1592	1732
LOC141460155	1302	1583	1025	343	23	968	1135	40
LOC141460157	402	456	584	450	633	547	363	460
LOC141461491	13	12	10	8	7	10	19	14
LOC141460726	0	0	0	0	0	0	1	0
LOC141461475	0	0	0	0	0	0	0	0
LOC141461473	0	0	0	0	0	0	0	0
LOC141461474	986	1075	1069	1080	1221	1050	932	866
LOC141461472	36	61	69	35	39	14	27	23
LOC141461476	0	0	1	0	0	0	0	1
LOC141460433	0	0	0	2	0	0	0	0
LOC141460775	0	0	0	0	1	0	0	0
LOC141461445	167	138	246	230	375	174	227	221
LOC141460874	1	2	3	2	1	1	1	5
LOC141461221	0	0	0	1	0	0	0	1
LOC141461078	0	0	1	0	2	2	0	2
LOC141460449	37	27	3	23	3	45	0	7
LOC141460727	0	0	0	0	0	0	0	0
LOC141460249	0	0	0	0	0	0	0	0
LOC141460251	0	0	1	0	2	0	0	0
ATPsynE	1079	1227	1047	979	1249	1240	986	1007
LOC141460338	24	28	34	22	55	77	58	62
LOC141460350	155	99	134	89	232	175	109	141
TRNAS-UGA	1	0	0	0	0	0	0	0
Gpat4	1331	1514	1725	1605	2171	2164	2000	1812
LOC141460348	106	137	159	130	262	184	183	176
LOC141460351	276	328	335	323	506	481	408	372
LOC141460346	354	342	431	442	748	423	466	567
LOC141460341	1333	1306	1475	1410	1681	1195	920	1068
Arp1	624	648	639	598	1551	1091	1163	1127
ox	344	391	359	327	598	499	446	448
LOC141460347	979	950	1233	1218	1652	1096	1028	1248
Noc3	1121	1067	1383	1123	773	971	916	690
LOC141460349	0	0	0	0	0	0	0	0
wap	610	637	752	711	1181	960	784	834
LOC141460342	827	839	947	923	1612	1113	1082	1103
LOC141460354	0	0	0	0	0	0	0	0
LOC141460339	0	0	0	0	0	0	0	0
LOC141461309	16	13	22	29	38	17	24	23
LOC141461305	428	264	450	452	599	319	360	531
LOC141460546	1	3	2	1	3	0	1	7
LOC141460547	3	0	4	2	6	3	5	6
LOC141461537	0	0	0	0	0	0	0	0
LOC141461306	10	6	24	18	19	8	7	5
LOC141461307	10	8	11	11	42	16	9	8
LOC141461308	0	0	0	0	1	2	0	3
LOC141461302	5	7	6	7	142	64	218	97
LOC141460203	0	0	0	0	0	1	0	0
LOC141461138	1	1	1	3	2	3	1	1
LOC141461135	337	364	330	328	614	830	755	520
LOC141461136	193	190	221	194	320	297	302	273
barr	354	283	378	382	667	461	505	488
LOC141461139	9	16	13	14	22	13	14	15
Pi4KIIIalpha	3793	3252	4423	4594	4778	3362	3558	4115
Haspin	344	324	385	353	533	374	395	391
LOC141461137	3	0	0	0	0	0	0	0
LOC141461484	58	50	63	55	83	49	73	77
LOC141461487	2	0	2	0	2	1	0	0
LOC141461020	2	1	5	3	1	1	0	0
LOC141461415	0	0	2	0	0	2	0	2
lsn	221	218	215	227	353	292	265	289
LOC141461488	9	8	13	10	16	15	4	21
LOC141461485	49	36	64	37	87	56	63	82
OR56	0	0	0	0	0	0	0	0
LOC141461447	1420	1405	1625	1434	2110	1717	1614	1633
LOC141461456	737	787	683	715	1242	1109	995	926
LOC141461454	60	85	39	22	18	20	40	15
LOC141461459	1	1	0	1	0	0	0	0
LOC141461458	3	2	4	3	7	10	12	1
LOC141461457	211	623	305	411	45	462	787	60
LOC141460514	9	5	8	8	14	12	17	13
LOC141460515	1	1	2	4	0	1	1	0
LOC141460177	0	0	0	0	0	0	1	0
LOC141460178	8	6	8	6	0	4	11	0
LOC141460176	243	495	567	652	73	558	1031	125
LOC141461191	0	0	0	0	0	0	0	0
LOC141460173	348	419	367	384	868	396	288	413
LOC141460450	0	0	0	0	0	0	0	0
P5CS	1446	1344	1469	1251	721	1040	736	441
LOC141461411	3	2	3	1	2	1	1	0
LOC141461413	1	2	1	0	0	0	0	0
LOC141461414	0	0	0	0	0	0	0	0
LOC141461412	1	4	0	1	0	0	1	1
LOC141460451	0	0	0	0	10	0	0	0
Oct-TyrR	376	303	388	440	698	349	359	517
LOC141460452	0	0	0	0	1	0	0	0
LOC141460387	2	2	5	3	7	2	0	2
LOC141460923	2	4	6	0	2	1	1	3
LOC141460875	0	0	1	0	1	0	0	0
LOC141461176	0	0	0	0	0	0	0	0
LOC141461173	977	1100	1235	1069	1182	1295	1189	908
LOC141461175	164	177	156	142	172	167	142	138
LOC141461174	463	442	627	577	642	475	439	435
LOC141461177	16	16	10	10	28	6	18	18
LOC141461172	652	654	759	734	858	770	720	674
LOC141461142	2072	1548	2265	2105	3796	2028	2123	2634
LOC141461143	95	157	92	86	138	221	140	69
LOC141461140	1316	1752	1664	1660	880	4270	3443	887
LOC141461522	394	557	464	487	727	494	429	487
Hsc70-5	4013	4697	5037	5398	9701	10542	11093	7559
Chi	2147	1709	2717	2448	3238	2309	2483	2515
LOC141460125	109	98	132	84	176	97	70	84
LOC141460121	13	2	11	1	6	2	3	8
LOC141460119	216	229	174	259	371	340	272	283
LOC141460113	472	430	560	498	603	452	424	437
LOC141460122	217	215	200	214	237	202	137	163
LOC141460117	1015	1260	1614	1204	1063	1231	1133	1036
LOC141461525	932	1302	1363	1185	1043	1148	720	966
LOC141460102	11	11	22	8	8	6	6	12
TRNAV-AAC_2	0	0	0	0	0	0	0	0
LOC141460118	365	303	414	363	641	384	403	502
TRNAV-AAC_3	0	0	0	0	1	0	0	1
TRNAV-AAC_4	0	0	0	0	1	0	0	0
LOC141460120	2	1	1	0	1	1	0	5
TRNAI-AAU_2	0	0	0	0	0	0	0	0
TRNAV-AAC_5	0	0	0	0	0	0	0	0
TRNAI-AAU_3	0	0	0	0	1	0	0	0
LOC141460129	1	1	1	1	4	0	4	1
LOC141460124	8	20	10	16	25	2	7	16
LOC141460128	3	2	4	3	13	3	6	4
LOC141460123	0	0	0	0	0	0	0	0
LOC141460774	0	1	2	0	2	0	0	1
LOC141460127	1	6	2	1	3	1	2	0
TRNAT-AGU_1	0	0	0	0	0	2	0	1
LOC141460036	0	0	0	0	0	0	0	0
l(2)k05819	1225	1058	1392	1260	1420	788	715	871
LOC141461076	173	175	215	222	404	522	459	373
LOC141461074	566	544	638	602	854	850	816	699
LOC141461077	477	491	496	433	583	539	473	542
LOC141461073	6904	8647	8902	6599	3923	3147	2607	2742
LOC141461072	872	933	954	977	1484	1153	1016	1052
LOC141461075	928	1246	1136	1348	1157	1218	849	679
LOC141460224	89	106	98	130	259	258	255	251
LOC141461483	24	31	39	44	48	31	21	28
LOC141461479	712	613	893	826	1388	791	727	1017
LOC141460478	4	1	1	2	0	2	0	0
LOC141461482	0	0	0	0	2	0	0	0
LOC141461029	0	1	0	0	0	5	0	1
LOC141461481	0	0	0	0	0	0	0	1
LOC141461111	505	791	750	765	1683	1166	992	1456
LOC141461106	536	511	627	640	904	723	694	658
LOC141461098	439	495	548	521	912	846	844	671
LOC141461096	0	0	0	0	1	0	0	0
LOC141461112	4	1	4	3	6	10	12	5
LOC141461094	210	164	248	170	30	2845	1370	115
LOC141461095	82	21	73	87	87	396	107	92
LOC141461102	753	716	862	733	946	962	801	655
Sfxn2	1344	1344	1429	1367	2435	1934	1698	1643
LOC141461101	87	62	101	89	142	111	91	110
Ranbp16	848	775	957	880	1355	992	905	911
HPS1	1469	1270	1665	1530	2279	1581	1658	1709
Smyd5	873	932	944	783	765	947	835	694
Ddrgk1	782	739	747	680	916	930	870	773
LOC141461110	915	969	913	889	1629	1733	1652	1246
IntS11	329	360	425	340	577	682	592	448
LOC141461104	261	377	292	351	611	703	831	594
Elevin_1	4	1	0	0	0	6	0	0
LOC141461069	367	721	635	303	738	767	433	476
LOC141461115	346	366	417	325	606	531	548	506
chk	1643	1985	2037	2114	1862	3620	3142	1176
dor	599	481	622	582	1021	753	739	751
Dgkepsilon	1319	1362	1470	1266	1758	1138	1017	1307
Polr2H	85	95	86	86	184	222	198	146
nsl1	1085	868	1277	1207	1654	1096	1211	1367
LOC141461113	3727	3490	4271	4107	5923	4591	4844	4265
LOC141461122	857	783	902	899	1665	1094	1101	1100
mas	323	317	367	319	609	390	380	505
LOC141461123	25	27	59	24	125	39	43	62
LOC141460172	27	12	23	30	33	32	29	25
LOC141461131	3	4	9	10	9	5	3	6
LOC141461126	502	98	68	172	38	30	454	38
Dnaaf5	249	221	231	226	394	358	344	309
LOC141461127	1582	1669	1663	1322	778	781	708	639
LOC141461129	14	14	14	9	18	15	14	21
SC35	8835	8004	9406	8080	9907	5943	5490	5642
Syngr	3169	3081	3408	3376	5436	3594	2921	4169
T48	1211	1111	1478	1333	2064	1467	1429	1340
LOC141461406	485	456	456	409	622	493	426	446
LOC141461409	7	5	4	6	12	2	11	9
LOC141461408	13	18	4	9	18	8	13	16
Scgalpha	1272	1280	1384	1250	2132	1412	1224	1442
LOC141460282	653	669	756	690	829	654	588	646
LOC141460294	3	4	12	6	8	2	4	9
LOC141460284	85	112	120	100	137	69	97	94
Pa1	236	262	232	214	464	359	291	323
LOC141460280	1647	719	776	1635	917	1047	2761	1041
LOC141460296	0	2	1	2	0	0	1	2
LOC141460295	175	202	227	169	352	242	210	249
LOC141460283	2150	1983	2213	2137	3183	2523	2414	2253
LOC141460287	869	1233	948	718	16	970	809	20
LOC141460290	2803	3761	3220	2393	8	4260	3994	112
LOC141460292	44	48	105	66	13	56	43	27
Ir25a	3	2	3	6	0	0	3	2
LOC141460277	16	6	8	4	12	9	13	16
Tsp74F	17	14	10	12	14	12	11	15
LOC141460285	87	76	116	84	170	73	76	103
LOC141460279	272	215	353	264	329	314	260	304
LOC141460288	367	341	437	360	316	366	334	259
LOC141460498	39	45	83	47	62	64	38	50
LOC141460495	13	9	27	25	33	13	11	16
LOC141460510	163	255	232	209	308	242	215	121
HisRS	638	702	724	739	1200	1520	1656	1012
LOC141460499	2213	1899	2513	2741	4178	2827	2774	3283
LOC141460513	1	2	2	4	0	0	2	1
LOC141460508	423	342	427	411	490	343	363	352
LOC141460501	140	73	143	107	123	74	87	122
Polr3F	105	100	113	127	220	237	182	233
TyrRS-m	247	243	231	234	460	476	464	407
AstA-R1	244	272	312	320	419	293	261	273
LOC141460901	2	5	2	6	1	17	15	1
Dic1	391	488	459	418	481	1663	1509	461
LOC141460899	960	845	1065	929	1400	1183	1131	1071
LOC141460904	2	0	3	0	1	0	1	0
LOC141460903	2895	2380	3227	3248	4542	2622	2418	3565
TRNAN-GUU_2	0	0	0	0	0	0	0	0
TRNAN-GUU_3	0	0	0	0	3	0	0	0
LOC141461262	1	0	0	0	1	19	8	0
LOC141460910	17	12	20	17	19	4	13	9
LOC141460911	489	590	592	589	1074	818	703	787
LOC141460905	16	15	26	24	39	18	20	39
LOC141460909	388	409	417	385	750	586	507	518
Fnta	232	267	279	244	420	391	385	369
LOC141460906	393	399	349	300	564	394	309	348
Ostgamma	1469	1417	1522	1570	2659	2802	2418	2090
RhoGAP102A	51	61	81	109	71	64	37	65
LOC141460237	1	0	0	2	2	0	0	1
LOC141460236	3	6	3	3	6	3	4	6
LOC141460226	2363	2280	2809	2668	3382	2313	2290	2379
LOC141460233	4599	7329	4572	3526	280	4346	4683	312
Trm1	1098	1005	1277	1277	1645	1188	1093	1125
LOC141460228	1736	1286	1888	1711	2694	1318	1479	1959
LOC141460242	17	6	32	32	41	26	31	20
LOC141460243	92	50	100	64	104	48	63	92
LOC141460227	4052	4697	5415	4591	4629	5012	4815	3290
LOC141460239	1586	1342	1796	2044	2927	1774	1947	2331
LOC141460232	0	0	0	0	0	0	0	0
SAK	221	225	254	214	426	324	241	305
Snapin	182	181	219	194	294	254	228	217
HemK2	193	221	205	230	305	290	203	230
LOC141460235	520	513	531	607	874	655	612	581
eRF3	1223	1407	1418	1538	2881	3592	3826	2438
stv	1105	1223	1245	1358	2386	2169	1976	1649
LOC141460995	1176	1077	1210	1139	1831	1574	1559	1347
LOC141460999	491	639	672	559	769	816	740	606
LOC141460998	270	249	263	271	437	263	238	247
LOC141461003	1	0	0	1	0	0	0	0
LOC141461002	1	0	0	3	2	2	1	5
LOC141460644	3	0	0	0	0	1	0	1
LOC141461021	0	0	0	0	0	0	0	0
LOC141461001	0	1	0	0	0	0	0	1
LOC141461489	948	735	1098	1068	1588	888	946	1240
LOC141461490	1	0	0	3	0	0	0	0
LOC141460522	2	0	0	0	0	0	2	0
LOC141461211	593	521	677	634	1083	799	748	732
Aasdh	338	308	389	352	550	443	364	367
CCT7	2192	2419	2365	2469	5225	5636	5317	4162
Rpn5	1021	1000	925	1004	1962	1784	1632	1533
LOC141460108	95	111	92	103	159	106	83	89
LOC141460221	57	186	216	119	185	155	77	44
LOC141460220	467	461	416	467	613	511	431	306
LOC141460223	44	16	30	38	57	22	37	27
LOC141460222	1	1	2	3	1	3	2	1
Agps	840	698	897	892	1475	982	939	1192
LOC141460214	5644	5771	7454	7479	10329	6802	6153	7299
LOC141460213	14	9	21	12	9	10	8	10
Pi3K59F	465	567	576	496	587	565	554	472
Rint1	1694	1606	1835	1642	1675	1454	1388	1260
FANCI	372	305	341	307	609	637	586	593
LOC141460219	0	0	0	0	0	0	0	0
hts	8813	8465	11441	10819	11897	8772	8976	9113
LOC141460890	1	1	12	1	1	2	1	2
Brd7-9	1004	854	1290	1212	1841	1269	1394	1522
Liprin-beta	1401	1147	1600	1684	1980	1223	1354	1447
LOC141460359	125	124	121	173	101	159	155	105
LOC141460362	662	945	698	770	1306	969	843	800
LOC141460364	33	45	29	46	78	44	40	43
LOC141460370	20	25	13	18	24	5	21	13
LOC141460366	27	114	61	72	69	60	66	39
LOC141460365	68	160	47	242	33	27	30	45
LOC141460369	137	69	149	121	151	94	96	48
LOC141460371	116	94	180	145	138	121	134	53
LOC141460453	58	52	80	48	97	61	56	18
LOC141460368	434	269	455	373	520	312	233	217
LOC141460260	3821	3251	4491	4376	5335	3775	3678	4105
LOC141460257	4	8	9	12	12	7	1	6
LOC141460267	6050	6016	6676	6763	10150	6471	5764	7895
LOC141460273	0	2	0	4	3	1	1	1
LOC141460272	0	5	0	0	2	3	5	3
LOC141460269	4239	4773	4015	4087	7098	4632	3605	4796
LOC141460256	130	107	126	115	186	124	98	132
Mms19	246	254	292	276	382	426	483	331
LOC141460266	0	0	1	1	0	1	0	1
LOC141460265	199	237	203	187	331	284	261	242
LOC141460262	908	887	1135	1027	1335	1600	1798	1114
LOC141460264	72	67	97	86	171	141	132	121
LOC141460271	153	148	128	123	189	107	123	113
LOC141460270	128	121	112	137	144	135	141	127
LOC141460274	0	2	1	2	0	0	0	1
LOC141460252	1705	1534	2072	1918	2026	1793	2370	1695
por	203	153	199	190	336	192	131	220
LOC141460258	19	47	38	22	9	26	29	12
LOC141460261	3	2	0	0	1	0	0	3
LOC141460263	212	294	263	253	389	283	269	250
GCS1	1053	983	1134	1128	2002	2070	2034	1519
neur	1510	1372	1898	1598	1672	1618	1568	1345
Polr2C	365	345	368	318	702	639	561	618
RpLP1	3140	3616	3218	2839	2942	5066	4598	2784
Ddx56	1161	1328	1323	1111	1147	1426	1424	1052
LOC141460708	1	3	5	8	6	3	4	2
prel	1819	1825	1926	1914	1671	1536	1545	1484
LOC141460711	266	375	272	361	514	365	349	322
LOC141460712	30	57	74	48	52	43	30	47
LOC141460717	142	496	612	143	107	263	94	72
LOC141460719	47	278	345	73	37	116	39	21
LOC141460724	31	92	59	56	83	67	69	71
LOC141460723	4	4	5	4	8	9	7	3
TfIIA-S	137	147	120	135	248	248	210	193
LOC141460716	7148	8094	7702	6677	8010	6599	5248	5704
LOC141460718	3786	4527	4129	3605	3694	2965	2188	2567
LOC141460721	130	113	140	103	186	195	187	162
LOC141460713	250	228	267	256	341	240	283	250
LOC141460722	147	139	131	142	76	90	115	42
LOC141460725	12	21	6	5	11	12	15	17
LOC141460714	9	9	4	15	29	69	25	37
LOC141461147	3	4	3	2	3	7	3	2
LOC141460300	1829	1295	2127	1957	2842	1471	1794	2688
LOC141460922	1	1	7	1	2	3	0	7
LOC141461004	0	1	2	0	0	4	0	3
TRNAL-UAA_2	0	0	0	1	0	0	0	0
LOC141460303	5	0	0	0	4	1	2	2
LOC141460896	0	0	2	2	2	3	0	3
LOC141460302	5	0	3	0	1	0	0	2
LOC141460301	1	0	0	0	0	1	0	0
LOC141460299	32	6	7	10	79	32	88	114
LOC141460304	5315	2812	5946	4969	7245	3168	3540	6439
LOC141461209	3	3	1	1	2	2	0	2
LOC141460337	19	17	22	14	19	13	20	14
LOC141460158	7	2	12	1	15	8	3	7
LOC141460454	0	0	0	0	1	0	3	0
LOC141460681	533	546	633	407	585	520	422	359
LOC141460685	850	876	859	804	1178	1238	974	843
LOC141460682	397	334	379	398	381	349	318	292
Adat1	74	88	103	71	125	119	100	74
Su(fu)	313	278	367	361	552	424	431	468
stas	807	584	973	885	1133	937	1086	1088
LOC141460662	234	270	261	318	370	277	303	269
LOC141460686	28	38	47	48	71	56	64	64
LOC141460701	1	3	0	2	0	2	0	1
LOC141460704	29	30	29	15	29	24	32	19
LOC141460660	369	506	474	423	526	768	887	490
LOC141460661	500	491	504	463	847	714	635	608
mRpL12	375	391	430	389	690	675	575	586
LOC141460695	11	6	3	5	13	20	15	13
LOC141460677	27477	28574	29042	27279	56778	88751	67080	45295
LOC141460698	4	6	3	5	8	8	7	9
LOC141460702	0	0	0	0	1	0	0	0
LOC141460705	0	0	0	0	0	0	0	0
LOC141460673	399	348	529	544	640	444	497	537
r-l	772	919	979	955	1560	2076	2297	1196
Srp68	1568	1623	1751	1715	3190	2929	3194	2279
LOC141460675	1106	905	1278	1134	1995	1140	1106	1433
LOC141460667	2111	1913	2496	2370	2916	2356	2317	2077
LOC141460691	526	523	518	518	978	917	778	771
LOC141460694	246	273	292	263	426	324	278	292
Top3alpha	249	215	245	240	380	315	276	251
LOC141460696	319	303	305	308	386	285	315	297
LOC141460669	2123	1950	2054	2017	2683	1900	1752	1541
SCCRO3	503	585	671	631	868	746	674	627
LOC141460659	1818	1432	2266	2137	2712	1688	1881	2046
unk	755	588	959	979	1271	927	1145	1024
LOC141460699	76	84	102	88	109	74	72	103
LOC141460690	7513	7557	7661	7521	15268	12159	9363	10636
LOC141460689	253	329	293	236	232	242	188	163
LOC141460455	98	136	70	139	120	122	121	116
Esp	589	754	803	770	805	927	976	477
U2af50	991	747	1020	983	1795	1496	1653	1382
LOC141460703	1400	1152	1505	1328	2055	1249	1318	1360
Lamtor2	377	419	329	355	532	532	391	449
Hs3st-B	321	304	408	333	521	407	367	358
Tsen54	774	664	870	824	1281	972	853	832
LOC141460678	253	264	208	283	282	233	205	176
LOC141460697	123	138	149	143	158	167	151	135
LOC141460061	82	96	115	86	64	80	77	28
LOC141460062	12	1	11	14	3	4	8	4
LOC141460064	0	4	3	5	0	1	1	0
LOC141460898	1109	8	0	1	1	1	932	1
LOC141461241	226	383	328	252	483	903	783	409
Cluap1	402	378	554	432	507	523	346	407
gw	3607	3188	4323	3845	5120	3487	3685	3948
LOC141461244	429	457	468	322	617	551	367	437
LOC141461236	24	31	19	22	32	27	14	23
mRpS33	58	62	63	42	55	58	70	66
LOC141461229	594	381	678	373	590	409	379	561
CNPYb	372	356	360	391	672	547	403	447
BBS1	0	0	0	0	2	0	3	0
FoxK	1513	1278	1840	1482	1577	1264	1045	1182
LOC141461235	1301	1317	1410	1215	1550	1232	1091	1004
mael	609	706	680	708	1303	1331	1198	1015
Marf1	11	8	8	11	10	12	10	2
LOC141461251	5	1	4	2	2	1	4	1
LOC141461252	6	19	6	15	14	7	3	4
LOC141461245	523	499	559	544	617	449	427	480
Ype	261	286	275	254	369	241	227	208
Axn	562	437	723	714	744	625	622	603
wmd	1129	1171	1199	1289	1970	1852	1631	1686
LOC141461232	295	235	346	425	642	312	352	316
LOC141461250	588	475	576	606	736	341	418	434
LOC141461253	0	2	0	0	1	1	1	2
LOC141461469	911	839	806	912	1088	772	654	538
LOC141461468	166	174	98	219	175	127	103	131
RpS9	1915	2348	1940	1995	2571	4159	3386	2669
LOC141460039	874	795	1138	1023	1213	864	1193	861
LOC141460050	0	0	0	0	0	0	0	0
LOC141460060	0	0	0	0	2	4	1	0
Naa15-16	890	945	1074	968	1410	1600	1661	1235
LOC141460058	91	105	81	83	103	151	149	64
LOC141460054	46	37	52	28	18	38	18	30
LOC141460059	211	206	218	234	229	203	212	166
TfIIEbeta	138	163	131	111	212	182	170	133
LOC141460051	1420	1496	1451	1544	2201	2276	2170	1498
LOC141460042	117	106	96	90	135	79	73	115
stet	144	127	204	200	244	127	159	185
Shmt	720	1151	1120	725	829	2152	2522	1009
LOC141460041	0	0	0	0	0	0	0	0
Hip14	1125	1005	1364	1387	1882	1248	1279	1327
LOC141460047	112	85	116	76	163	84	56	103
LOC141460043	1	0	2	0	0	3	0	1
LOC141460056	0	0	0	1	2	0	0	0
LOC141460057	0	0	0	0	0	0	0	0
LOC141460863	311	463	525	642	751	565	536	722
LOC141460871	81	59	106	77	120	26	73	132
LOC141460870	54	58	113	60	131	18	62	128
LOC141460873	7	4	14	6	7	3	6	14
LOC141460868	2	3	8	8	14	1	1	6
LOC141460872	8	5	16	14	20	4	3	9
U3-55K	116	128	130	122	238	268	258	187
LOC141460858	140	128	205	132	148	288	256	83
sosie	53	41	39	47	47	35	36	47
LOC141460865	0	0	0	0	0	0	0	0
LOC141460866	0	0	0	0	0	0	0	0
LOC141460860	113	161	155	155	149	160	153	109
LOC141460751	1	0	0	0	0	1	0	0
TRNAY-GUA_7	0	0	0	0	0	0	0	0
LOC141460862	0	0	0	2	0	0	0	0
TRNAT-AGU_2	0	0	0	0	0	0	0	0
TRNAT-AGU_3	0	0	0	0	0	0	0	0
LOC141460869	0	1	0	0	0	0	0	0
LOC141460322	6	8	17	3	6	15	10	2
LOC141460321	0	9	2	9	10	10	7	4
LOC141460112	2	0	0	2	1	4	1	0
LOC141460111	2	2	1	1	3	1	1	2
LOC141461090	4	2	3	8	8	1	0	3
LOC141461088	30	34	31	11	42	28	26	27
LOC141461089	31	58	32	40	49	50	37	40
LOC141461087	0	1	0	1	3	2	2	3
LOC141461085	961	725	1109	1139	1738	967	1116	1373
LOC141461083	0	4	1	0	0	0	0	0
LOC141461261	0	0	0	0	0	0	0	0
LOC141460889	0	0	0	1	2	0	0	0
TRNAS-UGA_1	0	0	0	0	0	0	0	0
TRNAS-UGA_2	0	0	0	0	0	0	0	0
LOC141461091	4	0	1	2	4	0	0	0
LOC141461082	22085	28699	24789	22594	30715	39772	33115	27174
LOC141461328	326	325	347	328	468	414	362	393
LOC141461327	1686	1599	1976	1887	2590	2037	2056	2058
Idi	257	294	276	304	428	379	333	339
LOC141461330	57	49	65	45	53	47	51	50
LOC141461043	13	21	15	16	16	20	5	11
LOC141461039	322	300	400	387	432	363	394	366
fbl	798	754	964	987	1365	1027	1462	1026
LOC141461041	366	392	420	399	734	646	604	531
eRF1	1351	1395	1737	1660	3029	2867	3371	2367
LOC141461051	1615	1514	2104	2278	4514	3039	3113	3287
LOC141461047	11	7	15	22	16	11	4	12
LOC141461046	163	148	132	133	90	179	70	52
LOC141461049	1075	1037	1224	1151	1944	1791	1508	1454
Dref	673	667	789	704	1076	891	874	800
LOC141461050	1139	1096	1367	1296	1706	1390	1347	1244
LOC141460305	82	78	74	66	64	58	59	36
LOC141460750	118	98	70	85	122	137	51	76
ais	391	416	441	431	753	642	611	552
LOC141461052	1041	900	1140	1138	1452	1110	1156	1079
LOC141461056	2256	1948	2233	2124	2333	1693	1414	1473
LOC141461060	11	8	19	12	28	17	13	15
LOC141461054	1035	963	1208	1121	1542	1062	1042	1119
Rheb	1020	979	1321	1093	1329	1051	1154	1157
LOC141461059	8	25	16	15	3	18	14	6
LOC141461058	8	12	23	9	12	5	4	6
LOC141461061	16	17	25	16	17	7	5	6
LOC141461063	8	5	5	4	1	2	2	20
LOC141461068	0	3	0	0	0	2	0	1
LOC141461067	61	48	77	62	42	68	48	36
LOC141461065	132	186	177	127	97	167	119	65
LOC141461064	291	383	308	275	235	317	311	140
LOC141461018	4	2	0	0	2	0	0	2
LOC141461015	540	574	589	576	1075	1453	1189	997
Scgbeta	147	144	126	157	259	190	216	242
LOC141461012	631	734	686	584	1261	1141	938	930
LOC141461017	210	227	256	248	429	351	263	315
LOC141461011	1226	1168	1260	1119	2201	1443	1139	1475
LOC141461169	108	138	112	81	170	75	114	159
LOC141461009	2604	2749	2954	2554	3370	4119	3607	2649
DPCoAC	209	250	214	262	364	370	388	305
LOC141461010	86	43	97	102	85	48	53	61
LOC141461199	209	142	272	213	348	173	167	277
LOC141461206	0	0	0	0	0	0	0	0
LOC141461204	0	1	2	1	2	1	0	0
LOC141461205	2	3	0	1	0	1	1	3
LOC141461200	1176	1287	1311	1196	1670	1343	944	928
LOC141461202	45	63	66	63	101	88	57	64
LOC141461203	107	125	152	108	176	133	92	132
LOC141460174	45	55	65	73	72	74	30	43
LOC141461207	150	198	217	149	143	160	96	101
LOC141460892	25	39	59	37	73	65	37	60
LOC141460893	21	25	26	18	20	25	21	24
Oseg6	859	756	957	928	1091	753	720	870
LOC141460575	35	38	56	23	64	45	52	40
LOC141460573	593	563	667	603	1041	848	743	767
INPP5E	995	824	1078	931	1382	860	901	1033
Usp7	1036	771	1383	1436	1530	1225	1645	1614
LOC141460563	1272	1239	1277	1314	1997	1678	1460	1550
Dbp73D	107	136	149	174	255	314	316	210
OtopLa	7253	6091	8608	8008	11883	6595	6536	8854
LOC141460587	0	1	0	1	1	0	0	1
LOC141460585	2	1	0	0	1	1	3	2
LOC141460571	1150	1140	1190	1117	1914	1579	1347	1367
LOC141460568	194	188	196	167	197	177	150	145
Vti1b	135	147	187	163	273	247	206	179
LOC141460560	251	314	367	312	244	225	237	199
red	83	64	105	119	148	103	122	140
LOC141460556	603	566	818	694	858	595	630	649
LOC141460567	16	8	16	7	17	14	12	16
Sec5	561	574	669	648	1203	963	912	840
LOC141460586	2	8	7	13	8	1	2	2
LOC141460588	7	5	5	8	4	4	1	2
LOC141460548	2229	2325	2718	2752	2952	2462	2342	2103
NANS	1389	1231	1396	1368	2189	1347	1262	1316
LOC141460558	418	383	457	477	622	573	663	435
Dok	920	1121	1136	1282	1541	1470	1342	1085
Acf	1675	1475	1950	1751	2585	1954	1998	2022
LOC141460590	3	2	4	4	4	3	4	0
LOC141460557	1635	1669	1853	1892	4188	5311	5868	3732
LOC141460572	1705	1599	1972	1976	3346	1984	2083	2444
LOC141460589	63	25	48	44	81	52	33	49
LOC141460582	84	21	65	61	62	31	45	44
LOC141460562	92	61	106	95	180	103	82	119
LOC141460583	43	26	30	52	51	45	29	50
LOC141460579	99	129	95	95	99	112	62	84
LOC141460578	41	40	60	32	49	54	31	30
LOC141460581	19	16	17	14	25	22	17	23
LOC141460584	41	57	46	35	32	42	24	28
LOC141460603	11	4	5	3	8	4	7	2
LOC141460602	47	41	43	44	38	35	17	26
LOC141460604	3	8	7	3	10	7	4	7
LOC141460600	175	202	152	164	218	180	161	150
LOC141460596	223	255	254	256	410	680	567	347
gig	2719	2463	2937	2654	2585	1904	1757	1931
LOC141460592	164	186	135	164	161	136	82	156
LOC141460595	235	222	236	237	440	348	273	320
LOC141460593	8	4	1	1	7	5	4	2
LOC141460601	14	17	3	12	3	9	13	10
wge	4492	2438	5104	4367	4955	2637	2989	3678
LOC141460606	3	0	1	0	0	2	1	2
LOC141460612	17	21	26	25	39	26	35	38
LOC141460609	632	732	725	669	664	586	444	569
LOC141460607	1510	1357	1269	1582	1633	1000	802	900
LOC141460611	16	7	13	13	17	11	13	15
LOC141460610	326	341	338	390	478	330	209	312
LOC141460397	249	223	218	255	397	291	207	239
Fbxl7	138	119	154	168	265	173	146	213
LOC141460402	54	50	75	51	40	46	35	21
LOC141460403	408	335	403	356	602	361	280	296
LOC141460396	205	182	192	185	278	192	125	174
LOC141460400	6	13	25	17	24	22	11	21
LOC141460399	27	17	17	20	38	36	26	25
LOC141460398	98	97	120	95	152	91	105	90
LOC141460395	27	33	49	32	104	32	39	52
LOC141460401	0	5	4	4	3	3	2	2
LOC141460275	0	0	1	0	0	0	0	0
LOC141460404	58	75	100	104	130	110	77	88
LOC141460405	0	0	0	0	0	0	0	0
LOC141460393	0	0	0	0	1	1	0	0
LOC141460891	0	0	1	0	0	0	0	3
LOC141461259	2	2	2	0	1	1	2	0
LOC141460392	991	687	1180	1146	1587	789	796	1137
LOC141460313	1	0	0	0	1	0	1	4
LOC141460391	0	0	2	0	0	1	0	0
LOC141460456	0	0	0	0	0	0	0	0
LOC141460201	0	0	0	0	0	1	2	0
LOC141461188	12	3	10	16	10	12	3	7
KCNQ	793	597	908	805	1119	575	605	728
LOC141461185	2	5	1	2	0	2	0	2
mRpS11	212	210	271	255	435	481	433	358
LOC141461186	325	701	679	589	73	9905	11849	184
LOC141460133	102	325	111	381	1	10004	12415	12
LOC141460132	15620	26068	22716	21560	4	39179	30937	2561
LOC141461163	38	99	56	95	1	1049	3740	18
LOC141460848	5103	7290	6753	6168	2	21008	13668	959
LOC141461208	0	0	0	0	0	0	0	0
LOC141461254	0	0	2	0	0	0	0	0
LOC141460247	1	0	1	1	0	3	0	0
LOC141460245	0	2	1	0	0	0	0	0
LOC141460244	4019	6315	3904	3079	0	406	494	21
LOC141460461	10	6	9	12	0	5	9	0
LOC141460460	679	1040	828	880	0	224	141	3
LOC141460458	5	4	11	13	0	8	6	1
LOC141460776	3219	4965	4106	4206	0	2679	2380	107
LOC141460613	3364	5448	4533	4146	0	4350	3684	187
LOC141461310	0	0	1	0	0	0	0	0
LOC141460490	736	677	820	759	1335	818	809	862
LOC141460105	0	0	1	3	1	0	0	1
LOC141460200	0	0	3	0	4	0	0	5
LOC141460493	0	0	0	0	0	0	0	0
LOC141460483	0	3	4	4	6	2	6	7
LOC141460488	433	176	263	536	581	309	483	488
LOC141460492	3	7	3	3	2	7	6	6
LOC141460486	30	5	12	32	14	10	78	14
TRNAA-AGC_3	0	0	0	0	0	0	0	0
Scgdelta	248	203	236	243	377	285	202	340
TRNAA-AGC_4	0	0	0	0	0	0	0	0
TRNAA-AGC_5	0	1	0	0	0	0	0	0
TRNAA-AGC_6	0	0	0	0	0	0	0	0
TRNAA-AGC_7	0	0	0	0	0	0	0	0
TRNAA-AGC_8	0	0	0	0	0	0	0	0
LOC141460298	7	5	4	8	12	11	7	8
Ptp10D	1605	970	1476	1479	1209	821	1365	1092
LOC141461544	2	0	0	0	0	0	0	0
Mgat2	1082	903	1355	1222	1316	1028	938	1026
arr	830	718	1040	1023	1382	1192	1362	1105
LOC141460640	0	2	1	1	2	8	1	2
jing	2202	2003	2324	1997	2257	1214	1000	1239
LOC141460642	0	0	5	1	3	0	0	2
Med	1305	1262	1706	1562	2156	1565	1540	1677
LOC141460638	932	980	987	1077	2012	1453	1352	1294
Sou	399	414	457	381	472	459	438	365
LOC141461497	26	6	27	17	17	10	11	25
LOC141461499	151	136	120	143	255	284	227	208
LOC141461502	352	378	512	526	1055	737	312	730
LOC141461504	110	91	120	112	186	104	89	96
Prp3	525	522	537	500	926	762	807	714
jef	4483	3788	5313	5293	8106	4664	5178	6594
Adar	2088	1892	2278	2190	3296	2443	2436	2291
LOC141461507	488	630	645	540	620	617	446	445
LOC141461500	939	993	1037	1002	1368	1089	902	933
Rcd1	803	766	861	920	1285	1018	998	871
amrt	466	520	485	531	791	708	636	571
Dhpr	1381	1618	1497	1485	2754	2589	1915	2306
Pdcd4	1066	903	1223	1151	1155	838	992	807
LOC141461511	9	4	4	11	3	4	2	4
Scsalpha1	1648	1652	1656	1766	3160	2540	2184	2324
Tnks	395	405	498	444	651	553	501	456
LOC141461509	53	61	68	47	88	75	71	57
LOC141461512	767	884	913	871	1416	1248	1185	1164
Stt3B	816	901	1178	1120	2093	2832	3043	1894
CCAP	1983	2445	1882	1884	2639	2386	1618	2103
LOC141460761	18	3	28	15	15	17	18	5
LOC141460752	921	829	1025	1011	1491	974	875	1118
Cog7	274	341	311	336	426	349	370	335
ZnT49B	738	695	794	819	1114	861	759	764
LOC141460756	863	705	754	730	1012	712	562	737
LOC141460758	318	271	363	347	425	276	256	272
LOC141460753	1531	1353	1822	1590	2482	2126	2020	1862
LOC141460760	0	0	0	0	0	4	1	0
LOC141460759	0	3	2	4	2	2	2	2
LOC141460107	1	0	0	1	0	1	1	0
LOC141460106	8	6	19	7	17	8	4	6
LOC141460327	140	258	124	218	140	465	383	237
LOC141460323	19996	25634	24160	27219	40728	27410	24558	25521
LOC141460333	0	0	2	0	1	0	0	0
LOC141460324	21	14	26	172	53	60	13	58
LOC141460326	74	91	193	113	36	51	69	39
LOC141460330	5	10	5	16	2	3	1	4
LOC141460332	0	0	0	0	0	2	3	0
LOC141460334	0	4	0	4	0	4	2	0
LOC141460331	45	87	102	68	10	82	34	21
LOC141460329	368	1010	1167	503	100	569	283	107
LOC141460459	10	3	3	7	3	9	12	17
LOC141460325	8	20	26	11	0	12	6	2
LOC141460328	18	15	32	13	16	61	42	40
LOC141460297	21	19	17	29	38	11	17	23
ND-42	1130	1150	1247	961	1783	1989	1604	1430
Mtpbeta	2292	2220	2337	2305	2686	2824	2896	1978
Nrx-1	2743	2045	3328	3006	5221	2891	3261	4162
LOC141460967	20	140	44	16	60	286	323	73
LOC141460968	0	0	0	0	0	0	0	0
LOC141460966	495	488	521	613	738	649	648	553
LOC141460961	571	538	574	544	888	666	571	530
LOC141460962	117	70	139	102	156	121	72	108
LOC141460963	2549	2472	3103	2729	3172	2463	2166	2238
kra	1298	1396	1523	1395	2537	4375	4360	2504
NAT1	3661	3075	4602	4199	5338	4242	4927	4338
Syx13	938	868	1073	1047	1366	968	884	927
pns	2461	1918	3254	2977	4216	2388	2820	3163
mRpL21	345	340	349	360	621	666	554	502
LOC141460973	121	130	146	96	142	265	233	110
LOC141460970	938	805	1161	1075	1286	869	890	925
BCAS2	204	213	217	227	460	362	295	342
mRpL43	238	278	245	236	462	487	367	353
ND-PDSW	1235	1495	1412	1389	2475	2315	1968	1864
LOC141460972	161	325	415	285	104	340	377	160
LOC141460979	58	115	21	51	10	30	33	12
LOC141460988	11	14	3	9	7	2	2	7
LOC141460983	0	1	1	0	0	0	1	0
LOC141460984	14	8	11	15	22	22	17	16
LOC141460987	201	237	223	217	277	373	243	201
LOC141460981	543	465	665	582	790	576	548	634
LOC141460986	1243	1148	1303	1247	2092	1589	1542	1447
LOC141460985	838	777	1003	820	832	841	879	716
LOC141460980	726	518	763	776	1249	678	803	961
LOC141460989	2	0	2	0	0	1	1	0
LOC141461518	0	0	0	0	1	0	0	0
LOC141460462	0	0	0	0	0	2	0	0
LOC141460463	63	57	68	64	112	60	61	88
LOC141461179	4	1	2	4	3	0	3	2
LOC141461180	1111	1291	1252	1020	1223	1286	1166	1064
mRpL33	229	232	225	244	460	493	469	436
Cyp4g15	441	308	365	392	758	484	520	530
LOC141461183	27	18	15	17	28	25	14	13
Nup154	1222	994	1325	1292	2284	2280	2263	1919
Ada2b	561	509	699	660	831	612	660	638
LOC141460198	0	0	0	0	0	0	0	0
Ppn	1584	2610	2676	2373	1167	2266	2942	1353
LOC141460197	0	0	0	0	0	1	0	0
LOC141460191	8	1	3	2	2	1	0	6
Sbp2	529	460	553	535	909	723	595	671
Trpgamma	5659	4577	6550	6262	8929	4500	5117	6258
LOC141460189	1	1	0	0	2	2	1	2
LOC141460190	5	3	3	2	2	8	4	9
LOC141460192	25	48	44	36	78	130	152	107
LOC141460194	1779	2916	1961	1620	1369	3259	2726	1369
LOC141460195	398	600	451	318	4	716	575	33
LOC141460184	35	39	36	28	34	16	19	20
LOC141460182	311	371	400	313	13	321	286	13
LOC141460186	723	1355	1373	1149	808	780	799	573
LOC141460187	41	68	26	73	11	42	31	8
LOC141460318	9	8	12	9	9	5	2	4
LOC141460477	1	13	9	6	2	9	7	4
LOC141460317	99	210	113	160	216	186	152	97
LOC141462081	15	30	14	34	31	36	32	30
LOC141462096	0	1	0	1	0	1	0	0
LOC141462102	5	4	4	9	6	8	6	2
LOC141462106	1	0	1	1	0	1	4	3
LOC141462103	4	0	2	7	1	5	4	1
LOC141462082	0	0	1	0	0	0	0	5
LOC141462084	0	0	0	0	0	0	0	5
LOC141461934	0	0	0	0	0	0	0	0
LOC141462085	3	0	0	1	1	0	0	0
LOC141461935	0	0	0	0	0	0	0	0
LOC141461937	0	1	0	0	0	0	0	0
LOC141461938	0	0	0	0	0	0	1	0
LOC141461939	0	0	0	0	0	0	0	0
LOC141461940	0	0	0	0	0	0	0	0
LOC141462083	0	1	0	0	0	0	1	0
LOC141461941	0	0	0	0	0	0	0	0
LOC141461944	0	0	0	0	0	0	0	1
LOC141461945	0	0	0	0	0	0	0	0
LOC141461948	49	82	60	88	67	41	30	47
LOC141461947	0	0	0	0	0	0	0	0
LOC141461953	1	0	0	0	0	0	0	0
LOC141461954	0	0	0	0	1	1	0	1
LOC141462107	3	9	1	4	0	4	8	0
LOC141462086	0	1	0	0	0	0	0	0
LOC141462087	0	0	0	0	1	0	0	0
Sema1a	232	133	235	241	375	193	216	282
LOC141462053	22	15	25	13	12	18	6	7
LOC141462051	360	249	381	326	325	266	212	222
orb2	2783	2169	3138	3192	4096	2787	3168	3391
Rab23	150	84	142	128	57	35	48	71
LOC141462058	254	221	296	316	348	332	346	269
betaCOP	1768	1848	1997	1939	3615	4509	4989	3110
LOC141462059	1556	1432	1853	1754	2280	1539	1610	1564
LOC141461612	421	425	449	427	915	1186	1132	933
mei-41	474	432	578	528	817	643	600	565
LOC141462061	0	0	0	0	0	0	0	0
Calx	1113	1278	1136	1135	1644	1252	1095	1063
PNPase	220	228	283	253	699	836	816	590
LOC141461743	467	493	519	416	872	632	518	672
LOC141461973	0	0	3	2	0	1	2	4
Ts	266	274	269	271	682	1146	826	474
LOC141461974	1015	1013	1064	1054	1836	1271	1105	1196
Ipk1	491	527	628	553	595	745	846	489
Hr51	357	263	381	326	505	247	276	429
LOC141462030	1238	1464	1437	1088	1136	1003	878	948
LOC141462029	671	587	675	591	774	693	616	556
LOC141461584	106	80	96	105	106	304	94	121
RpL31	4164	4491	4170	3556	3278	4531	4143	3036
LOC141462066	708	573	744	623	790	694	565	628
LOC141462068	259	279	283	235	493	436	403	397
LOC141462070	480	356	635	566	732	389	475	671
LOC141461629	4112	4247	4425	3879	6339	4695	3501	4582
LOC141461875	0	3	0	0	0	2	2	1
Tbc1d22	814	722	932	900	1348	1031	1027	972
LOC141461830	207	247	242	205	357	331	271	221
MAPk-Ak2	687	683	730	815	1113	954	1009	903
LOC141461829	625	761	723	635	655	607	469	494
LOC141461831	96	114	122	113	126	149	120	142
LOC141461908	0	0	0	0	0	0	2	0
galene	67	52	61	52	117	69	63	70
Trpm	1468	1120	1683	1480	1910	1573	1853	1415
LOC141461887	0	0	0	0	0	0	1	3
Clbn	937	807	949	928	1373	1044	981	974
LOC141461905	1453	1681	1709	1271	1091	1527	1377	1095
LOC141461904	451	357	567	621	870	777	961	819
LOC141461909	0	4	1	1	5	3	4	4
LOC141461907	5	5	14	6	10	27	19	2
LOC141461836	519	756	561	486	13	1771	1175	57
rg	987	498	1204	888	1205	898	1086	1297
LOC141461733	334	327	357	323	608	467	324	395
TpnC41C	1067	371	1467	3682	48	120	9	1037
Septin2	1480	1341	1653	1664	3329	2519	2534	2603
Gbeta5	2154	1893	2292	2448	4220	2695	2537	3348
LOC141461997	17	7	28	14	22	13	17	8
LOC141461605	0	0	2	0	0	0	0	0
LOC141461721	23	12	23	42	20	24	13	22
Cib2	257	263	292	254	551	318	248	318
kay	559	457	642	608	902	538	637	609
LOC141461802	1131	1050	1227	1176	1882	1522	1424	1453
a	231	179	242	281	334	266	306	270
LOC141461798	2053	1673	2418	2220	3242	1895	1869	2501
LOC141461801	46	40	68	59	71	51	69	104
LOC141461857	656	883	499	582	462	689	483	744
LOC141462064	218	188	284	244	324	243	246	311
cert	1318	1244	1593	1512	2619	1767	1913	1905
Nipsnap	1211	1570	1406	1214	1490	1544	1208	1048
LOC141461617	273	258	282	250	529	415	408	405
LOC141461620	524	464	574	464	655	775	678	596
Ir40a	12	1	13	9	6	5	3	4
LOC141461616	2819	2558	3447	3038	5508	4698	4996	4339
ND-B17	855	1039	951	924	1546	1452	1192	1173
Ufd1	958	971	1155	1056	1892	1583	1531	1394
LOC141461622	3850	2865	4532	3927	6742	3415	3713	4676
HDAC11	1130	1063	1183	1245	1558	943	1219	1230
Dhc62B	21	19	6	5	4	2	2	0
LOC141461963	0	0	1	0	0	0	0	0
LOC141461625	0	1	1	0	0	0	0	1
LOC141462065	0	0	0	0	0	0	0	0
Capa	201	572	336	386	332	647	438	556
LOC141461655	1	3	1	1	0	7	4	2
LOC141461964	0	0	0	0	3	0	0	0
LOC141461767	0	2	0	0	0	0	0	0
LOC141461744	0	1	0	0	0	0	0	0
LOC141461745	0	0	0	0	0	0	0	0
ERR	753	720	1016	1002	1256	1048	1192	1050
spn-A	17	11	15	17	54	65	27	27
Neurochondrin	517	489	642	822	745	842	639	712
LOC141461771	300	450	538	427	477	422	447	418
LOC141461774	46	82	130	38	6	19	20	6
LOC141461602	1656	1793	1989	1607	450	2082	2124	398
Pvf1	1563	1830	1879	1849	2341	2155	1802	1809
Ufsp2	285	297	327	302	464	517	452	306
ScpX	3091	3106	3220	3075	4026	4084	3719	3088
up	4327	3341	4878	10109	896	2256	969	2650
xit	802	822	779	729	1283	1704	1743	1041
ArfGAP3	522	554	609	648	951	1097	1454	813
LanB1	3078	3029	3660	3565	3981	3769	3483	3179
Fic	593	529	591	540	724	657	555	539
LOC141461762	677	884	891	827	1111	1152	944	967
LOC141461761	242	259	247	240	293	254	236	238
Nrk	759	738	803	802	1310	1073	1020	964
LOC141461763	1111	1118	1370	1259	654	1328	1429	586
LOC141461764	1088	1260	1328	992	666	671	555	510
LOC141461822	0	2	0	1	5	0	3	1
LOC141461765	279	201	315	355	413	245	260	364
LOC141461965	1	0	5	2	1	1	1	8
LOC141461966	5	5	11	0	4	3	1	6
LOC141461604	2	2	9	2	7	7	3	5
LOC141461739	11	7	29	23	20	13	9	20
LOC141461757	6	1	4	0	3	4	1	7
LOC141461848	3	3	8	0	7	3	1	3
LOC141461810	9	3	7	9	13	14	2	17
LOC141461737	4	2	0	1	0	2	1	3
LOC141461738	0	1	0	0	1	1	4	3
LOC141461756	1	3	3	0	1	2	1	1
LOC141461967	0	0	0	0	0	0	0	0
LOC141461586	1	3	2	3	1	2	0	2
LOC141461758	0	0	1	0	1	0	0	0
LOC141461957	1	3	4	3	2	3	1	2
LOC141461709	6	0	6	4	7	5	3	6
LOC141461710	4	2	11	7	5	6	0	12
LOC141461712	6	10	18	6	14	5	5	15
LOC141461708	0	0	2	0	0	0	0	0
DNAlig4	1123	1016	1250	1137	1164	942	861	852
LOC141462026	2145	2952	2557	2426	3897	2175	1837	1992
wal	1024	1145	1147	1054	1291	1340	1302	999
LOC141462033	8	9	7	2	19	12	9	22
LOC141462032	440	448	516	507	755	598	756	483
Nipped-B	561	277	698	688	700	355	474	579
LOC141462005	129	104	112	111	132	96	94	106
LOC141462003	36	57	52	48	79	53	29	58
LOC141462002	3008	3345	3562	3457	5610	3847	3258	4142
LOC141462004	15	18	25	9	37	13	18	24
LOC141461704	239	159	332	330	366	253	349	362
LOC141461706	130	680	605	271	17	56	29	12
LOC141461705	2915	2827	3371	3181	4787	2981	2802	3118
LOC141461713	19	11	14	10	17	12	12	11
LOC141461714	3250	3401	3603	3900	6354	4039	3397	4556
LOC141461715	101	85	106	110	169	100	79	89
LOC141461716	2362	2176	2977	2924	3476	2647	2716	2707
Gat	7892	8077	8352	9241	13811	10383	8823	10538
LOC141461792	1406	1408	1522	1313	2392	1636	1240	1871
Klp10A	1629	1481	1820	1688	2771	1889	1807	2150
LOC141461791	72	153	111	146	39	89	74	30
slim	758	669	716	691	996	814	752	674
Galphai	1038	1057	1252	1149	1416	1325	1015	1123
LOC141461852	0	1	0	1	0	0	0	0
LOC141461980	1325	1142	1791	1764	2255	1579	2088	1696
LOC141461861	24	21	32	29	29	12	13	12
LOC141461859	4180	3086	4194	4001	5828	3028	3121	3609
Bub3	1426	1415	1395	1255	859	794	654	677
LOC141462013	251	493	483	402	100	360	424	68
GCS2beta	1972	2143	2067	1980	3642	3359	2897	2517
MTA1-like	925	681	1061	1012	1300	1075	1219	1122
LOC141461813	1784	1903	1944	1713	2299	2163	2071	1592
LOC141461590	361	441	311	471	715	574	475	489
LOC141462109	0	1	0	0	0	0	1	0
ktub	592	473	645	535	705	459	461	492
Bap170	1194	1068	1380	1272	1746	1036	1070	1292
yellow-c	762	866	1295	1068	602	825	585	624
Sgf11	121	101	159	153	222	168	140	171
LOC141461594	380	326	417	390	456	617	577	347
LOC141461595	848	960	882	882	1492	1343	1281	1181
LOC141461597	1493	1415	1905	2022	1590	1125	1147	1372
LOC141461598	8	12	8	8	10	6	3	8
LOC141461601	177	184	195	219	329	278	311	252
Myo81F	222	117	198	163	294	158	173	226
Ppa	835	846	941	937	1423	1169	1078	1145
LOC141462089	200	130	284	234	297	206	318	311
LOC141462090	17	18	16	22	24	16	12	32
LOC141461898	1584	1397	1898	1779	2923	2431	2330	2405
LOC141461897	10	5	6	8	16	10	2	5
side-II	1764	1703	2139	1652	3081	1966	1877	2343
LOC141461900	0	2	0	0	1	0	0	0
LOC141461776	46	44	66	63	79	34	47	86
LOC141461796	9	3	5	12	18	2	5	8
LOC141462062	0	0	0	0	0	0	0	0
LOC141461653	1462	2158	2026	1487	4	2945	2926	97
LOC141462039	13	15	24	14	24	15	17	16
Bcat	1707	1616	1839	1921	2317	2092	2212	1882
Naa35	2653	2514	3178	2597	2450	2063	2034	1678
Sdb	16660	14135	21906	20593	19348	12348	14633	12352
LOC141461877	189	173	172	126	176	171	132	132
LOC141461878	3	7	7	1	8	2	1	4
LOC141461797	16	1	5	6	15	2	4	9
AMPdeam	2528	2827	3354	2997	3613	3383	3532	2752
LOC141461982	1	4	1	2	0	3	3	3
IleRS	914	904	980	1047	2408	2929	3027	2065
Vdup1	240	229	301	287	392	307	283	279
LOC141462045	0	0	0	0	0	0	0	0
Hr78	511	386	746	628	762	534	702	722
onecut	1837	1279	1969	1713	2603	1399	1431	1866
LOC141461868	560	634	613	569	765	711	652	540
cos	714	702	771	792	1380	1056	1061	1001
LOC141461867	395	324	433	523	628	496	483	367
LOC141461869	10	9	14	13	24	11	14	14
LOC141461870	38	47	57	40	88	51	36	44
LOC141461866	478	415	593	557	818	490	598	595
LOC141461633	261	232	310	248	523	458	370	447
Gld	2	4	5	6	1	0	0	17
LOC141461659	1	1	3	0	0	0	0	0
LOC141461658	0	0	0	0	0	0	0	0
LOC141461657	10	6	9	4	13	6	3	7
Fem-1	253	165	327	269	321	217	234	281
LOC141461719	0	0	0	0	0	0	0	0
LOC141461720	14	8	18	18	5	5	7	8
LOC141461818	1	1	1	4	2	1	0	0
tup	305	478	455	413	366	767	645	237
ssp3	803	783	893	856	1247	967	928	971
spz6	383	332	352	364	594	497	414	410
LOC141462008	98	82	89	96	207	125	102	174
LOC141462009	2	0	1	1	4	1	1	1
LOC141461838	2277	2149	2884	2463	3622	2674	2636	2698
LOC141461840	0	0	0	1	0	2	1	0
Mlp60A	3376	3863	4214	5145	1456	2427	1834	2071
larp	785	438	880	912	984	881	1165	903
LOC141461725	98	39	101	75	145	38	53	116
LOC141461732	20	9	10	10	21	17	14	12
LOC141461727	559	700	659	656	990	848	674	666
LOC141461731	655	524	706	657	918	725	672	660
Pi3K68D	1024	749	1273	1243	1463	999	1216	1256
mst	823	827	874	849	666	589	566	475
LOC141461730	340	340	308	302	371	255	230	310
LOC141461728	251	284	257	239	412	454	381	319
Dnai2	102	44	95	119	130	43	44	57
LOC141461683	640	597	709	694	1107	951	912	761
LOC141461684	9	9	3	4	15	10	7	6
PKD	1311	1040	1516	1559	1981	1298	1448	1522
RhoGAPp190	2795	2666	3219	3089	5053	3511	3596	3721
Achl	182	196	197	219	461	324	274	311
LOC141461692	21	26	25	26	29	40	19	22
LOC141461687	923	908	1088	1058	1330	1164	1228	980
LOC141461691	265	291	318	250	349	255	223	253
wwk	1195	886	1599	1344	1450	773	929	1246
LOC141461689	0	0	0	0	0	0	0	0
LOC141461693	1192	1009	1471	1265	1571	1171	1182	1173
LOC141461695	128	116	130	173	257	269	264	208
Etf-QO	877	915	968	986	1662	1574	1468	1134
Pcd	995	1235	1194	968	1590	1679	1324	1134
LOC141461677	2480	2542	2934	2706	4751	3804	3412	3289
muskelin	1089	1111	1250	1217	1942	1686	1739	1589
Pex11ab	458	453	502	507	712	785	815	523
LOC141461670	6633	5789	7526	7204	11894	7111	6625	8755
LOC141461674	962	1017	1133	1071	1727	1282	1066	1339
LOC141461673	574	534	674	526	720	647	638	524
LOC141461667	205	173	270	259	300	282	252	203
LOC141461675	201	222	226	226	403	457	564	349
LOC141461671	496	467	579	473	682	503	490	515
endos	913	906	1023	976	1462	1275	1240	1200
LOC141462093	806	798	849	814	1215	1024	1028	913
LOC141461660	168	28	100	197	37	37	72	115
LOC141461718	51	37	46	115	18	23	71	81
LOC141461700	504	591	469	611	374	299	231	190
Snap25	13798	12534	15716	15505	23638	14107	14384	16939
mRpL11	243	268	281	278	481	734	706	449
Gos28	553	554	605	650	852	738	598	576
unc-119	237	172	378	325	434	426	371	349
mRRF2	559	604	651	589	724	701	558	491
Ptp99A	264	152	342	331	478	257	369	428
LOC141461702	3168	2894	3685	5745	1502	1746	1594	1972
LOC141461826	467	446	419	378	486	424	340	370
Graf	1122	955	1656	1751	1710	1294	1666	1473
Rme-8	982	787	1248	1218	1434	1337	1559	1237
LOC141461990	63	68	73	65	148	109	111	93
LOC141461989	843	876	1072	924	1664	1256	1298	1200
LOC141461988	748	925	993	725	1022	1172	974	860
LOC141461626	189	187	211	231	317	281	318	254
LOC141461665	99	136	220	141	32	100	79	41
kcc	3302	2003	4158	4287	4883	2255	2982	4526
LOC141461779	841	898	804	755	1073	1045	906	799
Coq7	254	296	265	293	395	271	241	266
LOC141461781	2139	2386	2260	2302	3120	2897	2216	2275
LOC141461783	1830	1981	1956	1779	1899	1482	1551	1454
LOC141461785	5	11	3	5	7	8	11	3
S1P	985	914	1125	1251	1817	1514	1653	1408
Mip	6016	6397	6120	6554	9949	6666	5668	7317
LOC141461786	1	0	1	1	1	0	0	0
LOC141461952	12	6	9	7	15	8	7	11
l(3)76BDm	1041	1046	1257	1219	1780	1598	1403	1420
LOC141461930	32	30	41	33	47	39	30	31
Spase22-23	651	730	671	665	1373	2143	2036	1125
Noa36	1108	1224	1190	916	538	605	453	400
LOC141461925	1180	1718	1292	796	149	595	594	132
LOC141461920	3035	2917	3639	3567	3287	2713	2489	2102
lgs	1372	1030	1450	1313	1570	1299	1465	1270
LOC141461928	1087	1178	1282	1130	1664	2087	1433	1405
LOC141461932	454	453	473	440	673	559	493	489
LOC141461911	24	10	25	19	20	18	7	4
LOC141461921	16	11	19	13	47	9	7	15
LOC141461919	1952	1883	2348	2320	3686	3906	3809	2794
LOC141461931	1	0	0	3	0	0	1	0
LOC141461915	1492	1159	2106	1896	2107	1531	1672	1675
LOC141461912	4562	4258	5402	4819	7300	5366	4886	4950
Hem	1984	1916	2328	2281	4294	3476	3392	3186
Mef2	1586	1157	1785	1666	1983	1339	1478	1547
LOC141461922	737	770	879	768	871	1407	1024	702
LOC141461910	2	0	0	0	0	0	1	0
LOC141462014	1455	1131	1665	1555	1986	1388	1435	1607
LOC141462015	137	118	137	91	170	144	107	105
LOC141462088	99	106	105	104	113	108	115	130
LOC141461951	3096	2725	3839	3606	5147	3946	4734	4462
LOC141461950	0	4	3	0	1	0	1	1
LOC141461734	3	4	1	3	5	6	4	6
LOC141462092	997	931	1185	1031	1301	1180	1298	1080
stol	4496	3407	5262	5039	7749	4187	4345	5685
LOC141461891	48	13	49	31	35	19	23	28
LOC141461890	1680	1149	2008	1602	2469	1298	1276	1976
brat	199	95	217	137	173	125	121	206
LOC141461987	348	339	327	342	622	541	435	444
Eps-15	1594	1204	1862	1878	2758	1800	2140	2221
LOC141461666	493	445	458	382	402	477	342	328
LOC141462028	960	933	1083	1131	1784	1504	1721	1374
LOC141462027	411	462	451	422	617	581	448	455
LOC141461588	996	1057	1052	1011	1517	1359	1248	1058
LOC141461735	9	3	12	9	11	10	9	5
LOC141461736	3	1	1	0	1	0	0	0
LOC141461609	392	440	615	354	683	488	420	575
PMCA	9866	8335	10841	10738	12266	10099	10958	9501
LOC141461611	0	0	3	2	0	0	1	0
LOC141461984	393	404	440	436	506	666	533	350
Hat1	2527	2487	2801	2404	2135	1876	1401	1664
SsRbeta	1376	1628	1485	1256	1595	3097	2884	1512
LOC141461881	3591	3453	3662	3483	4552	3169	3515	3429
LOC141461883	582	629	546	537	517	485	418	413
Sras	214	236	336	323	504	352	444	463
LOC141461837	0	0	0	0	1	1	0	0
LOC141461820	0	0	0	0	1	0	0	0
LOC141461821	0	0	0	0	0	0	0	0
LOC141461833	0	0	0	1	2	4	0	1
sstn	1282	1564	1623	1275	1890	1382	1259	1389
LOC141462074	46	57	57	60	79	56	26	49
LOC141462072	6	2	3	4	3	2	1	0
LOC141462075	0	0	0	0	1	0	0	0
LOC141461742	214	114	298	313	319	152	190	343
ct	308	199	440	413	509	192	343	447
LOC141461858	0	0	1	1	0	0	0	0
LOC141461863	0	0	0	0	0	0	0	0
LOC141461855	0	0	0	0	0	0	0	0
LOC141461864	0	0	0	0	0	0	0	0
LOC141461777	0	0	0	0	0	0	0	0
LOC141461806	0	0	0	0	0	0	2	0
LOC141461805	0	0	0	0	0	1	0	0
LOC141461811	2	4	3	1	2	0	2	2
LOC141461664	10	0	10	11	5	8	5	9
coro	72	82	129	128	137	91	169	171
Atg2	1058	987	1298	1200	1368	1188	1261	1038
Flo2	1157	1138	1179	1163	1898	1310	1038	1357
LOC141461842	1	0	1	1	2	3	2	1
LOC141461843	3	1	3	2	6	2	9	4
LOC141461845	33	4	22	32	22	10	21	47
LOC141461844	26	13	28	18	7	13	7	8
LOC141461847	8	8	12	3	4	8	14	7
LOC141462063	564	506	829	783	1067	929	1051	923
LOC141461681	260	144	238	366	458	296	221	276
LOC141462079	499	431	566	513	742	667	654	601
Invadolysin	237	177	318	296	296	182	236	299
yata	786	758	785	726	955	793	785	714
LOC141461960	8	8	9	15	13	11	11	4
LOC141461962	402	435	403	420	622	621	449	512
AkhR	93	183	243	122	20	67	57	27
LOC141462046	581	534	682	635	779	692	728	532
Wnt2	61	30	57	70	86	29	45	80
LOC141462048	16	12	28	21	22	23	7	11
Lamtor1	1325	1479	1353	1143	1291	1175	949	999
LOC141462023	364	297	417	346	697	685	573	521
Srr	81	187	195	65	6	29	9	6
Shc	602	689	626	651	1175	868	815	787
LOC141461880	46	46	41	41	93	69	56	49
LOC141461975	107	123	93	112	190	169	133	149
dop	3878	2909	4849	4612	5742	3858	4295	4961
Art4	272	232	354	353	549	544	618	519
cyst	1598	1305	1957	1817	2233	1516	1564	1645
LOC141461816	160	218	240	163	190	183	165	155
LOC141461815	456	460	500	475	739	649	482	530
LOC141461817	683	681	866	811	1046	919	1033	930
LOC141461663	246	216	255	233	246	103	148	179
Bdp1	535	558	535	566	835	682	618	573
NfI	309	283	343	381	431	255	258	278
LOC141462049	123	82	192	173	157	82	159	149
LOC141461752	1528	1399	487	314	405	97	152	392
Fntb	480	557	561	429	541	481	424	374
LOC141461751	0	0	2	0	0	0	0	1
LOC141461753	107	119	137	127	225	118	128	176
su(r)	461	397	584	508	819	961	2386	460
LOC141462091	11672	15766	15395	9349	3348	3613	2880	2411
LOC141461755	97	106	98	114	144	127	97	97
LOC141461747	1611	1438	2009	1801	2243	1714	1831	1918
LOC141461754	18	38	43	33	38	23	18	25
LOC141461749	1724	1680	2142	2133	2737	2011	1965	2151
SP2353	1988	1483	2191	2205	3731	2174	2062	3052
LOC141461896	1	0	1	5	2	5	2	0
LOC141461895	176	194	199	187	297	302	216	209
LOC141461893	595	640	724	641	780	779	798	655
Sec8	1199	1190	1367	1278	1830	1517	1469	1400
tinc	1245	967	1482	1221	2143	1052	1113	1509
pros	1137	835	1236	1019	1780	899	948	1341
LOC141462101	0	0	0	0	0	0	0	0
LOC141461740	0	0	0	0	1	0	2	1
LOC141461809	4	1	4	7	12	3	0	2
FMRFa	510	637	586	563	967	763	615	715
Rab19	324	284	414	394	460	447	419	361
LOC141462036	7	5	5	4	11	6	10	12
AMPKalpha	894	886	891	800	1585	1683	1469	1279
LOC141461662	0	0	0	0	2	1	0	1
hop	361	278	466	493	582	411	609	504
Br140	1484	1237	1835	1593	2156	1464	1445	1478
LOC141461903	519	584	611	540	951	883	866	710
sas	81	104	153	157	91	81	103	121
LOC141461808	0	1	1	0	0	0	0	0
LOC141461788	449	559	530	669	601	654	490	587
LOC141461999	104	69	82	88	144	115	113	80
Btk	1113	915	1389	1524	1919	1288	1323	1653
LOC141461993	76	76	105	123	134	161	188	109
wls	909	770	1028	1092	1790	1135	1144	1398
LOC141461992	77	83	123	106	107	45	64	85
LOC141461627	1	1	6	8	12	9	30	37
LOC141461661	2472	2764	2566	2618	4419	5989	4333	3294
LOC141462095	744	801	831	760	1262	1017	841	914
grh	7	1	9	16	5	5	2	3
toy	338	231	383	326	559	281	250	411
LOC141461851	788	737	962	839	1014	651	644	655
LOC141461850	434	236	402	428	656	265	373	500
LOC141461656	460	518	556	469	1036	787	665	703
Slmap	143	60	179	177	201	95	131	214
LOC141461635	144	147	194	159	214	303	268	179
LOC141461636	1291	1340	1553	1427	2372	2738	3265	1825
LOC141461638	312	236	364	322	527	276	359	451
LOC141461637	28	44	37	36	47	47	27	31
LOC141461639	1499	1574	1783	1859	2174	1624	1493	1695
Ilp5	486	692	668	585	761	603	652	639
LOC141461651	0	0	0	1	0	0	0	0
LOC141461640	60	57	60	54	100	57	50	55
LOC141461642	674	684	807	802	832	684	700	586
Ccdc114	0	2	2	4	4	0	0	0
LOC141461641	251	319	314	311	439	320	314	333
Rip11	229	232	309	308	420	309	306	304
Jra	494	765	654	575	618	930	867	432
LOC141461649	798	814	999	955	1398	931	722	829
Arf6	1902	1910	2131	2080	3514	3052	3186	2678
LOC141461977	2920	2410	3218	2882	4312	2126	2092	2937
LOC141462175	2226	2301	2509	2074	2878	2748	2454	2145
Sec15	2884	2762	2874	2918	4504	3965	3511	3355
LOC141462180	635	661	704	600	806	810	751	589
rtet	1137	626	708	559	1075	602	1010	723
LOC141462173	1688	1610	1931	1882	2717	1815	1680	2051
LOC141462178	903	821	816	874	1140	901	862	855
Hexim	400	440	469	441	688	629	525	490
LOC141462193	262	277	288	298	398	436	315	275
beta-Man	1028	1182	1407	1357	910	1308	1275	763
LOC141462194	58	43	73	49	93	54	66	70
Rab8	1415	1327	1613	1637	3101	2723	2584	2301
LOC141462195	2775	2502	3172	2905	3722	2248	1868	2524
Vamp7	793	816	832	793	1252	957	868	899
LOC141462196	136	110	132	125	263	144	110	153
LOC141462171	1	0	2	0	0	0	0	0
LOC141462182	8	8	5	8	0	0	2	1
LOC141462209	2769	2363	3204	3058	5260	2970	2960	3720
Lrp4	4578	3197	5906	5693	8226	4343	5243	7222
LOC141462121	1	2	5	5	7	0	0	9
LOC141462118	0	1	1	0	0	1	0	0
LOC141462119	2	0	0	0	4	1	0	1
LOC141462117	42	28	32	22	51	4	7	25
Tk	5445	4400	5557	4599	8166	5003	4272	6320
LOC141462113	2121	1807	2354	2387	3008	2209	1706	1974
Kdm3	6446	5164	8405	7491	8131	5876	7408	6427
LOC141462114	797	826	920	814	1146	1136	961	902
LOC141462116	296	287	288	293	520	534	401	364
LOC141462112	1251	1133	1471	1308	2213	1854	1890	1619
LOC141462110	839	785	1018	969	1660	1171	1030	1071
LOC141462183	0	1	7	0	1	0	0	0
mor	2351	1798	2458	2402	4317	3093	3077	3308
LOC141462219	347	441	425	286	506	389	382	228
SMC3	1594	1491	1829	1626	2503	1838	1833	1741
Edem1	1131	1028	1198	1236	1793	1247	1241	1369
LOC141462214	25	27	25	14	38	17	28	18
LOC141462216	0	1	2	0	1	0	0	1
LOC141462217	0	2	2	1	1	0	0	1
RpS10b	2469	2843	2599	2244	2939	3543	3108	2544
TTLL1B	149	153	182	146	216	153	145	151
LOC141462153	94	60	105	96	128	90	92	102
mip130	162	164	194	175	232	164	230	205
Ada2a	70	72	84	69	153	128	117	86
Nup50	719	742	758	706	1272	1182	1017	1011
LOC141462150	208	171	196	189	303	223	205	212
LOC141462166	11	7	13	13	11	7	16	7
rtv	26	33	19	40	30	76	73	49
LOC141462157	431	439	521	544	764	535	607	577
LOC141462161	190	222	212	167	356	238	246	224
RhoGAP71E	1557	1245	1896	1754	2507	1360	1494	1874
LOC141462168	0	0	1	1	3	2	1	0
RpS2	22142	23900	24636	21375	35932	37866	29387	30684
gkt	381	376	384	328	514	438	376	409
Polr1D	365	413	421	350	618	540	447	445
LOC141462162	80	100	66	84	126	100	56	57
LOC141462167	0	0	0	0	0	0	0	2
LOC141462159	335	584	458	326	1	343	533	9
LOC141462158	648	1070	902	887	18	2601	2931	121
LOC141462230	4	7	1	1	0	9	3	1
LOC141462227	30	52	36	31	4	57	54	5
mRpL51	279	285	265	225	340	422	342	324
LOC141462226	617	540	749	716	973	839	728	705
LOC141462234	220	161	239	246	314	160	182	197
LOC141462243	0	2	7	3	5	1	5	2
LOC141462241	3	3	9	0	8	2	2	5
CycJ	180	176	243	176	317	98	142	204
flr	621	582	695	691	1164	1413	1476	1008
LOC141462244	14	18	15	11	10	11	8	9
LOC141462238	410	293	415	325	360	342	482	260
LOC141462240	1	0	0	0	0	0	2	0
LOC141462232	614	549	764	755	628	620	684	551
LOC141462233	800	868	961	1024	1596	1266	1417	1238
Rlip	1250	1218	1421	1384	2107	1736	1718	1504
LOC141462223	11	7	16	10	51	80	40	36
LOC141462225	981	1009	998	1014	2011	1816	1736	1602
Slu7	589	642	627	588	804	590	520	569
LOC141462252	76	78	89	60	48	31	44	27
LOC141462247	1246	962	1540	1455	1113	588	628	748
LOC141462245	1994	1642	2124	2093	3195	1973	2160	2449
LOC141462251	203	189	248	232	286	123	190	210
LOC141462248	115	113	152	134	156	77	111	136
LOC141462249	66	66	63	86	59	43	45	51
LOC141462253	14	11	19	18	13	11	11	11
LOC141462250	1137	1418	1292	1165	1064	1204	1229	688
LOC141462220	34	30	39	37	99	96	37	42
LOC141462221	190	156	246	248	349	257	302	380
LOC141462210	1	2	0	1	1	1	1	1
LOC141462222	2	3	1	1	7	6	2	2
LOC141462187	128	139	195	139	269	260	197	204
LOC141462186	0	0	0	0	0	0	0	0
wupA	2662	2650	3121	7054	914	1687	1007	1765
LOC141462189	0	2	2	0	4	8	2	0
LOC141462190	34	51	28	34	36	25	22	33
kn	349	300	359	345	512	322	326	390
LOC141462144	1	0	0	0	0	0	0	0
LOC141462143	0	1	0	2	0	0	4	0
LOC141462254	0	0	0	0	1	0	0	0
LOC141462181	0	0	0	0	0	0	0	0
LOC141462211	0	0	0	0	0	0	0	0
LOC141462146	0	0	0	0	0	0	0	0
LOC141462140	0	0	0	0	0	0	2	0
LOC141462212	0	0	0	0	2	0	0	0
LOC141462131	132	146	182	150	308	265	240	255
LOC141462125	982	914	1133	1064	1395	1179	1116	1061
MED28	127	106	158	177	231	188	227	247
LOC141462126	17	11	20	16	23	11	20	24
LOC141462135	296	858	599	490	58	100	82	65
Ir93a	367	619	578	431	545	306	307	347
LOC141462134	570	518	579	480	722	461	420	533
LOC141462129	68	98	112	103	66	80	125	94
LOC141462137	0	1	1	2	6	1	2	2
LOC141462138	47	84	76	67	76	66	72	68
LOC141462133	3	3	4	0	2	3	7	0
Iswi	6666	6421	7896	6561	5281	4165	3764	4150
LOC141462136	16	23	22	24	23	13	20	28
Nup37	130	127	137	117	186	230	169	172
mRpL23	282	292	301	247	471	485	435	346
Nadsyn	347	332	382	371	688	607	603	465
LOC141462127	35	51	59	31	106	57	67	98
LOC141462145	0	0	0	0	2	1	0	1
LOC141462139	58	32	35	54	61	21	11	12
LOC141462256	503	639	553	582	908	824	707	799
Dad1	573	496	506	462	525	736	619	442
LOC141462255	49	33	38	50	67	65	54	41
LOC141462170	4	1	4	0	0	3	1	0
LOC141462169	0	0	0	0	0	1	0	0
LOC141462206	0	0	0	0	0	0	0	0
LOC141462199	0	1	0	0	1	2	2	0
LOC141462198	0	2	3	2	2	0	2	0
LOC141462200	1	2	5	0	3	0	1	0
LOC141462207	0	0	0	0	0	0	0	0
LOC141462203	0	0	0	3	5	0	0	0
LOC141462213	4	1	5	3	8	5	5	4
LOC141462201	2	0	4	7	4	2	6	8
LOC141462205	0	1	0	0	0	0	0	0
LOC141462204	9473	383	4	2	3	1	1034	1
LOC141462142	241	11	0	0	0	0	141	0
LOC141462260	0	0	0	0	0	0	0	0
LOC141462261	0	0	0	0	0	0	0	0
LOC141462262	0	0	0	0	0	0	0	0
LOC141462279	0	0	0	0	0	0	0	0
LOC141462263	0	0	0	0	0	0	0	0
LOC141462265	0	0	0	0	0	0	0	0
LOC141462266	0	0	0	0	0	0	0	0
LOC141462268	0	0	1	0	0	1	1	3
LOC141462269	0	0	0	0	0	0	0	0
LOC141462270	0	0	0	0	2	0	0	0
LOC141462281	0	0	0	0	0	0	0	0
LOC141462271	0	0	0	1	0	0	0	0
LOC141462273	0	0	0	0	0	2	0	0
LOC141462274	9	0	1	1	2	0	2	0
LOC141462283	0	0	0	0	0	0	0	0
LOC141462282	0	0	0	0	0	0	0	0
LOC141462259	0	0	0	0	0	0	0	0
LOC141462278	0	0	0	0	0	0	0	0
LOC141462275	0	0	0	0	0	0	0	0
LOC141462276	2	0	0	1	1	0	4	3
LOC141462322	1682	1615	1772	1480	1775	1450	1260	1163
LOC141462321	0	0	0	0	0	0	0	0
LOC141462307	6	4	5	2	2	0	2	3
chn	1072	912	1147	1107	1647	851	803	1133
LOC141462324	4	14	4	15	6	11	5	3
LOC141462284	235	198	238	250	390	288	214	302
LOC141462285	955	1120	1119	1034	1602	1444	1127	1282
LOC141462323	261	174	202	382	602	393	396	383
LOC141462287	35	20	36	35	40	13	20	31
LOC141462292	2	1	0	0	0	2	0	0
sno	593	317	727	612	780	495	578	801
LOC141462290	700	597	882	847	1211	729	784	894
LOC141462291	654	488	833	787	1044	887	1249	1023
Cadps	636	402	838	821	996	601	818	1033
nolo	2508	1862	2934	2728	3954	2154	2289	3063
Ubr1	1315	1076	1705	1609	2126	1523	1696	1751
LOC141462314	173	175	176	141	314	301	276	210
LOC141462328	125	115	162	67	60	142	145	41
LOC141462327	1114	1270	1270	956	1183	1276	1149	850
yl	3	4	6	5	0	2	1	6
LOC141462308	2	6	7	5	5	4	5	8
LOC141462299	2499	1911	3388	3625	4235	3022	3951	3882
MFS16	1249	1227	1350	1239	1773	1353	1198	1205
LOC141462318	1005	1285	1210	1190	1988	2265	2364	1542
LOC141462288	185	228	416	268	242	183	130	160
Gnpat	421	520	480	500	802	600	618	650
pxb	1737	1742	2069	1863	3458	2578	2383	2596
LOC141462301	1231	970	1435	1334	2175	1109	1269	1611
LOC141462300	880	770	1030	992	1424	1028	1120	1042
LOC141462303	223	259	256	232	360	359	288	248
LOC141462302	377	594	869	607	288	520	325	205
LOC141462304	2932	2519	3451	2899	3468	2537	2499	2602
LOC141462306	383	371	375	288	237	259	227	187
FBXO11	1590	1191	2019	1828	2235	1531	2153	2031
InR	1800	1319	2199	2074	2223	1394	1536	1593
LOC141462311	734	658	823	806	1389	986	1035	1006
LOC141462298	618	594	576	461	509	434	446	351
LOC141462297	73	115	110	104	258	158	113	174
kibra	2241	2070	2833	2515	3133	2514	2621	2498
Hcf	3367	2661	3849	3376	4316	3210	3297	3351
LOC141462295	2667	5744	6890	3044	528	3125	2921	1080
LOC141462296	688	687	667	695	1110	986	926	877
Syt7	6039	4933	6605	6234	9460	5104	5417	7028
LOC141462336	12	45	81	30	16	83	82	28
LOC141462332	5	7	7	5	1	5	4	1
Ir8a	95	67	102	43	31	96	143	17
LOC141462333	0	0	0	0	0	0	0	0
Sec24CD	1553	1619	1960	1849	2389	3260	3802	2098
LOC141462335	219	184	222	220	464	256	227	292
LOC141462330	8	8	18	3	7	15	14	18
LOC141462341	13	10	21	18	12	8	12	21
LOC141462340	598	488	624	499	1009	549	423	736
LOC141462339	2	2	4	1	1	0	1	0
LOC141462344	1	0	1	0	1	0	0	1
LOC141462345	0	0	0	0	0	0	0	0
LOC141462346	0	0	0	0	0	1	0	1
LOC141462343	0	0	0	0	0	0	0	0
LOC141462347	0	0	0	0	0	0	0	0
LOC141462349	0	0	0	0	0	0	0	0
LOC141462351	0	0	0	0	0	0	0	0
LOC141462350	0	0	0	0	0	0	0	0
lilli	65	39	91	91	71	34	50	62
ClpP	388	412	380	397	487	598	545	401
Rab35	631	625	839	898	1392	1180	1312	1127
Ube2g1	200	168	199	263	396	276	404	342
